status,content_class,sitemap,source_url,resolved_url,canonical_url,wordpress_id,last_modified,title,text_chars,headings,images,embeds,downloads,internal_links,external_links,warnings,error
200,taxonomy_archive,author-sitemap,https://www.ccf.org.ph/author/administrator/,https://www.ccf.org.ph/author/administrator/,https://www.ccf.org.ph/author/administrator/,,2025-07-29T07:59:30+00:00,"Christ's Commission Fellowship, Author at Christ's Commission Fellowship",3662,10,10,0,0,14,0,,
200,taxonomy_archive,category-sitemap,https://www.ccf.org.ph/category/blog/,https://www.ccf.org.ph/category/blog/,https://www.ccf.org.ph/category/blog/,,2026-05-23T09:17:06+00:00,Blog Archives - Christ's Commission Fellowship,3662,10,10,0,0,14,0,,
200,page,link-discovery,https://www.ccf.org.ph/4ws-god-is-forgiving-choose-forgiveness,https://www.ccf.org.ph/4ws-god-is-forgiving-choose-forgiveness/,https://www.ccf.org.ph/4ws-god-is-forgiving-choose-forgiveness/,38679,,4Ws God is Forgiving: Choose Forgiveness - Christ's Commission Fellowship,8452,0,11,0,0,1,0,,
200,page,link-discovery,https://www.ccf.org.ph/4ws-god-is-forgiving-choose-forgiveness-goviral-edition,https://www.ccf.org.ph/4ws-god-is-forgiving-choose-forgiveness-goviral-edition/,https://www.ccf.org.ph/4ws-god-is-forgiving-choose-forgiveness-goviral-edition/,38688,,4Ws God is Forgiving: Choose Forgiveness (GoViral Edition) - Christ's Commission Fellowship,3621,0,10,0,0,1,0,,
200,page,link-discovery,https://www.ccf.org.ph/accept-jesus,https://www.ccf.org.ph/accept-jesus/,https://www.ccf.org.ph/accept-jesus/,18326,,Button Response - Accept Jesus - Christ's Commission Fellowship,77,1,0,0,0,0,0,,
200,page,link-discovery,https://www.ccf.org.ph/articles/page/1/,https://www.ccf.org.ph/articles/,https://www.ccf.org.ph/articles/,11954,,Articles - Christ's Commission Fellowship,2401,8,11,0,0,12,0,,
200,page,link-discovery,https://www.ccf.org.ph/articles/page/2/,https://www.ccf.org.ph/articles/page/2/,https://www.ccf.org.ph/articles/,11954,,Articles - Christ's Commission Fellowship,2400,8,11,0,0,12,0,,
200,page,link-discovery,https://www.ccf.org.ph/articles/page/3/,https://www.ccf.org.ph/articles/page/3/,https://www.ccf.org.ph/articles/,11954,,Articles - Christ's Commission Fellowship,2338,8,11,0,0,12,0,,
200,page,link-discovery,https://www.ccf.org.ph/articles/page/4/,https://www.ccf.org.ph/articles/page/4/,https://www.ccf.org.ph/articles/,11954,,Articles - Christ's Commission Fellowship,1655,8,3,0,0,4,0,,
200,taxonomy_archive,link-discovery,https://www.ccf.org.ph/author/4ws-content-editor/,https://www.ccf.org.ph/author/4ws-content-editor/,,,,"4Ws Content Editor, Author at Christ's Commission Fellowship",20,0,0,0,0,0,0,canonical_missing,
200,taxonomy_archive,link-discovery,https://www.ccf.org.ph/author/admin/,https://www.ccf.org.ph/author/admin/,,,,"admin, Author at Christ's Commission Fellowship",20,0,0,0,0,0,0,canonical_missing,
200,taxonomy_archive,link-discovery,https://www.ccf.org.ph/author/administrator/page/2/,https://www.ccf.org.ph/author/administrator/page/2/,https://www.ccf.org.ph/author/administrator/page/2/,,,"Christ's Commission Fellowship, Author at Christ's Commission Fellowship - Page 2 of 3",3704,10,10,0,0,13,0,,
200,taxonomy_archive,link-discovery,https://www.ccf.org.ph/author/administrator/page/3/,https://www.ccf.org.ph/author/administrator/page/3/,https://www.ccf.org.ph/author/administrator/page/3/,,,"Christ's Commission Fellowship, Author at Christ's Commission Fellowship - Page 3 of 3",2897,8,8,0,0,12,0,,
200,taxonomy_archive,link-discovery,https://www.ccf.org.ph/author/daniel-cabero/,https://www.ccf.org.ph/author/daniel-cabero/,,,,"Daniel Asher Cabero, Author at Christ's Commission Fellowship",20,0,0,0,0,0,0,canonical_missing,
200,taxonomy_archive,link-discovery,https://www.ccf.org.ph/author/janet-macabontoc/,https://www.ccf.org.ph/author/janet-macabontoc/,,,,"Janet Macabontoc, Author at Christ's Commission Fellowship",20,0,0,0,0,0,0,canonical_missing,
200,taxonomy_archive,link-discovery,https://www.ccf.org.ph/author/ricky-jano/,https://www.ccf.org.ph/author/ricky-jano/,,,,"Ricky John Jano, Author at Christ's Commission Fellowship",20,0,0,0,0,0,0,canonical_missing,
200,page,link-discovery,https://www.ccf.org.ph/be-prayed-for,https://www.ccf.org.ph/be-prayed-for/,https://www.ccf.org.ph/be-prayed-for/,18338,,Button Response - Be prayed for - Christ's Commission Fellowship,77,1,0,0,0,0,0,,
200,page,link-discovery,https://www.ccf.org.ph/beyond/stories-and-articles,https://www.ccfbeyond.org/,https://www.ccfbeyond.org/,,,CCF Beyond (Discipling the Nations),1662,8,10,0,0,0,10,,
200,page,link-discovery,https://www.ccf.org.ph/bulletin/position-on-healing,https://www.ccf.org.ph/our-position/position-on-healing/,https://www.ccf.org.ph/our-position/position-on-healing/,22886,,Position on Healing - Christ's Commission Fellowship,41549,7,0,0,0,0,0,,
200,page,link-discovery,https://www.ccf.org.ph/bulletin/position-on-theological-systems,https://www.ccf.org.ph/our-position/position-on-theological-systems/,https://www.ccf.org.ph/our-position/position-on-theological-systems/,23136,,position on theological systems - Christ's Commission Fellowship,38170,41,1,0,0,0,0,,
200,page,link-discovery,https://www.ccf.org.ph/bulletin/sogie-bill/,https://www.ccf.org.ph/our-position/sogie-bill/,https://www.ccf.org.ph/our-position/sogie-bill/,15750,,position on sogie bill and lgbtq - Christ's Commission Fellowship,3499,1,0,0,0,0,0,,
200,page,link-discovery,https://www.ccf.org.ph/button-response-first-time-guest,https://www.ccf.org.ph/button-response-first-time-guest/,https://www.ccf.org.ph/button-response-first-time-guest/,22845,,Button Response - First Time Guest - Christ's Commission Fellowship,89,1,0,0,0,0,0,,
200,page,link-discovery,https://www.ccf.org.ph/careers,https://www.ccf.org.ph/careers/,https://www.ccf.org.ph/careers/,18665,,Careers - Christ's Commission Fellowship,32728,1,1,0,0,0,0,,
200,taxonomy_archive,link-discovery,https://www.ccf.org.ph/category/blog/page/2/,https://www.ccf.org.ph/category/blog/page/2/,https://www.ccf.org.ph/category/blog/page/2/,,,Blog Archives - Page 2 of 3 - Christ's Commission Fellowship,3704,10,10,0,0,13,0,,
200,taxonomy_archive,link-discovery,https://www.ccf.org.ph/category/blog/page/3/,https://www.ccf.org.ph/category/blog/page/3/,https://www.ccf.org.ph/category/blog/page/3/,,,Blog Archives - Page 3 of 3 - Christ's Commission Fellowship,2897,8,8,0,0,12,0,,
404,page,link-discovery,https://www.ccf.org.ph/commitment-card/,https://www.ccf.org.ph/commitment-card/,,,,Page not found - Christ's Commission Fellowship,251,1,0,0,0,1,0,http_404,
0,unknown,link-discovery,https://www.ccf.org.ph/discipleship-journey,,,,,,0,0,0,0,0,0,0,fetch_failed; http_0,TooManyRedirects: Exceeded 30 redirects.
404,page,link-discovery,https://www.ccf.org.ph/discipleship-journey-2024/,https://www.ccf.org.ph/discipleship-journey-2024/,,,,Page not found - Christ's Commission Fellowship,251,1,0,0,0,1,0,http_404,
404,page,link-discovery,https://www.ccf.org.ph/discipleship-journey-faqs/,https://www.ccf.org.ph/discipleship-journey-faqs/,,,,Page not found - Christ's Commission Fellowship,251,1,0,0,0,1,0,http_404,
404,page,link-discovery,https://www.ccf.org.ph/discipleship-journey-test/,https://www.ccf.org.ph/discipleship-journey-test/,,,,Page not found - Christ's Commission Fellowship,251,1,0,0,0,1,0,http_404,
200,page,link-discovery,https://www.ccf.org.ph/discipleshipgroup/,https://www.ccf.org.ph/dgroup/,https://www.ccf.org.ph/dgroup/,18539,,Dgroup - Christ's Commission Fellowship,1662,7,2,0,0,0,1,,
200,page,link-discovery,https://www.ccf.org.ph/dleaders-corner/faqs,https://www.ccf.org.ph/dleaders-corner/faqs/,https://www.ccf.org.ph/dleaders-corner/faqs/,23335,,Dleaders FAQs - Christ's Commission Fellowship,24224,70,2,0,0,1,3,,
200,page,link-discovery,https://www.ccf.org.ph/give,https://give-form.ccf.org.ph/,,,,"CCF Give - Give via Bank, Bills Payment, Debit, or Credit Card",0,0,0,0,0,0,0,server_html_empty; canonical_missing; client_rendered_giving_handoff; see giving-dynamic.json,
200,page,link-discovery,https://www.ccf.org.ph/give-transaction-response,https://www.ccf.org.ph/give-transaction-response/,https://www.ccf.org.ph/give-transaction-response/,23926,,Give Transaction Response - Christ's Commission Fellowship,480,0,1,0,0,2,0,,
200,page,link-discovery,https://www.ccf.org.ph/know-more-about-jesus,https://www.ccf.org.ph/know-more-about-jesus/,https://www.ccf.org.ph/know-more-about-jesus/,17475,,Button Response - Know More About Jesus - Christ's Commission Fellowship,78,1,0,0,0,0,0,,
200,page,link-discovery,https://www.ccf.org.ph/live/broadcast-channels,https://www.ccf.org.ph/live/broadcast-channels/,https://www.ccf.org.ph/live/broadcast-channels/,25460,,Broadcast Channels - Christ's Commission Fellowship,1154,0,5,0,0,0,5,,
200,taxonomy_archive,link-discovery,https://www.ccf.org.ph/location-categories/ae/page/2/,https://www.ccf.org.ph/location-categories/ae/page/2/,https://www.ccf.org.ph/location-categories/ae/page/2/,102,,UAE_ Archives - Page 2 of 2 - Christ's Commission Fellowship,407,5,0,0,0,8,0,,
200,taxonomy_archive,link-discovery,https://www.ccf.org.ph/location-categories/ca/page/2/,https://www.ccf.org.ph/location-categories/ca/page/2/,https://www.ccf.org.ph/location-categories/ca/page/2/,98,,Canada_ Archives - Page 2 of 2 - Christ's Commission Fellowship,106,1,0,0,0,4,0,,
200,taxonomy_archive,link-discovery,https://www.ccf.org.ph/location-categories/ph-luzon/page/2/,https://www.ccf.org.ph/location-categories/ph-luzon/page/2/,https://www.ccf.org.ph/location-categories/ph-luzon/page/2/,91,,Philippines_Luzon Archives - Page 2 of 4 - Christ's Commission Fellowship,329,10,0,0,0,14,0,,
200,taxonomy_archive,link-discovery,https://www.ccf.org.ph/location-categories/ph-luzon/page/3/,https://www.ccf.org.ph/location-categories/ph-luzon/page/3/,https://www.ccf.org.ph/location-categories/ph-luzon/page/3/,91,,Philippines_Luzon Archives - Page 3 of 4 - Christ's Commission Fellowship,315,10,0,0,0,14,0,,
200,taxonomy_archive,link-discovery,https://www.ccf.org.ph/location-categories/ph-luzon/page/4/,https://www.ccf.org.ph/location-categories/ph-luzon/page/4/,https://www.ccf.org.ph/location-categories/ph-luzon/page/4/,91,,Philippines_Luzon Archives - Page 4 of 4 - Christ's Commission Fellowship,267,8,0,0,0,13,0,,
200,taxonomy_archive,link-discovery,https://www.ccf.org.ph/location-categories/ph-metromanila/page/2/,https://www.ccf.org.ph/location-categories/ph-metromanila/page/2/,https://www.ccf.org.ph/location-categories/ph-metromanila/page/2/,90,,Philippines_MetroManila Archives - Page 2 of 3 - Christ's Commission Fellowship,418,10,0,0,0,13,0,,
200,taxonomy_archive,link-discovery,https://www.ccf.org.ph/location-categories/ph-metromanila/page/3/,https://www.ccf.org.ph/location-categories/ph-metromanila/page/3/,https://www.ccf.org.ph/location-categories/ph-metromanila/page/3/,90,,Philippines_MetroManila Archives - Page 3 of 3 - Christ's Commission Fellowship,107,1,0,0,0,5,0,,
200,taxonomy_archive,link-discovery,https://www.ccf.org.ph/location-categories/ph-mindanao/page/2/,https://www.ccf.org.ph/location-categories/ph-mindanao/page/2/,https://www.ccf.org.ph/location-categories/ph-mindanao/page/2/,92,,Philippines_Mindanao Archives - Page 2 of 2 - Christ's Commission Fellowship,201,2,0,0,0,5,0,,
200,taxonomy_archive,link-discovery,https://www.ccf.org.ph/location-categories/us/page/2/,https://www.ccf.org.ph/location-categories/us/page/2/,https://www.ccf.org.ph/location-categories/us/page/2/,103,,USA_ Archives - Page 2 of 2 - Christ's Commission Fellowship,102,1,0,0,0,4,0,,
200,taxonomy_archive,link-discovery,https://www.ccf.org.ph/message-category/afternoon/page/10/,https://www.ccf.org.ph/message-category/afternoon/page/10/,https://www.ccf.org.ph/message-category/afternoon/page/10/,57,,Afternoon Archives - Page 10 of 13 - Christ's Commission Fellowship,1766,10,10,0,0,23,0,,
200,taxonomy_archive,link-discovery,https://www.ccf.org.ph/message-category/afternoon/page/11/,https://www.ccf.org.ph/message-category/afternoon/page/11/,https://www.ccf.org.ph/message-category/afternoon/page/11/,57,,Afternoon Archives - Page 11 of 13 - Christ's Commission Fellowship,1961,10,10,0,0,23,0,,
200,taxonomy_archive,link-discovery,https://www.ccf.org.ph/message-category/afternoon/page/12/,https://www.ccf.org.ph/message-category/afternoon/page/12/,https://www.ccf.org.ph/message-category/afternoon/page/12/,57,,Afternoon Archives - Page 12 of 13 - Christ's Commission Fellowship,2143,10,9,0,0,23,0,,
200,taxonomy_archive,link-discovery,https://www.ccf.org.ph/message-category/afternoon/page/13/,https://www.ccf.org.ph/message-category/afternoon/page/13/,https://www.ccf.org.ph/message-category/afternoon/page/13/,57,,Afternoon Archives - Page 13 of 13 - Christ's Commission Fellowship,2464,8,8,0,0,22,0,,
200,taxonomy_archive,link-discovery,https://www.ccf.org.ph/message-category/afternoon/page/2/,https://www.ccf.org.ph/message-category/afternoon/page/2/,https://www.ccf.org.ph/message-category/afternoon/page/2/,57,,Afternoon Archives - Page 2 of 13 - Christ's Commission Fellowship,2752,10,9,0,0,23,0,,
200,taxonomy_archive,link-discovery,https://www.ccf.org.ph/message-category/afternoon/page/3/,https://www.ccf.org.ph/message-category/afternoon/page/3/,https://www.ccf.org.ph/message-category/afternoon/page/3/,57,,Afternoon Archives - Page 3 of 13 - Christ's Commission Fellowship,2589,10,10,0,0,23,0,,
200,taxonomy_archive,link-discovery,https://www.ccf.org.ph/message-category/afternoon/page/4/,https://www.ccf.org.ph/message-category/afternoon/page/4/,https://www.ccf.org.ph/message-category/afternoon/page/4/,57,,Afternoon Archives - Page 4 of 13 - Christ's Commission Fellowship,1574,10,10,0,0,23,0,,
200,taxonomy_archive,link-discovery,https://www.ccf.org.ph/message-category/afternoon/page/5/,https://www.ccf.org.ph/message-category/afternoon/page/5/,https://www.ccf.org.ph/message-category/afternoon/page/5/,57,,Afternoon Archives - Page 5 of 13 - Christ's Commission Fellowship,482,10,10,0,0,23,0,,
200,taxonomy_archive,link-discovery,https://www.ccf.org.ph/message-category/afternoon/page/6/,https://www.ccf.org.ph/message-category/afternoon/page/6/,https://www.ccf.org.ph/message-category/afternoon/page/6/,57,,Afternoon Archives - Page 6 of 13 - Christ's Commission Fellowship,478,10,10,0,0,23,0,,
200,taxonomy_archive,link-discovery,https://www.ccf.org.ph/message-category/afternoon/page/7/,https://www.ccf.org.ph/message-category/afternoon/page/7/,https://www.ccf.org.ph/message-category/afternoon/page/7/,57,,Afternoon Archives - Page 7 of 13 - Christ's Commission Fellowship,527,10,10,0,0,23,0,,
200,taxonomy_archive,link-discovery,https://www.ccf.org.ph/message-category/afternoon/page/8/,https://www.ccf.org.ph/message-category/afternoon/page/8/,https://www.ccf.org.ph/message-category/afternoon/page/8/,57,,Afternoon Archives - Page 8 of 13 - Christ's Commission Fellowship,742,10,10,0,0,23,0,,
200,taxonomy_archive,link-discovery,https://www.ccf.org.ph/message-category/afternoon/page/9/,https://www.ccf.org.ph/message-category/afternoon/page/9/,https://www.ccf.org.ph/message-category/afternoon/page/9/,57,,Afternoon Archives - Page 9 of 13 - Christ's Commission Fellowship,2160,10,10,0,0,23,0,,
200,taxonomy_archive,link-discovery,https://www.ccf.org.ph/message-category/be-rooted/page/2/,https://www.ccf.org.ph/message-category/be-rooted/page/2/,https://www.ccf.org.ph/message-category/be-rooted/page/2/,226,,Be Rooted Archives - Page 2 of 2 - Christ's Commission Fellowship,259,2,2,0,0,5,0,,
200,taxonomy_archive,link-discovery,https://www.ccf.org.ph/message-category/changemakers/page/2/,https://www.ccf.org.ph/message-category/changemakers/page/2/,https://www.ccf.org.ph/message-category/changemakers/page/2/,293,,Changemakers Archives - Page 2 of 2 - Christ's Commission Fellowship,1481,4,4,0,0,7,0,,
200,taxonomy_archive,link-discovery,https://www.ccf.org.ph/message-category/christ-is-supreme/page/2/,https://www.ccf.org.ph/message-category/christ-is-supreme/page/2/,https://www.ccf.org.ph/message-category/christ-is-supreme/page/2/,116,,Christ is Supreme Archives - Page 2 of 3 - Christ's Commission Fellowship,760,10,7,0,0,13,0,,
200,taxonomy_archive,link-discovery,https://www.ccf.org.ph/message-category/christ-is-supreme/page/3/,https://www.ccf.org.ph/message-category/christ-is-supreme/page/3/,https://www.ccf.org.ph/message-category/christ-is-supreme/page/3/,116,,Christ is Supreme Archives - Page 3 of 3 - Christ's Commission Fellowship,1039,5,3,0,0,9,0,,
200,taxonomy_archive,link-discovery,https://www.ccf.org.ph/message-category/end-game/page/2/,https://www.ccf.org.ph/message-category/end-game/page/2/,https://www.ccf.org.ph/message-category/end-game/page/2/,266,,End Game Archives - Page 2 of 2 - Christ's Commission Fellowship,626,2,2,0,0,5,0,,
200,taxonomy_archive,link-discovery,https://www.ccf.org.ph/message-category/extraordinary/page/2/,https://www.ccf.org.ph/message-category/extraordinary/page/2/,https://www.ccf.org.ph/message-category/extraordinary/page/2/,143,,Extraordinary Archives - Page 2 of 2 - Christ's Commission Fellowship,1509,9,5,0,0,12,0,,
200,taxonomy_archive,link-discovery,https://www.ccf.org.ph/message-category/jesus-unboxed/page/2/,https://www.ccf.org.ph/message-category/jesus-unboxed/page/2/,https://www.ccf.org.ph/message-category/jesus-unboxed/page/2/,56,,Jesus Unboxed Archives - Page 2 of 3 - Christ's Commission Fellowship,2972,10,10,0,0,13,0,,
200,taxonomy_archive,link-discovery,https://www.ccf.org.ph/message-category/jesus-unboxed/page/3/,https://www.ccf.org.ph/message-category/jesus-unboxed/page/3/,https://www.ccf.org.ph/message-category/jesus-unboxed/page/3/,56,,Jesus Unboxed Archives - Page 3 of 3 - Christ's Commission Fellowship,1889,7,7,0,0,11,0,,
200,taxonomy_archive,link-discovery,https://www.ccf.org.ph/message-category/legit/page/2/,https://www.ccf.org.ph/message-category/legit/page/2/,https://www.ccf.org.ph/message-category/legit/page/2/,129,,Legit Archives - Page 2 of 5 - Christ's Commission Fellowship,1357,10,7,0,0,15,0,,
200,taxonomy_archive,link-discovery,https://www.ccf.org.ph/message-category/legit/page/3/,https://www.ccf.org.ph/message-category/legit/page/3/,https://www.ccf.org.ph/message-category/legit/page/3/,129,,Legit Archives - Page 3 of 5 - Christ's Commission Fellowship,407,10,8,0,0,15,0,,
200,taxonomy_archive,link-discovery,https://www.ccf.org.ph/message-category/legit/page/4/,https://www.ccf.org.ph/message-category/legit/page/4/,https://www.ccf.org.ph/message-category/legit/page/4/,129,,Legit Archives - Page 4 of 5 - Christ's Commission Fellowship,315,10,7,0,0,15,0,,
200,taxonomy_archive,link-discovery,https://www.ccf.org.ph/message-category/legit/page/5/,https://www.ccf.org.ph/message-category/legit/page/5/,https://www.ccf.org.ph/message-category/legit/page/5/,129,,Legit Archives - Page 5 of 5 - Christ's Commission Fellowship,187,3,2,0,0,9,0,,
200,taxonomy_archive,link-discovery,https://www.ccf.org.ph/message-category/life-detox/page/2/,https://www.ccf.org.ph/message-category/life-detox/page/2/,https://www.ccf.org.ph/message-category/life-detox/page/2/,352,,Life Detox Archives - Page 2 of 2 - Christ's Commission Fellowship,2069,6,6,0,0,9,0,,
200,taxonomy_archive,link-discovery,https://www.ccf.org.ph/message-category/lifegoals/page/2/,https://www.ccf.org.ph/message-category/lifegoals/page/2/,https://www.ccf.org.ph/message-category/lifegoals/page/2/,124,,#Lifegoals Archives - Page 2 of 2 - Christ's Commission Fellowship,133,2,2,0,0,5,0,,
200,taxonomy_archive,link-discovery,https://www.ccf.org.ph/message-category/living-the-full-life/page/2/,https://www.ccf.org.ph/message-category/living-the-full-life/page/2/,https://www.ccf.org.ph/message-category/living-the-full-life/page/2/,305,,Living The Full Life Archives - Page 2 of 2 - Christ's Commission Fellowship,1390,4,4,0,0,7,0,,
200,taxonomy_archive,link-discovery,https://www.ccf.org.ph/message-category/love-joy/page/2/,https://www.ccf.org.ph/message-category/love-joy/page/2/,https://www.ccf.org.ph/message-category/love-joy/page/2/,516,,Love & Joy Archives - Page 2 of 2 - Christ's Commission Fellowship,673,2,2,0,0,5,0,,
200,taxonomy_archive,link-discovery,https://www.ccf.org.ph/message-category/love-rediscovered/page/2/,https://www.ccf.org.ph/message-category/love-rediscovered/page/2/,https://www.ccf.org.ph/message-category/love-rediscovered/page/2/,431,,Love: Rediscovered Archives - Page 2 of 2 - Christ's Commission Fellowship,2194,6,3,0,0,9,0,,
200,taxonomy_archive,link-discovery,https://www.ccf.org.ph/message-category/make-your-life-count/page/2/,https://www.ccf.org.ph/message-category/make-your-life-count/page/2/,https://www.ccf.org.ph/message-category/make-your-life-count/page/2/,283,,Make Your Life Count Archives - Page 2 of 2 - Christ's Commission Fellowship,1168,2,2,0,0,5,0,,
200,taxonomy_archive,link-discovery,https://www.ccf.org.ph/message-category/miscellaneous/page/2/,https://www.ccf.org.ph/message-category/miscellaneous/page/2/,https://www.ccf.org.ph/message-category/miscellaneous/page/2/,80,,Miscellaneous Archives - Page 2 of 2 - Christ's Commission Fellowship,897,5,5,0,0,8,0,,
200,taxonomy_archive,link-discovery,https://www.ccf.org.ph/message-category/motivate/page/2/,https://www.ccf.org.ph/message-category/motivate/page/2/,https://www.ccf.org.ph/message-category/motivate/page/2/,212,,Motivate Archives - Page 2 of 2 - Christ's Commission Fellowship,1348,10,10,0,0,13,0,,
200,taxonomy_archive,link-discovery,https://www.ccf.org.ph/message-category/no-other-gospel-galatians/page/2/,https://www.ccf.org.ph/message-category/no-other-gospel-galatians/page/2/,https://www.ccf.org.ph/message-category/no-other-gospel-galatians/page/2/,574,,No Other Gospel (Galatians) Archives - Page 2 of 2 - Christ's Commission Fellowship,619,1,1,0,0,4,0,,
200,taxonomy_archive,link-discovery,https://www.ccf.org.ph/message-category/no-regrets/page/2/,https://www.ccf.org.ph/message-category/no-regrets/page/2/,https://www.ccf.org.ph/message-category/no-regrets/page/2/,242,,No Regrets Archives - Page 2 of 2 - Christ's Commission Fellowship,328,2,2,0,0,5,0,,
200,taxonomy_archive,link-discovery,https://www.ccf.org.ph/message-category/radical-love/page/2/,https://www.ccf.org.ph/message-category/radical-love/page/2/,https://www.ccf.org.ph/message-category/radical-love/page/2/,83,,Radical Love Archives - Page 2 of 3 - Christ's Commission Fellowship,2529,10,9,0,0,13,0,,
200,taxonomy_archive,link-discovery,https://www.ccf.org.ph/message-category/radical-love/page/3/,https://www.ccf.org.ph/message-category/radical-love/page/3/,https://www.ccf.org.ph/message-category/radical-love/page/3/,83,,Radical Love Archives - Page 3 of 3 - Christ's Commission Fellowship,2507,10,9,0,0,14,0,,
200,taxonomy_archive,link-discovery,https://www.ccf.org.ph/message-category/real-faith/page/2/,https://www.ccf.org.ph/message-category/real-faith/page/2/,https://www.ccf.org.ph/message-category/real-faith/page/2/,590,,Real Faith Archives - Page 2 of 2 - Christ's Commission Fellowship,4499,8,8,0,0,11,0,,
200,taxonomy_archive,link-discovery,https://www.ccf.org.ph/message-category/real-people-real-impact/page/2/,https://www.ccf.org.ph/message-category/real-people-real-impact/page/2/,https://www.ccf.org.ph/message-category/real-people-real-impact/page/2/,523,,Real People Real Impact Archives - Page 2 of 2 - Christ's Commission Fellowship,701,2,2,0,0,5,0,,
200,taxonomy_archive,link-discovery,https://www.ccf.org.ph/message-category/runthrough/page/10/,https://www.ccf.org.ph/message-category/runthrough/page/10/,https://www.ccf.org.ph/message-category/runthrough/page/10/,249,,Runthrough Archives - Page 10 of 44 - Christ's Commission Fellowship,5384,10,10,0,0,54,0,,
200,taxonomy_archive,link-discovery,https://www.ccf.org.ph/message-category/runthrough/page/11/,https://www.ccf.org.ph/message-category/runthrough/page/11/,https://www.ccf.org.ph/message-category/runthrough/page/11/,249,,Runthrough Archives - Page 11 of 44 - Christ's Commission Fellowship,5320,10,10,0,0,54,0,,
200,taxonomy_archive,link-discovery,https://www.ccf.org.ph/message-category/runthrough/page/12/,https://www.ccf.org.ph/message-category/runthrough/page/12/,https://www.ccf.org.ph/message-category/runthrough/page/12/,249,,Runthrough Archives - Page 12 of 44 - Christ's Commission Fellowship,5513,10,10,0,0,54,0,,
200,taxonomy_archive,link-discovery,https://www.ccf.org.ph/message-category/runthrough/page/13/,https://www.ccf.org.ph/message-category/runthrough/page/13/,https://www.ccf.org.ph/message-category/runthrough/page/13/,249,,Runthrough Archives - Page 13 of 44 - Christ's Commission Fellowship,5524,10,10,0,0,54,0,,
200,taxonomy_archive,link-discovery,https://www.ccf.org.ph/message-category/runthrough/page/14/,https://www.ccf.org.ph/message-category/runthrough/page/14/,https://www.ccf.org.ph/message-category/runthrough/page/14/,249,,Runthrough Archives - Page 14 of 44 - Christ's Commission Fellowship,5554,10,10,0,0,55,0,,
200,taxonomy_archive,link-discovery,https://www.ccf.org.ph/message-category/runthrough/page/15/,https://www.ccf.org.ph/message-category/runthrough/page/15/,https://www.ccf.org.ph/message-category/runthrough/page/15/,249,,Runthrough Archives - Page 15 of 44 - Christ's Commission Fellowship,5454,10,10,0,0,54,0,,
200,taxonomy_archive,link-discovery,https://www.ccf.org.ph/message-category/runthrough/page/16/,https://www.ccf.org.ph/message-category/runthrough/page/16/,https://www.ccf.org.ph/message-category/runthrough/page/16/,249,,Runthrough Archives - Page 16 of 44 - Christ's Commission Fellowship,5483,10,10,0,0,54,0,,
200,taxonomy_archive,link-discovery,https://www.ccf.org.ph/message-category/runthrough/page/17/,https://www.ccf.org.ph/message-category/runthrough/page/17/,https://www.ccf.org.ph/message-category/runthrough/page/17/,249,,Runthrough Archives - Page 17 of 44 - Christ's Commission Fellowship,5316,10,10,0,0,54,0,,
200,taxonomy_archive,link-discovery,https://www.ccf.org.ph/message-category/runthrough/page/18/,https://www.ccf.org.ph/message-category/runthrough/page/18/,https://www.ccf.org.ph/message-category/runthrough/page/18/,249,,Runthrough Archives - Page 18 of 44 - Christ's Commission Fellowship,4912,10,10,0,0,54,0,,
200,taxonomy_archive,link-discovery,https://www.ccf.org.ph/message-category/runthrough/page/19/,https://www.ccf.org.ph/message-category/runthrough/page/19/,https://www.ccf.org.ph/message-category/runthrough/page/19/,249,,Runthrough Archives - Page 19 of 44 - Christ's Commission Fellowship,4836,10,10,0,0,54,0,,
200,taxonomy_archive,link-discovery,https://www.ccf.org.ph/message-category/runthrough/page/2/,https://www.ccf.org.ph/message-category/runthrough/page/2/,https://www.ccf.org.ph/message-category/runthrough/page/2/,249,,Runthrough Archives - Page 2 of 44 - Christ's Commission Fellowship,5899,10,10,0,0,54,0,,
200,taxonomy_archive,link-discovery,https://www.ccf.org.ph/message-category/runthrough/page/20/,https://www.ccf.org.ph/message-category/runthrough/page/20/,https://www.ccf.org.ph/message-category/runthrough/page/20/,249,,Runthrough Archives - Page 20 of 44 - Christ's Commission Fellowship,4993,10,10,0,0,54,0,,
200,taxonomy_archive,link-discovery,https://www.ccf.org.ph/message-category/runthrough/page/21/,https://www.ccf.org.ph/message-category/runthrough/page/21/,https://www.ccf.org.ph/message-category/runthrough/page/21/,249,,Runthrough Archives - Page 21 of 44 - Christ's Commission Fellowship,4894,10,10,0,0,54,0,,
200,taxonomy_archive,link-discovery,https://www.ccf.org.ph/message-category/runthrough/page/22/,https://www.ccf.org.ph/message-category/runthrough/page/22/,https://www.ccf.org.ph/message-category/runthrough/page/22/,249,,Runthrough Archives - Page 22 of 44 - Christ's Commission Fellowship,4963,10,10,0,0,54,0,,
200,taxonomy_archive,link-discovery,https://www.ccf.org.ph/message-category/runthrough/page/23/,https://www.ccf.org.ph/message-category/runthrough/page/23/,https://www.ccf.org.ph/message-category/runthrough/page/23/,249,,Runthrough Archives - Page 23 of 44 - Christ's Commission Fellowship,4816,10,10,0,0,54,0,,
200,taxonomy_archive,link-discovery,https://www.ccf.org.ph/message-category/runthrough/page/24/,https://www.ccf.org.ph/message-category/runthrough/page/24/,https://www.ccf.org.ph/message-category/runthrough/page/24/,249,,Runthrough Archives - Page 24 of 44 - Christ's Commission Fellowship,5218,10,10,0,0,55,0,,
200,taxonomy_archive,link-discovery,https://www.ccf.org.ph/message-category/runthrough/page/25/,https://www.ccf.org.ph/message-category/runthrough/page/25/,https://www.ccf.org.ph/message-category/runthrough/page/25/,249,,Runthrough Archives - Page 25 of 44 - Christ's Commission Fellowship,5038,10,10,0,0,55,0,,
200,taxonomy_archive,link-discovery,https://www.ccf.org.ph/message-category/runthrough/page/26/,https://www.ccf.org.ph/message-category/runthrough/page/26/,https://www.ccf.org.ph/message-category/runthrough/page/26/,249,,Runthrough Archives - Page 26 of 44 - Christ's Commission Fellowship,4988,10,10,0,0,54,0,,
200,taxonomy_archive,link-discovery,https://www.ccf.org.ph/message-category/runthrough/page/27/,https://www.ccf.org.ph/message-category/runthrough/page/27/,https://www.ccf.org.ph/message-category/runthrough/page/27/,249,,Runthrough Archives - Page 27 of 44 - Christ's Commission Fellowship,5082,10,10,0,0,54,0,,
200,taxonomy_archive,link-discovery,https://www.ccf.org.ph/message-category/runthrough/page/28/,https://www.ccf.org.ph/message-category/runthrough/page/28/,https://www.ccf.org.ph/message-category/runthrough/page/28/,249,,Runthrough Archives - Page 28 of 44 - Christ's Commission Fellowship,4845,10,10,0,0,54,0,,
200,taxonomy_archive,link-discovery,https://www.ccf.org.ph/message-category/runthrough/page/29/,https://www.ccf.org.ph/message-category/runthrough/page/29/,https://www.ccf.org.ph/message-category/runthrough/page/29/,249,,Runthrough Archives - Page 29 of 44 - Christ's Commission Fellowship,3692,10,10,0,0,54,0,,
200,taxonomy_archive,link-discovery,https://www.ccf.org.ph/message-category/runthrough/page/3/,https://www.ccf.org.ph/message-category/runthrough/page/3/,https://www.ccf.org.ph/message-category/runthrough/page/3/,249,,Runthrough Archives - Page 3 of 44 - Christ's Commission Fellowship,5527,10,10,0,0,54,0,,
200,taxonomy_archive,link-discovery,https://www.ccf.org.ph/message-category/runthrough/page/30/,https://www.ccf.org.ph/message-category/runthrough/page/30/,https://www.ccf.org.ph/message-category/runthrough/page/30/,249,,Runthrough Archives - Page 30 of 44 - Christ's Commission Fellowship,3090,10,10,0,0,54,0,,
200,taxonomy_archive,link-discovery,https://www.ccf.org.ph/message-category/runthrough/page/31/,https://www.ccf.org.ph/message-category/runthrough/page/31/,https://www.ccf.org.ph/message-category/runthrough/page/31/,249,,Runthrough Archives - Page 31 of 44 - Christ's Commission Fellowship,2987,10,8,0,0,54,0,,
200,taxonomy_archive,link-discovery,https://www.ccf.org.ph/message-category/runthrough/page/32/,https://www.ccf.org.ph/message-category/runthrough/page/32/,https://www.ccf.org.ph/message-category/runthrough/page/32/,249,,Runthrough Archives - Page 32 of 44 - Christ's Commission Fellowship,3216,10,9,0,0,54,0,,
200,taxonomy_archive,link-discovery,https://www.ccf.org.ph/message-category/runthrough/page/33/,https://www.ccf.org.ph/message-category/runthrough/page/33/,https://www.ccf.org.ph/message-category/runthrough/page/33/,249,,Runthrough Archives - Page 33 of 44 - Christ's Commission Fellowship,3091,10,10,0,0,54,0,,
200,taxonomy_archive,link-discovery,https://www.ccf.org.ph/message-category/runthrough/page/34/,https://www.ccf.org.ph/message-category/runthrough/page/34/,https://www.ccf.org.ph/message-category/runthrough/page/34/,249,,Runthrough Archives - Page 34 of 44 - Christ's Commission Fellowship,3083,10,10,0,0,54,0,,
200,taxonomy_archive,link-discovery,https://www.ccf.org.ph/message-category/runthrough/page/35/,https://www.ccf.org.ph/message-category/runthrough/page/35/,https://www.ccf.org.ph/message-category/runthrough/page/35/,249,,Runthrough Archives - Page 35 of 44 - Christ's Commission Fellowship,3086,10,9,0,0,54,0,,
200,taxonomy_archive,link-discovery,https://www.ccf.org.ph/message-category/runthrough/page/36/,https://www.ccf.org.ph/message-category/runthrough/page/36/,https://www.ccf.org.ph/message-category/runthrough/page/36/,249,,Runthrough Archives - Page 36 of 44 - Christ's Commission Fellowship,2823,10,8,0,0,54,0,,
200,taxonomy_archive,link-discovery,https://www.ccf.org.ph/message-category/runthrough/page/37/,https://www.ccf.org.ph/message-category/runthrough/page/37/,https://www.ccf.org.ph/message-category/runthrough/page/37/,249,,Runthrough Archives - Page 37 of 44 - Christ's Commission Fellowship,3117,10,10,0,0,54,0,,
200,taxonomy_archive,link-discovery,https://www.ccf.org.ph/message-category/runthrough/page/38/,https://www.ccf.org.ph/message-category/runthrough/page/38/,https://www.ccf.org.ph/message-category/runthrough/page/38/,249,,Runthrough Archives - Page 38 of 44 - Christ's Commission Fellowship,3136,10,10,0,0,54,0,,
200,taxonomy_archive,link-discovery,https://www.ccf.org.ph/message-category/runthrough/page/39/,https://www.ccf.org.ph/message-category/runthrough/page/39/,https://www.ccf.org.ph/message-category/runthrough/page/39/,249,,Runthrough Archives - Page 39 of 44 - Christ's Commission Fellowship,3103,10,10,0,0,54,0,,
200,taxonomy_archive,link-discovery,https://www.ccf.org.ph/message-category/runthrough/page/4/,https://www.ccf.org.ph/message-category/runthrough/page/4/,https://www.ccf.org.ph/message-category/runthrough/page/4/,249,,Runthrough Archives - Page 4 of 44 - Christ's Commission Fellowship,5705,10,10,0,0,54,0,,
200,taxonomy_archive,link-discovery,https://www.ccf.org.ph/message-category/runthrough/page/40/,https://www.ccf.org.ph/message-category/runthrough/page/40/,https://www.ccf.org.ph/message-category/runthrough/page/40/,249,,Runthrough Archives - Page 40 of 44 - Christ's Commission Fellowship,3148,10,10,0,0,54,0,,
200,taxonomy_archive,link-discovery,https://www.ccf.org.ph/message-category/runthrough/page/41/,https://www.ccf.org.ph/message-category/runthrough/page/41/,https://www.ccf.org.ph/message-category/runthrough/page/41/,249,,Runthrough Archives - Page 41 of 44 - Christ's Commission Fellowship,3252,10,10,0,0,54,0,,
200,taxonomy_archive,link-discovery,https://www.ccf.org.ph/message-category/runthrough/page/42/,https://www.ccf.org.ph/message-category/runthrough/page/42/,https://www.ccf.org.ph/message-category/runthrough/page/42/,249,,Runthrough Archives - Page 42 of 44 - Christ's Commission Fellowship,2426,10,10,0,0,55,0,,
200,taxonomy_archive,link-discovery,https://www.ccf.org.ph/message-category/runthrough/page/43/,https://www.ccf.org.ph/message-category/runthrough/page/43/,https://www.ccf.org.ph/message-category/runthrough/page/43/,249,,Runthrough Archives - Page 43 of 44 - Christ's Commission Fellowship,1565,10,10,0,0,54,0,,
200,taxonomy_archive,link-discovery,https://www.ccf.org.ph/message-category/runthrough/page/44/,https://www.ccf.org.ph/message-category/runthrough/page/44/,https://www.ccf.org.ph/message-category/runthrough/page/44/,249,,Runthrough Archives - Page 44 of 44 - Christ's Commission Fellowship,1459,9,9,0,0,54,0,,
200,taxonomy_archive,link-discovery,https://www.ccf.org.ph/message-category/runthrough/page/5/,https://www.ccf.org.ph/message-category/runthrough/page/5/,https://www.ccf.org.ph/message-category/runthrough/page/5/,249,,Runthrough Archives - Page 5 of 44 - Christ's Commission Fellowship,5663,10,10,0,0,54,0,,
200,taxonomy_archive,link-discovery,https://www.ccf.org.ph/message-category/runthrough/page/6/,https://www.ccf.org.ph/message-category/runthrough/page/6/,https://www.ccf.org.ph/message-category/runthrough/page/6/,249,,Runthrough Archives - Page 6 of 44 - Christ's Commission Fellowship,5597,10,10,0,0,54,0,,
200,taxonomy_archive,link-discovery,https://www.ccf.org.ph/message-category/runthrough/page/7/,https://www.ccf.org.ph/message-category/runthrough/page/7/,https://www.ccf.org.ph/message-category/runthrough/page/7/,249,,Runthrough Archives - Page 7 of 44 - Christ's Commission Fellowship,5590,10,10,0,0,54,0,,
200,taxonomy_archive,link-discovery,https://www.ccf.org.ph/message-category/runthrough/page/8/,https://www.ccf.org.ph/message-category/runthrough/page/8/,https://www.ccf.org.ph/message-category/runthrough/page/8/,249,,Runthrough Archives - Page 8 of 44 - Christ's Commission Fellowship,5631,10,10,0,0,54,0,,
200,taxonomy_archive,link-discovery,https://www.ccf.org.ph/message-category/runthrough/page/9/,https://www.ccf.org.ph/message-category/runthrough/page/9/,https://www.ccf.org.ph/message-category/runthrough/page/9/,249,,Runthrough Archives - Page 9 of 44 - Christ's Commission Fellowship,5465,10,10,0,0,54,0,,
200,taxonomy_archive,link-discovery,https://www.ccf.org.ph/message-category/sunday-messages/page/10/,https://www.ccf.org.ph/message-category/sunday-messages/page/10/,https://www.ccf.org.ph/message-category/sunday-messages/page/10/,88,,Sunday Messages Archives - Page 10 of 86 - Christ's Commission Fellowship,5759,10,10,0,0,96,0,,
200,taxonomy_archive,link-discovery,https://www.ccf.org.ph/message-category/sunday-messages/page/11/,https://www.ccf.org.ph/message-category/sunday-messages/page/11/,https://www.ccf.org.ph/message-category/sunday-messages/page/11/,88,,Sunday Messages Archives - Page 11 of 86 - Christ's Commission Fellowship,5815,10,10,0,0,96,0,,
200,taxonomy_archive,link-discovery,https://www.ccf.org.ph/message-category/sunday-messages/page/12/,https://www.ccf.org.ph/message-category/sunday-messages/page/12/,https://www.ccf.org.ph/message-category/sunday-messages/page/12/,88,,Sunday Messages Archives - Page 12 of 86 - Christ's Commission Fellowship,5831,10,10,0,0,96,0,,
200,taxonomy_archive,link-discovery,https://www.ccf.org.ph/message-category/sunday-messages/page/13/,https://www.ccf.org.ph/message-category/sunday-messages/page/13/,https://www.ccf.org.ph/message-category/sunday-messages/page/13/,88,,Sunday Messages Archives - Page 13 of 86 - Christ's Commission Fellowship,5803,10,10,0,0,96,0,,
200,taxonomy_archive,link-discovery,https://www.ccf.org.ph/message-category/sunday-messages/page/14/,https://www.ccf.org.ph/message-category/sunday-messages/page/14/,https://www.ccf.org.ph/message-category/sunday-messages/page/14/,88,,Sunday Messages Archives - Page 14 of 86 - Christ's Commission Fellowship,4470,10,10,0,0,96,0,,
200,taxonomy_archive,link-discovery,https://www.ccf.org.ph/message-category/sunday-messages/page/15/,https://www.ccf.org.ph/message-category/sunday-messages/page/15/,https://www.ccf.org.ph/message-category/sunday-messages/page/15/,88,,Sunday Messages Archives - Page 15 of 86 - Christ's Commission Fellowship,3871,10,10,0,0,96,0,,
200,taxonomy_archive,link-discovery,https://www.ccf.org.ph/message-category/sunday-messages/page/16/,https://www.ccf.org.ph/message-category/sunday-messages/page/16/,https://www.ccf.org.ph/message-category/sunday-messages/page/16/,88,,Sunday Messages Archives - Page 16 of 86 - Christ's Commission Fellowship,3837,10,10,0,0,96,0,,
200,taxonomy_archive,link-discovery,https://www.ccf.org.ph/message-category/sunday-messages/page/17/,https://www.ccf.org.ph/message-category/sunday-messages/page/17/,https://www.ccf.org.ph/message-category/sunday-messages/page/17/,88,,Sunday Messages Archives - Page 17 of 86 - Christ's Commission Fellowship,3906,10,10,0,0,96,0,,
200,taxonomy_archive,link-discovery,https://www.ccf.org.ph/message-category/sunday-messages/page/18/,https://www.ccf.org.ph/message-category/sunday-messages/page/18/,https://www.ccf.org.ph/message-category/sunday-messages/page/18/,88,,Sunday Messages Archives - Page 18 of 86 - Christ's Commission Fellowship,3772,10,10,0,0,96,0,,
200,taxonomy_archive,link-discovery,https://www.ccf.org.ph/message-category/sunday-messages/page/19/,https://www.ccf.org.ph/message-category/sunday-messages/page/19/,https://www.ccf.org.ph/message-category/sunday-messages/page/19/,88,,Sunday Messages Archives - Page 19 of 86 - Christ's Commission Fellowship,3557,10,10,0,0,96,0,,
200,taxonomy_archive,link-discovery,https://www.ccf.org.ph/message-category/sunday-messages/page/2/,https://www.ccf.org.ph/message-category/sunday-messages/page/2/,https://www.ccf.org.ph/message-category/sunday-messages/page/2/,88,,Sunday Messages Archives - Page 2 of 86 - Christ's Commission Fellowship,5933,10,10,0,0,96,0,,
200,taxonomy_archive,link-discovery,https://www.ccf.org.ph/message-category/sunday-messages/page/20/,https://www.ccf.org.ph/message-category/sunday-messages/page/20/,https://www.ccf.org.ph/message-category/sunday-messages/page/20/,88,,Sunday Messages Archives - Page 20 of 86 - Christ's Commission Fellowship,3762,10,10,0,0,96,0,,
200,taxonomy_archive,link-discovery,https://www.ccf.org.ph/message-category/sunday-messages/page/21/,https://www.ccf.org.ph/message-category/sunday-messages/page/21/,https://www.ccf.org.ph/message-category/sunday-messages/page/21/,88,,Sunday Messages Archives - Page 21 of 86 - Christ's Commission Fellowship,3755,10,10,0,0,96,0,,
200,taxonomy_archive,link-discovery,https://www.ccf.org.ph/message-category/sunday-messages/page/22/,https://www.ccf.org.ph/message-category/sunday-messages/page/22/,https://www.ccf.org.ph/message-category/sunday-messages/page/22/,88,,Sunday Messages Archives - Page 22 of 86 - Christ's Commission Fellowship,3556,10,10,0,0,96,0,,
200,taxonomy_archive,link-discovery,https://www.ccf.org.ph/message-category/sunday-messages/page/23/,https://www.ccf.org.ph/message-category/sunday-messages/page/23/,https://www.ccf.org.ph/message-category/sunday-messages/page/23/,88,,Sunday Messages Archives - Page 23 of 86 - Christ's Commission Fellowship,3804,10,8,0,0,96,0,,
200,taxonomy_archive,link-discovery,https://www.ccf.org.ph/message-category/sunday-messages/page/24/,https://www.ccf.org.ph/message-category/sunday-messages/page/24/,https://www.ccf.org.ph/message-category/sunday-messages/page/24/,88,,Sunday Messages Archives - Page 24 of 86 - Christ's Commission Fellowship,3462,10,6,0,0,96,0,,
200,taxonomy_archive,link-discovery,https://www.ccf.org.ph/message-category/sunday-messages/page/25/,https://www.ccf.org.ph/message-category/sunday-messages/page/25/,https://www.ccf.org.ph/message-category/sunday-messages/page/25/,88,,Sunday Messages Archives - Page 25 of 86 - Christ's Commission Fellowship,3994,10,6,0,0,96,0,,
200,taxonomy_archive,link-discovery,https://www.ccf.org.ph/message-category/sunday-messages/page/26/,https://www.ccf.org.ph/message-category/sunday-messages/page/26/,https://www.ccf.org.ph/message-category/sunday-messages/page/26/,88,,Sunday Messages Archives - Page 26 of 86 - Christ's Commission Fellowship,3883,10,7,0,0,96,0,,
200,taxonomy_archive,link-discovery,https://www.ccf.org.ph/message-category/sunday-messages/page/27/,https://www.ccf.org.ph/message-category/sunday-messages/page/27/,https://www.ccf.org.ph/message-category/sunday-messages/page/27/,88,,Sunday Messages Archives - Page 27 of 86 - Christ's Commission Fellowship,4090,10,7,0,0,96,0,,
200,taxonomy_archive,link-discovery,https://www.ccf.org.ph/message-category/sunday-messages/page/28/,https://www.ccf.org.ph/message-category/sunday-messages/page/28/,https://www.ccf.org.ph/message-category/sunday-messages/page/28/,88,,Sunday Messages Archives - Page 28 of 86 - Christ's Commission Fellowship,4200,10,9,0,0,96,0,,
200,taxonomy_archive,link-discovery,https://www.ccf.org.ph/message-category/sunday-messages/page/29/,https://www.ccf.org.ph/message-category/sunday-messages/page/29/,https://www.ccf.org.ph/message-category/sunday-messages/page/29/,88,,Sunday Messages Archives - Page 29 of 86 - Christ's Commission Fellowship,5246,10,10,0,0,96,0,,
200,taxonomy_archive,link-discovery,https://www.ccf.org.ph/message-category/sunday-messages/page/3/,https://www.ccf.org.ph/message-category/sunday-messages/page/3/,https://www.ccf.org.ph/message-category/sunday-messages/page/3/,88,,Sunday Messages Archives - Page 3 of 86 - Christ's Commission Fellowship,6173,10,10,0,0,96,0,,
200,taxonomy_archive,link-discovery,https://www.ccf.org.ph/message-category/sunday-messages/page/30/,https://www.ccf.org.ph/message-category/sunday-messages/page/30/,https://www.ccf.org.ph/message-category/sunday-messages/page/30/,88,,Sunday Messages Archives - Page 30 of 86 - Christ's Commission Fellowship,5698,10,10,0,0,96,0,,
200,taxonomy_archive,link-discovery,https://www.ccf.org.ph/message-category/sunday-messages/page/31/,https://www.ccf.org.ph/message-category/sunday-messages/page/31/,https://www.ccf.org.ph/message-category/sunday-messages/page/31/,88,,Sunday Messages Archives - Page 31 of 86 - Christ's Commission Fellowship,5596,10,10,0,0,96,0,,
200,taxonomy_archive,link-discovery,https://www.ccf.org.ph/message-category/sunday-messages/page/32/,https://www.ccf.org.ph/message-category/sunday-messages/page/32/,https://www.ccf.org.ph/message-category/sunday-messages/page/32/,88,,Sunday Messages Archives - Page 32 of 86 - Christ's Commission Fellowship,5707,10,10,0,0,96,0,,
200,taxonomy_archive,link-discovery,https://www.ccf.org.ph/message-category/sunday-messages/page/33/,https://www.ccf.org.ph/message-category/sunday-messages/page/33/,https://www.ccf.org.ph/message-category/sunday-messages/page/33/,88,,Sunday Messages Archives - Page 33 of 86 - Christ's Commission Fellowship,4447,10,10,0,0,96,0,,
200,taxonomy_archive,link-discovery,https://www.ccf.org.ph/message-category/sunday-messages/page/34/,https://www.ccf.org.ph/message-category/sunday-messages/page/34/,https://www.ccf.org.ph/message-category/sunday-messages/page/34/,88,,Sunday Messages Archives - Page 34 of 86 - Christ's Commission Fellowship,3743,10,10,0,0,96,0,,
200,taxonomy_archive,link-discovery,https://www.ccf.org.ph/message-category/sunday-messages/page/35/,https://www.ccf.org.ph/message-category/sunday-messages/page/35/,https://www.ccf.org.ph/message-category/sunday-messages/page/35/,88,,Sunday Messages Archives - Page 35 of 86 - Christ's Commission Fellowship,3665,10,10,0,0,96,0,,
200,taxonomy_archive,link-discovery,https://www.ccf.org.ph/message-category/sunday-messages/page/36/,https://www.ccf.org.ph/message-category/sunday-messages/page/36/,https://www.ccf.org.ph/message-category/sunday-messages/page/36/,88,,Sunday Messages Archives - Page 36 of 86 - Christ's Commission Fellowship,3744,10,10,0,0,96,0,,
200,taxonomy_archive,link-discovery,https://www.ccf.org.ph/message-category/sunday-messages/page/37/,https://www.ccf.org.ph/message-category/sunday-messages/page/37/,https://www.ccf.org.ph/message-category/sunday-messages/page/37/,88,,Sunday Messages Archives - Page 37 of 86 - Christ's Commission Fellowship,3318,10,9,0,0,96,0,,
200,taxonomy_archive,link-discovery,https://www.ccf.org.ph/message-category/sunday-messages/page/38/,https://www.ccf.org.ph/message-category/sunday-messages/page/38/,https://www.ccf.org.ph/message-category/sunday-messages/page/38/,88,,Sunday Messages Archives - Page 38 of 86 - Christ's Commission Fellowship,3528,10,10,0,0,96,0,,
200,taxonomy_archive,link-discovery,https://www.ccf.org.ph/message-category/sunday-messages/page/39/,https://www.ccf.org.ph/message-category/sunday-messages/page/39/,https://www.ccf.org.ph/message-category/sunday-messages/page/39/,88,,Sunday Messages Archives - Page 39 of 86 - Christ's Commission Fellowship,3638,10,10,0,0,96,0,,
200,taxonomy_archive,link-discovery,https://www.ccf.org.ph/message-category/sunday-messages/page/4/,https://www.ccf.org.ph/message-category/sunday-messages/page/4/,https://www.ccf.org.ph/message-category/sunday-messages/page/4/,88,,Sunday Messages Archives - Page 4 of 86 - Christ's Commission Fellowship,5937,10,10,0,0,96,0,,
200,taxonomy_archive,link-discovery,https://www.ccf.org.ph/message-category/sunday-messages/page/40/,https://www.ccf.org.ph/message-category/sunday-messages/page/40/,https://www.ccf.org.ph/message-category/sunday-messages/page/40/,88,,Sunday Messages Archives - Page 40 of 86 - Christ's Commission Fellowship,3631,10,10,0,0,96,0,,
200,taxonomy_archive,link-discovery,https://www.ccf.org.ph/message-category/sunday-messages/page/41/,https://www.ccf.org.ph/message-category/sunday-messages/page/41/,https://www.ccf.org.ph/message-category/sunday-messages/page/41/,88,,Sunday Messages Archives - Page 41 of 86 - Christ's Commission Fellowship,3460,10,10,0,0,96,0,,
200,taxonomy_archive,link-discovery,https://www.ccf.org.ph/message-category/sunday-messages/page/42/,https://www.ccf.org.ph/message-category/sunday-messages/page/42/,https://www.ccf.org.ph/message-category/sunday-messages/page/42/,88,,Sunday Messages Archives - Page 42 of 86 - Christ's Commission Fellowship,3422,10,10,0,0,96,0,,
200,taxonomy_archive,link-discovery,https://www.ccf.org.ph/message-category/sunday-messages/page/43/,https://www.ccf.org.ph/message-category/sunday-messages/page/43/,https://www.ccf.org.ph/message-category/sunday-messages/page/43/,88,,Sunday Messages Archives - Page 43 of 86 - Christ's Commission Fellowship,3571,10,10,0,0,96,0,,
200,taxonomy_archive,link-discovery,https://www.ccf.org.ph/message-category/sunday-messages/page/44/,https://www.ccf.org.ph/message-category/sunday-messages/page/44/,https://www.ccf.org.ph/message-category/sunday-messages/page/44/,88,,Sunday Messages Archives - Page 44 of 86 - Christ's Commission Fellowship,3400,10,10,0,0,96,0,,
200,taxonomy_archive,link-discovery,https://www.ccf.org.ph/message-category/sunday-messages/page/45/,https://www.ccf.org.ph/message-category/sunday-messages/page/45/,https://www.ccf.org.ph/message-category/sunday-messages/page/45/,88,,Sunday Messages Archives - Page 45 of 86 - Christ's Commission Fellowship,3380,10,10,0,0,96,0,,
200,taxonomy_archive,link-discovery,https://www.ccf.org.ph/message-category/sunday-messages/page/46/,https://www.ccf.org.ph/message-category/sunday-messages/page/46/,https://www.ccf.org.ph/message-category/sunday-messages/page/46/,88,,Sunday Messages Archives - Page 46 of 86 - Christ's Commission Fellowship,3297,10,10,0,0,96,0,,
200,taxonomy_archive,link-discovery,https://www.ccf.org.ph/message-category/sunday-messages/page/47/,https://www.ccf.org.ph/message-category/sunday-messages/page/47/,https://www.ccf.org.ph/message-category/sunday-messages/page/47/,88,,Sunday Messages Archives - Page 47 of 86 - Christ's Commission Fellowship,3661,10,10,0,0,96,0,,
200,taxonomy_archive,link-discovery,https://www.ccf.org.ph/message-category/sunday-messages/page/48/,https://www.ccf.org.ph/message-category/sunday-messages/page/48/,https://www.ccf.org.ph/message-category/sunday-messages/page/48/,88,,Sunday Messages Archives - Page 48 of 86 - Christ's Commission Fellowship,3283,10,9,0,0,96,0,,
200,taxonomy_archive,link-discovery,https://www.ccf.org.ph/message-category/sunday-messages/page/49/,https://www.ccf.org.ph/message-category/sunday-messages/page/49/,https://www.ccf.org.ph/message-category/sunday-messages/page/49/,88,,Sunday Messages Archives - Page 49 of 86 - Christ's Commission Fellowship,3720,10,9,0,0,96,0,,
200,taxonomy_archive,link-discovery,https://www.ccf.org.ph/message-category/sunday-messages/page/5/,https://www.ccf.org.ph/message-category/sunday-messages/page/5/,https://www.ccf.org.ph/message-category/sunday-messages/page/5/,88,,Sunday Messages Archives - Page 5 of 86 - Christ's Commission Fellowship,5930,10,9,0,0,96,0,,
200,taxonomy_archive,link-discovery,https://www.ccf.org.ph/message-category/sunday-messages/page/50/,https://www.ccf.org.ph/message-category/sunday-messages/page/50/,https://www.ccf.org.ph/message-category/sunday-messages/page/50/,88,,Sunday Messages Archives - Page 50 of 86 - Christ's Commission Fellowship,3656,10,10,0,0,96,0,,
200,taxonomy_archive,link-discovery,https://www.ccf.org.ph/message-category/sunday-messages/page/51/,https://www.ccf.org.ph/message-category/sunday-messages/page/51/,https://www.ccf.org.ph/message-category/sunday-messages/page/51/,88,,Sunday Messages Archives - Page 51 of 86 - Christ's Commission Fellowship,3673,10,9,0,0,96,0,,
200,taxonomy_archive,link-discovery,https://www.ccf.org.ph/message-category/sunday-messages/page/52/,https://www.ccf.org.ph/message-category/sunday-messages/page/52/,https://www.ccf.org.ph/message-category/sunday-messages/page/52/,88,,Sunday Messages Archives - Page 52 of 86 - Christ's Commission Fellowship,3737,10,10,0,0,97,0,,
200,taxonomy_archive,link-discovery,https://www.ccf.org.ph/message-category/sunday-messages/page/53/,https://www.ccf.org.ph/message-category/sunday-messages/page/53/,https://www.ccf.org.ph/message-category/sunday-messages/page/53/,88,,Sunday Messages Archives - Page 53 of 86 - Christ's Commission Fellowship,3477,10,10,0,0,96,0,,
200,taxonomy_archive,link-discovery,https://www.ccf.org.ph/message-category/sunday-messages/page/54/,https://www.ccf.org.ph/message-category/sunday-messages/page/54/,https://www.ccf.org.ph/message-category/sunday-messages/page/54/,88,,Sunday Messages Archives - Page 54 of 86 - Christ's Commission Fellowship,2916,10,10,0,0,96,0,,
200,taxonomy_archive,link-discovery,https://www.ccf.org.ph/message-category/sunday-messages/page/55/,https://www.ccf.org.ph/message-category/sunday-messages/page/55/,https://www.ccf.org.ph/message-category/sunday-messages/page/55/,88,,Sunday Messages Archives - Page 55 of 86 - Christ's Commission Fellowship,1931,10,10,0,0,97,0,,
200,taxonomy_archive,link-discovery,https://www.ccf.org.ph/message-category/sunday-messages/page/56/,https://www.ccf.org.ph/message-category/sunday-messages/page/56/,https://www.ccf.org.ph/message-category/sunday-messages/page/56/,88,,Sunday Messages Archives - Page 56 of 86 - Christ's Commission Fellowship,1601,10,10,0,0,96,0,,
200,taxonomy_archive,link-discovery,https://www.ccf.org.ph/message-category/sunday-messages/page/57/,https://www.ccf.org.ph/message-category/sunday-messages/page/57/,https://www.ccf.org.ph/message-category/sunday-messages/page/57/,88,,Sunday Messages Archives - Page 57 of 86 - Christ's Commission Fellowship,1566,10,10,0,0,96,0,,
200,taxonomy_archive,link-discovery,https://www.ccf.org.ph/message-category/sunday-messages/page/58/,https://www.ccf.org.ph/message-category/sunday-messages/page/58/,https://www.ccf.org.ph/message-category/sunday-messages/page/58/,88,,Sunday Messages Archives - Page 58 of 86 - Christ's Commission Fellowship,1487,10,10,0,0,96,0,,
200,taxonomy_archive,link-discovery,https://www.ccf.org.ph/message-category/sunday-messages/page/59/,https://www.ccf.org.ph/message-category/sunday-messages/page/59/,https://www.ccf.org.ph/message-category/sunday-messages/page/59/,88,,Sunday Messages Archives - Page 59 of 86 - Christ's Commission Fellowship,1529,10,10,0,0,96,0,,
200,taxonomy_archive,link-discovery,https://www.ccf.org.ph/message-category/sunday-messages/page/6/,https://www.ccf.org.ph/message-category/sunday-messages/page/6/,https://www.ccf.org.ph/message-category/sunday-messages/page/6/,88,,Sunday Messages Archives - Page 6 of 86 - Christ's Commission Fellowship,5701,10,10,0,0,96,0,,
200,taxonomy_archive,link-discovery,https://www.ccf.org.ph/message-category/sunday-messages/page/60/,https://www.ccf.org.ph/message-category/sunday-messages/page/60/,https://www.ccf.org.ph/message-category/sunday-messages/page/60/,88,,Sunday Messages Archives - Page 60 of 86 - Christ's Commission Fellowship,1530,10,10,0,0,96,0,,
200,taxonomy_archive,link-discovery,https://www.ccf.org.ph/message-category/sunday-messages/page/61/,https://www.ccf.org.ph/message-category/sunday-messages/page/61/,https://www.ccf.org.ph/message-category/sunday-messages/page/61/,88,,Sunday Messages Archives - Page 61 of 86 - Christ's Commission Fellowship,1686,10,10,0,0,96,0,,
200,taxonomy_archive,link-discovery,https://www.ccf.org.ph/message-category/sunday-messages/page/62/,https://www.ccf.org.ph/message-category/sunday-messages/page/62/,https://www.ccf.org.ph/message-category/sunday-messages/page/62/,88,,Sunday Messages Archives - Page 62 of 86 - Christ's Commission Fellowship,1721,10,10,0,0,96,0,,
200,taxonomy_archive,link-discovery,https://www.ccf.org.ph/message-category/sunday-messages/page/63/,https://www.ccf.org.ph/message-category/sunday-messages/page/63/,https://www.ccf.org.ph/message-category/sunday-messages/page/63/,88,,Sunday Messages Archives - Page 63 of 86 - Christ's Commission Fellowship,1794,10,10,0,0,96,0,,
200,taxonomy_archive,link-discovery,https://www.ccf.org.ph/message-category/sunday-messages/page/64/,https://www.ccf.org.ph/message-category/sunday-messages/page/64/,https://www.ccf.org.ph/message-category/sunday-messages/page/64/,88,,Sunday Messages Archives - Page 64 of 86 - Christ's Commission Fellowship,1023,10,10,0,0,96,0,,
200,taxonomy_archive,link-discovery,https://www.ccf.org.ph/message-category/sunday-messages/page/65/,https://www.ccf.org.ph/message-category/sunday-messages/page/65/,https://www.ccf.org.ph/message-category/sunday-messages/page/65/,88,,Sunday Messages Archives - Page 65 of 86 - Christ's Commission Fellowship,1096,10,8,0,0,96,0,,
200,taxonomy_archive,link-discovery,https://www.ccf.org.ph/message-category/sunday-messages/page/66/,https://www.ccf.org.ph/message-category/sunday-messages/page/66/,https://www.ccf.org.ph/message-category/sunday-messages/page/66/,88,,Sunday Messages Archives - Page 66 of 86 - Christ's Commission Fellowship,720,10,7,0,0,96,0,,
200,taxonomy_archive,link-discovery,https://www.ccf.org.ph/message-category/sunday-messages/page/67/,https://www.ccf.org.ph/message-category/sunday-messages/page/67/,https://www.ccf.org.ph/message-category/sunday-messages/page/67/,88,,Sunday Messages Archives - Page 67 of 86 - Christ's Commission Fellowship,2156,10,8,0,0,96,0,,
200,taxonomy_archive,link-discovery,https://www.ccf.org.ph/message-category/sunday-messages/page/68/,https://www.ccf.org.ph/message-category/sunday-messages/page/68/,https://www.ccf.org.ph/message-category/sunday-messages/page/68/,88,,Sunday Messages Archives - Page 68 of 86 - Christ's Commission Fellowship,2365,10,6,0,0,96,0,,
200,taxonomy_archive,link-discovery,https://www.ccf.org.ph/message-category/sunday-messages/page/69/,https://www.ccf.org.ph/message-category/sunday-messages/page/69/,https://www.ccf.org.ph/message-category/sunday-messages/page/69/,88,,Sunday Messages Archives - Page 69 of 86 - Christ's Commission Fellowship,1430,10,6,0,0,96,0,,
200,taxonomy_archive,link-discovery,https://www.ccf.org.ph/message-category/sunday-messages/page/7/,https://www.ccf.org.ph/message-category/sunday-messages/page/7/,https://www.ccf.org.ph/message-category/sunday-messages/page/7/,88,,Sunday Messages Archives - Page 7 of 86 - Christ's Commission Fellowship,5733,10,10,0,0,96,0,,
200,taxonomy_archive,link-discovery,https://www.ccf.org.ph/message-category/sunday-messages/page/70/,https://www.ccf.org.ph/message-category/sunday-messages/page/70/,https://www.ccf.org.ph/message-category/sunday-messages/page/70/,88,,Sunday Messages Archives - Page 70 of 86 - Christ's Commission Fellowship,2437,10,7,0,0,96,0,,
200,taxonomy_archive,link-discovery,https://www.ccf.org.ph/message-category/sunday-messages/page/71/,https://www.ccf.org.ph/message-category/sunday-messages/page/71/,https://www.ccf.org.ph/message-category/sunday-messages/page/71/,88,,Sunday Messages Archives - Page 71 of 86 - Christ's Commission Fellowship,1845,10,5,0,0,96,0,,
200,taxonomy_archive,link-discovery,https://www.ccf.org.ph/message-category/sunday-messages/page/72/,https://www.ccf.org.ph/message-category/sunday-messages/page/72/,https://www.ccf.org.ph/message-category/sunday-messages/page/72/,88,,Sunday Messages Archives - Page 72 of 86 - Christ's Commission Fellowship,2505,10,8,0,0,96,0,,
200,taxonomy_archive,link-discovery,https://www.ccf.org.ph/message-category/sunday-messages/page/73/,https://www.ccf.org.ph/message-category/sunday-messages/page/73/,https://www.ccf.org.ph/message-category/sunday-messages/page/73/,88,,Sunday Messages Archives - Page 73 of 86 - Christ's Commission Fellowship,1930,10,6,0,0,96,0,,
200,taxonomy_archive,link-discovery,https://www.ccf.org.ph/message-category/sunday-messages/page/74/,https://www.ccf.org.ph/message-category/sunday-messages/page/74/,https://www.ccf.org.ph/message-category/sunday-messages/page/74/,88,,Sunday Messages Archives - Page 74 of 86 - Christ's Commission Fellowship,2016,10,9,0,0,96,0,,
200,taxonomy_archive,link-discovery,https://www.ccf.org.ph/message-category/sunday-messages/page/75/,https://www.ccf.org.ph/message-category/sunday-messages/page/75/,https://www.ccf.org.ph/message-category/sunday-messages/page/75/,88,,Sunday Messages Archives - Page 75 of 86 - Christ's Commission Fellowship,1793,10,7,0,0,96,0,,
200,taxonomy_archive,link-discovery,https://www.ccf.org.ph/message-category/sunday-messages/page/76/,https://www.ccf.org.ph/message-category/sunday-messages/page/76/,https://www.ccf.org.ph/message-category/sunday-messages/page/76/,88,,Sunday Messages Archives - Page 76 of 86 - Christ's Commission Fellowship,949,10,8,0,0,96,0,,
200,taxonomy_archive,link-discovery,https://www.ccf.org.ph/message-category/sunday-messages/page/77/,https://www.ccf.org.ph/message-category/sunday-messages/page/77/,https://www.ccf.org.ph/message-category/sunday-messages/page/77/,88,,Sunday Messages Archives - Page 77 of 86 - Christ's Commission Fellowship,669,10,10,0,0,96,0,,
200,taxonomy_archive,link-discovery,https://www.ccf.org.ph/message-category/sunday-messages/page/78/,https://www.ccf.org.ph/message-category/sunday-messages/page/78/,https://www.ccf.org.ph/message-category/sunday-messages/page/78/,88,,Sunday Messages Archives - Page 78 of 86 - Christ's Commission Fellowship,749,10,10,0,0,96,0,,
200,taxonomy_archive,link-discovery,https://www.ccf.org.ph/message-category/sunday-messages/page/79/,https://www.ccf.org.ph/message-category/sunday-messages/page/79/,https://www.ccf.org.ph/message-category/sunday-messages/page/79/,88,,Sunday Messages Archives - Page 79 of 86 - Christ's Commission Fellowship,733,10,10,0,0,96,0,,
200,taxonomy_archive,link-discovery,https://www.ccf.org.ph/message-category/sunday-messages/page/8/,https://www.ccf.org.ph/message-category/sunday-messages/page/8/,https://www.ccf.org.ph/message-category/sunday-messages/page/8/,88,,Sunday Messages Archives - Page 8 of 86 - Christ's Commission Fellowship,5629,10,10,0,0,96,0,,
200,taxonomy_archive,link-discovery,https://www.ccf.org.ph/message-category/sunday-messages/page/80/,https://www.ccf.org.ph/message-category/sunday-messages/page/80/,https://www.ccf.org.ph/message-category/sunday-messages/page/80/,88,,Sunday Messages Archives - Page 80 of 86 - Christ's Commission Fellowship,679,10,10,0,0,96,0,,
200,taxonomy_archive,link-discovery,https://www.ccf.org.ph/message-category/sunday-messages/page/81/,https://www.ccf.org.ph/message-category/sunday-messages/page/81/,https://www.ccf.org.ph/message-category/sunday-messages/page/81/,88,,Sunday Messages Archives - Page 81 of 86 - Christ's Commission Fellowship,2011,10,10,0,0,96,0,,
200,taxonomy_archive,link-discovery,https://www.ccf.org.ph/message-category/sunday-messages/page/82/,https://www.ccf.org.ph/message-category/sunday-messages/page/82/,https://www.ccf.org.ph/message-category/sunday-messages/page/82/,88,,Sunday Messages Archives - Page 82 of 86 - Christ's Commission Fellowship,1730,10,10,0,0,96,0,,
200,taxonomy_archive,link-discovery,https://www.ccf.org.ph/message-category/sunday-messages/page/83/,https://www.ccf.org.ph/message-category/sunday-messages/page/83/,https://www.ccf.org.ph/message-category/sunday-messages/page/83/,88,,Sunday Messages Archives - Page 83 of 86 - Christ's Commission Fellowship,2546,10,10,0,0,96,0,,
200,taxonomy_archive,link-discovery,https://www.ccf.org.ph/message-category/sunday-messages/page/84/,https://www.ccf.org.ph/message-category/sunday-messages/page/84/,https://www.ccf.org.ph/message-category/sunday-messages/page/84/,88,,Sunday Messages Archives - Page 84 of 86 - Christ's Commission Fellowship,2738,10,8,0,0,96,0,,
200,taxonomy_archive,link-discovery,https://www.ccf.org.ph/message-category/sunday-messages/page/85/,https://www.ccf.org.ph/message-category/sunday-messages/page/85/,https://www.ccf.org.ph/message-category/sunday-messages/page/85/,88,,Sunday Messages Archives - Page 85 of 86 - Christ's Commission Fellowship,2625,10,9,0,0,96,0,,
200,taxonomy_archive,link-discovery,https://www.ccf.org.ph/message-category/sunday-messages/page/86/,https://www.ccf.org.ph/message-category/sunday-messages/page/86/,https://www.ccf.org.ph/message-category/sunday-messages/page/86/,88,,Sunday Messages Archives - Page 86 of 86 - Christ's Commission Fellowship,2453,8,8,0,0,95,0,,
200,taxonomy_archive,link-discovery,https://www.ccf.org.ph/message-category/sunday-messages/page/9/,https://www.ccf.org.ph/message-category/sunday-messages/page/9/,https://www.ccf.org.ph/message-category/sunday-messages/page/9/,88,,Sunday Messages Archives - Page 9 of 86 - Christ's Commission Fellowship,5873,10,10,0,0,96,0,,
200,taxonomy_archive,link-discovery,https://www.ccf.org.ph/message-category/ten-commandments/page/2/,https://www.ccf.org.ph/message-category/ten-commandments/page/2/,https://www.ccf.org.ph/message-category/ten-commandments/page/2/,616,,Ten Commandments Archives - Page 2 of 2 - Christ's Commission Fellowship,3505,6,6,0,0,9,0,,
200,taxonomy_archive,link-discovery,https://www.ccf.org.ph/message-category/the-love-series/page/2/,https://www.ccf.org.ph/message-category/the-love-series/page/2/,https://www.ccf.org.ph/message-category/the-love-series/page/2/,236,,The Love Series Archives - Page 2 of 2 - Christ's Commission Fellowship,286,2,2,0,0,5,0,,
200,taxonomy_archive,link-discovery,https://www.ccf.org.ph/message-category/the-minefield/page/2/,https://www.ccf.org.ph/message-category/the-minefield/page/2/,https://www.ccf.org.ph/message-category/the-minefield/page/2/,109,,The Minefield Archives - Page 2 of 3 - Christ's Commission Fellowship,1101,10,7,0,0,13,0,,
200,taxonomy_archive,link-discovery,https://www.ccf.org.ph/message-category/the-minefield/page/3/,https://www.ccf.org.ph/message-category/the-minefield/page/3/,https://www.ccf.org.ph/message-category/the-minefield/page/3/,109,,The Minefield Archives - Page 3 of 3 - Christ's Commission Fellowship,1188,7,5,0,0,11,0,,
200,taxonomy_archive,link-discovery,https://www.ccf.org.ph/message-category/true-worship/page/2/,https://www.ccf.org.ph/message-category/true-worship/page/2/,https://www.ccf.org.ph/message-category/true-worship/page/2/,528,,True Worship Archives - Page 2 of 2 - Christ's Commission Fellowship,821,2,2,0,0,5,0,,
200,taxonomy_archive,link-discovery,https://www.ccf.org.ph/message-category/truth-matters/page/2/,https://www.ccf.org.ph/message-category/truth-matters/page/2/,https://www.ccf.org.ph/message-category/truth-matters/page/2/,134,,Truth Matters Archives - Page 2 of 7 - Christ's Commission Fellowship,2132,10,6,0,0,17,0,,
200,taxonomy_archive,link-discovery,https://www.ccf.org.ph/message-category/truth-matters/page/3/,https://www.ccf.org.ph/message-category/truth-matters/page/3/,https://www.ccf.org.ph/message-category/truth-matters/page/3/,134,,Truth Matters Archives - Page 3 of 7 - Christ's Commission Fellowship,1646,10,6,0,0,17,0,,
200,taxonomy_archive,link-discovery,https://www.ccf.org.ph/message-category/truth-matters/page/4/,https://www.ccf.org.ph/message-category/truth-matters/page/4/,https://www.ccf.org.ph/message-category/truth-matters/page/4/,134,,Truth Matters Archives - Page 4 of 7 - Christ's Commission Fellowship,2098,10,7,0,0,17,0,,
200,taxonomy_archive,link-discovery,https://www.ccf.org.ph/message-category/truth-matters/page/5/,https://www.ccf.org.ph/message-category/truth-matters/page/5/,https://www.ccf.org.ph/message-category/truth-matters/page/5/,134,,Truth Matters Archives - Page 5 of 7 - Christ's Commission Fellowship,1497,10,6,0,0,17,0,,
200,taxonomy_archive,link-discovery,https://www.ccf.org.ph/message-category/truth-matters/page/6/,https://www.ccf.org.ph/message-category/truth-matters/page/6/,https://www.ccf.org.ph/message-category/truth-matters/page/6/,134,,Truth Matters Archives - Page 6 of 7 - Christ's Commission Fellowship,1723,10,7,0,0,17,0,,
200,taxonomy_archive,link-discovery,https://www.ccf.org.ph/message-category/truth-matters/page/7/,https://www.ccf.org.ph/message-category/truth-matters/page/7/,https://www.ccf.org.ph/message-category/truth-matters/page/7/,134,,Truth Matters Archives - Page 7 of 7 - Christ's Commission Fellowship,133,2,1,0,0,10,0,,
200,taxonomy_archive,link-discovery,https://www.ccf.org.ph/message-category/truth-over-trends/page/2/,https://www.ccf.org.ph/message-category/truth-over-trends/page/2/,https://www.ccf.org.ph/message-category/truth-over-trends/page/2/,483,,Truth Over Trends Archives - Page 2 of 2 - Christ's Commission Fellowship,601,2,2,0,0,5,0,,
200,taxonomy_archive,link-discovery,https://www.ccf.org.ph/message-category/uncover/page/2/,https://www.ccf.org.ph/message-category/uncover/page/2/,https://www.ccf.org.ph/message-category/uncover/page/2/,350,,Uncover Archives - Page 2 of 2 - Christ's Commission Fellowship,1431,4,4,0,0,7,0,,
200,taxonomy_archive,link-discovery,https://www.ccf.org.ph/message-category/victorious-living/page/2/,https://www.ccf.org.ph/message-category/victorious-living/page/2/,https://www.ccf.org.ph/message-category/victorious-living/page/2/,298,,Victorious Living Archives - Page 2 of 2 - Christ's Commission Fellowship,3456,10,10,0,0,13,0,,
200,taxonomy_archive,link-discovery,https://www.ccf.org.ph/message-category/whats-wrong-with-us/page/2/,https://www.ccf.org.ph/message-category/whats-wrong-with-us/page/2/,https://www.ccf.org.ph/message-category/whats-wrong-with-us/page/2/,284,,What's Wrong With Us? Archives - Page 2 of 3 - Christ's Commission Fellowship,5375,10,10,0,0,13,0,,
200,taxonomy_archive,link-discovery,https://www.ccf.org.ph/message-category/whats-wrong-with-us/page/3/,https://www.ccf.org.ph/message-category/whats-wrong-with-us/page/3/,https://www.ccf.org.ph/message-category/whats-wrong-with-us/page/3/,284,,What's Wrong With Us? Archives - Page 3 of 3 - Christ's Commission Fellowship,2299,4,4,0,0,8,0,,
200,taxonomy_archive,link-discovery,https://www.ccf.org.ph/message-category/winning-the-war-within/page/2/,https://www.ccf.org.ph/message-category/winning-the-war-within/page/2/,https://www.ccf.org.ph/message-category/winning-the-war-within/page/2/,340,,Winning The War Within Archives - Page 2 of 2 - Christ's Commission Fellowship,582,2,2,0,0,5,0,,
200,taxonomy_archive,link-discovery,https://www.ccf.org.ph/message-category/work-matters/page/2/,https://www.ccf.org.ph/message-category/work-matters/page/2/,https://www.ccf.org.ph/message-category/work-matters/page/2/,346,,Work Matters Archives - Page 2 of 2 - Christ's Commission Fellowship,790,2,2,0,0,5,0,,
200,taxonomy_archive,link-discovery,https://www.ccf.org.ph/message-category/worthit/page/2/,https://www.ccf.org.ph/message-category/worthit/page/2/,https://www.ccf.org.ph/message-category/worthit/page/2/,291,,#WorthIt Archives - Page 2 of 2 - Christ's Commission Fellowship,861,2,2,0,0,5,0,,
200,taxonomy_archive,link-discovery,https://www.ccf.org.ph/message-speaker/aumar-aguilar/page/2/,https://www.ccf.org.ph/message-speaker/aumar-aguilar/page/2/,https://www.ccf.org.ph/message-speaker/aumar-aguilar/page/2/,244,,Aumar Aguilar Archives - Page 2 of 2 - Christ's Commission Fellowship,2120,7,6,0,0,12,0,,
200,taxonomy_archive,link-discovery,https://www.ccf.org.ph/message-speaker/bong-saquing/page/10/,https://www.ccf.org.ph/message-speaker/bong-saquing/page/10/,https://www.ccf.org.ph/message-speaker/bong-saquing/page/10/,59,,Bong Saquing Archives - Page 10 of 41 - Christ's Commission Fellowship,4487,10,10,0,0,52,0,,
200,taxonomy_archive,link-discovery,https://www.ccf.org.ph/message-speaker/bong-saquing/page/11/,https://www.ccf.org.ph/message-speaker/bong-saquing/page/11/,https://www.ccf.org.ph/message-speaker/bong-saquing/page/11/,59,,Bong Saquing Archives - Page 11 of 41 - Christ's Commission Fellowship,4551,10,10,0,0,52,0,,
200,taxonomy_archive,link-discovery,https://www.ccf.org.ph/message-speaker/bong-saquing/page/12/,https://www.ccf.org.ph/message-speaker/bong-saquing/page/12/,https://www.ccf.org.ph/message-speaker/bong-saquing/page/12/,59,,Bong Saquing Archives - Page 12 of 41 - Christ's Commission Fellowship,4441,10,10,0,0,52,0,,
200,taxonomy_archive,link-discovery,https://www.ccf.org.ph/message-speaker/bong-saquing/page/13/,https://www.ccf.org.ph/message-speaker/bong-saquing/page/13/,https://www.ccf.org.ph/message-speaker/bong-saquing/page/13/,59,,Bong Saquing Archives - Page 13 of 41 - Christ's Commission Fellowship,4246,10,10,0,0,52,0,,
200,taxonomy_archive,link-discovery,https://www.ccf.org.ph/message-speaker/bong-saquing/page/14/,https://www.ccf.org.ph/message-speaker/bong-saquing/page/14/,https://www.ccf.org.ph/message-speaker/bong-saquing/page/14/,59,,Bong Saquing Archives - Page 14 of 41 - Christ's Commission Fellowship,4574,10,10,0,0,52,0,,
200,taxonomy_archive,link-discovery,https://www.ccf.org.ph/message-speaker/bong-saquing/page/15/,https://www.ccf.org.ph/message-speaker/bong-saquing/page/15/,https://www.ccf.org.ph/message-speaker/bong-saquing/page/15/,59,,Bong Saquing Archives - Page 15 of 41 - Christ's Commission Fellowship,4729,10,10,0,0,52,0,,
200,taxonomy_archive,link-discovery,https://www.ccf.org.ph/message-speaker/bong-saquing/page/16/,https://www.ccf.org.ph/message-speaker/bong-saquing/page/16/,https://www.ccf.org.ph/message-speaker/bong-saquing/page/16/,59,,Bong Saquing Archives - Page 16 of 41 - Christ's Commission Fellowship,4279,10,9,0,0,52,0,,
200,taxonomy_archive,link-discovery,https://www.ccf.org.ph/message-speaker/bong-saquing/page/17/,https://www.ccf.org.ph/message-speaker/bong-saquing/page/17/,https://www.ccf.org.ph/message-speaker/bong-saquing/page/17/,59,,Bong Saquing Archives - Page 17 of 41 - Christ's Commission Fellowship,3375,10,8,0,0,51,0,,
200,taxonomy_archive,link-discovery,https://www.ccf.org.ph/message-speaker/bong-saquing/page/18/,https://www.ccf.org.ph/message-speaker/bong-saquing/page/18/,https://www.ccf.org.ph/message-speaker/bong-saquing/page/18/,59,,Bong Saquing Archives - Page 18 of 41 - Christ's Commission Fellowship,3325,10,9,0,0,51,0,,
200,taxonomy_archive,link-discovery,https://www.ccf.org.ph/message-speaker/bong-saquing/page/19/,https://www.ccf.org.ph/message-speaker/bong-saquing/page/19/,https://www.ccf.org.ph/message-speaker/bong-saquing/page/19/,59,,Bong Saquing Archives - Page 19 of 41 - Christ's Commission Fellowship,3840,10,10,0,0,52,0,,
200,taxonomy_archive,link-discovery,https://www.ccf.org.ph/message-speaker/bong-saquing/page/2/,https://www.ccf.org.ph/message-speaker/bong-saquing/page/2/,https://www.ccf.org.ph/message-speaker/bong-saquing/page/2/,59,,Bong Saquing Archives - Page 2 of 41 - Christ's Commission Fellowship,5976,10,10,0,0,51,0,,
200,taxonomy_archive,link-discovery,https://www.ccf.org.ph/message-speaker/bong-saquing/page/20/,https://www.ccf.org.ph/message-speaker/bong-saquing/page/20/,https://www.ccf.org.ph/message-speaker/bong-saquing/page/20/,59,,Bong Saquing Archives - Page 20 of 41 - Christ's Commission Fellowship,5302,10,10,0,0,51,0,,
200,taxonomy_archive,link-discovery,https://www.ccf.org.ph/message-speaker/bong-saquing/page/21/,https://www.ccf.org.ph/message-speaker/bong-saquing/page/21/,https://www.ccf.org.ph/message-speaker/bong-saquing/page/21/,59,,Bong Saquing Archives - Page 21 of 41 - Christ's Commission Fellowship,3609,10,10,0,0,51,0,,
200,taxonomy_archive,link-discovery,https://www.ccf.org.ph/message-speaker/bong-saquing/page/22/,https://www.ccf.org.ph/message-speaker/bong-saquing/page/22/,https://www.ccf.org.ph/message-speaker/bong-saquing/page/22/,59,,Bong Saquing Archives - Page 22 of 41 - Christ's Commission Fellowship,3556,10,10,0,0,51,0,,
200,taxonomy_archive,link-discovery,https://www.ccf.org.ph/message-speaker/bong-saquing/page/23/,https://www.ccf.org.ph/message-speaker/bong-saquing/page/23/,https://www.ccf.org.ph/message-speaker/bong-saquing/page/23/,59,,Bong Saquing Archives - Page 23 of 41 - Christ's Commission Fellowship,3224,10,10,0,0,51,0,,
200,taxonomy_archive,link-discovery,https://www.ccf.org.ph/message-speaker/bong-saquing/page/24/,https://www.ccf.org.ph/message-speaker/bong-saquing/page/24/,https://www.ccf.org.ph/message-speaker/bong-saquing/page/24/,59,,Bong Saquing Archives - Page 24 of 41 - Christ's Commission Fellowship,3362,10,10,0,0,51,0,,
200,taxonomy_archive,link-discovery,https://www.ccf.org.ph/message-speaker/bong-saquing/page/25/,https://www.ccf.org.ph/message-speaker/bong-saquing/page/25/,https://www.ccf.org.ph/message-speaker/bong-saquing/page/25/,59,,Bong Saquing Archives - Page 25 of 41 - Christ's Commission Fellowship,3613,10,10,0,0,52,0,,
200,taxonomy_archive,link-discovery,https://www.ccf.org.ph/message-speaker/bong-saquing/page/26/,https://www.ccf.org.ph/message-speaker/bong-saquing/page/26/,https://www.ccf.org.ph/message-speaker/bong-saquing/page/26/,59,,Bong Saquing Archives - Page 26 of 41 - Christ's Commission Fellowship,2521,10,10,0,0,52,0,,
200,taxonomy_archive,link-discovery,https://www.ccf.org.ph/message-speaker/bong-saquing/page/27/,https://www.ccf.org.ph/message-speaker/bong-saquing/page/27/,https://www.ccf.org.ph/message-speaker/bong-saquing/page/27/,59,,Bong Saquing Archives - Page 27 of 41 - Christ's Commission Fellowship,1587,10,10,0,0,52,0,,
200,taxonomy_archive,link-discovery,https://www.ccf.org.ph/message-speaker/bong-saquing/page/28/,https://www.ccf.org.ph/message-speaker/bong-saquing/page/28/,https://www.ccf.org.ph/message-speaker/bong-saquing/page/28/,59,,Bong Saquing Archives - Page 28 of 41 - Christ's Commission Fellowship,1399,10,10,0,0,51,0,,
200,taxonomy_archive,link-discovery,https://www.ccf.org.ph/message-speaker/bong-saquing/page/29/,https://www.ccf.org.ph/message-speaker/bong-saquing/page/29/,https://www.ccf.org.ph/message-speaker/bong-saquing/page/29/,59,,Bong Saquing Archives - Page 29 of 41 - Christ's Commission Fellowship,1506,10,10,0,0,51,0,,
200,taxonomy_archive,link-discovery,https://www.ccf.org.ph/message-speaker/bong-saquing/page/3/,https://www.ccf.org.ph/message-speaker/bong-saquing/page/3/,https://www.ccf.org.ph/message-speaker/bong-saquing/page/3/,59,,Bong Saquing Archives - Page 3 of 41 - Christ's Commission Fellowship,5959,10,10,0,0,51,0,,
200,taxonomy_archive,link-discovery,https://www.ccf.org.ph/message-speaker/bong-saquing/page/30/,https://www.ccf.org.ph/message-speaker/bong-saquing/page/30/,https://www.ccf.org.ph/message-speaker/bong-saquing/page/30/,59,,Bong Saquing Archives - Page 30 of 41 - Christ's Commission Fellowship,1200,10,10,0,0,51,0,,
200,taxonomy_archive,link-discovery,https://www.ccf.org.ph/message-speaker/bong-saquing/page/31/,https://www.ccf.org.ph/message-speaker/bong-saquing/page/31/,https://www.ccf.org.ph/message-speaker/bong-saquing/page/31/,59,,Bong Saquing Archives - Page 31 of 41 - Christ's Commission Fellowship,1296,10,10,0,0,51,0,,
200,taxonomy_archive,link-discovery,https://www.ccf.org.ph/message-speaker/bong-saquing/page/32/,https://www.ccf.org.ph/message-speaker/bong-saquing/page/32/,https://www.ccf.org.ph/message-speaker/bong-saquing/page/32/,59,,Bong Saquing Archives - Page 32 of 41 - Christ's Commission Fellowship,2502,10,10,0,0,51,0,,
200,taxonomy_archive,link-discovery,https://www.ccf.org.ph/message-speaker/bong-saquing/page/33/,https://www.ccf.org.ph/message-speaker/bong-saquing/page/33/,https://www.ccf.org.ph/message-speaker/bong-saquing/page/33/,59,,Bong Saquing Archives - Page 33 of 41 - Christ's Commission Fellowship,2584,10,8,0,0,51,0,,
200,taxonomy_archive,link-discovery,https://www.ccf.org.ph/message-speaker/bong-saquing/page/34/,https://www.ccf.org.ph/message-speaker/bong-saquing/page/34/,https://www.ccf.org.ph/message-speaker/bong-saquing/page/34/,59,,Bong Saquing Archives - Page 34 of 41 - Christ's Commission Fellowship,2374,10,9,0,0,51,0,,
200,taxonomy_archive,link-discovery,https://www.ccf.org.ph/message-speaker/bong-saquing/page/35/,https://www.ccf.org.ph/message-speaker/bong-saquing/page/35/,https://www.ccf.org.ph/message-speaker/bong-saquing/page/35/,59,,Bong Saquing Archives - Page 35 of 41 - Christ's Commission Fellowship,1658,10,10,0,0,51,0,,
200,taxonomy_archive,link-discovery,https://www.ccf.org.ph/message-speaker/bong-saquing/page/36/,https://www.ccf.org.ph/message-speaker/bong-saquing/page/36/,https://www.ccf.org.ph/message-speaker/bong-saquing/page/36/,59,,Bong Saquing Archives - Page 36 of 41 - Christ's Commission Fellowship,428,10,7,0,0,51,0,,
200,taxonomy_archive,link-discovery,https://www.ccf.org.ph/message-speaker/bong-saquing/page/37/,https://www.ccf.org.ph/message-speaker/bong-saquing/page/37/,https://www.ccf.org.ph/message-speaker/bong-saquing/page/37/,59,,Bong Saquing Archives - Page 37 of 41 - Christ's Commission Fellowship,590,10,10,0,0,51,0,,
200,taxonomy_archive,link-discovery,https://www.ccf.org.ph/message-speaker/bong-saquing/page/38/,https://www.ccf.org.ph/message-speaker/bong-saquing/page/38/,https://www.ccf.org.ph/message-speaker/bong-saquing/page/38/,59,,Bong Saquing Archives - Page 38 of 41 - Christ's Commission Fellowship,814,10,10,0,0,51,0,,
200,taxonomy_archive,link-discovery,https://www.ccf.org.ph/message-speaker/bong-saquing/page/39/,https://www.ccf.org.ph/message-speaker/bong-saquing/page/39/,https://www.ccf.org.ph/message-speaker/bong-saquing/page/39/,59,,Bong Saquing Archives - Page 39 of 41 - Christ's Commission Fellowship,1756,10,9,0,0,51,0,,
200,taxonomy_archive,link-discovery,https://www.ccf.org.ph/message-speaker/bong-saquing/page/4/,https://www.ccf.org.ph/message-speaker/bong-saquing/page/4/,https://www.ccf.org.ph/message-speaker/bong-saquing/page/4/,59,,Bong Saquing Archives - Page 4 of 41 - Christ's Commission Fellowship,5813,10,9,0,0,51,0,,
200,taxonomy_archive,link-discovery,https://www.ccf.org.ph/message-speaker/bong-saquing/page/40/,https://www.ccf.org.ph/message-speaker/bong-saquing/page/40/,https://www.ccf.org.ph/message-speaker/bong-saquing/page/40/,59,,Bong Saquing Archives - Page 40 of 41 - Christ's Commission Fellowship,2111,10,9,0,0,51,0,,
200,taxonomy_archive,link-discovery,https://www.ccf.org.ph/message-speaker/bong-saquing/page/41/,https://www.ccf.org.ph/message-speaker/bong-saquing/page/41/,https://www.ccf.org.ph/message-speaker/bong-saquing/page/41/,59,,Bong Saquing Archives - Page 41 of 41 - Christ's Commission Fellowship,1651,6,5,0,0,48,0,,
200,taxonomy_archive,link-discovery,https://www.ccf.org.ph/message-speaker/bong-saquing/page/5/,https://www.ccf.org.ph/message-speaker/bong-saquing/page/5/,https://www.ccf.org.ph/message-speaker/bong-saquing/page/5/,59,,Bong Saquing Archives - Page 5 of 41 - Christ's Commission Fellowship,5817,10,10,0,0,51,0,,
200,taxonomy_archive,link-discovery,https://www.ccf.org.ph/message-speaker/bong-saquing/page/6/,https://www.ccf.org.ph/message-speaker/bong-saquing/page/6/,https://www.ccf.org.ph/message-speaker/bong-saquing/page/6/,59,,Bong Saquing Archives - Page 6 of 41 - Christ's Commission Fellowship,5793,10,10,0,0,52,0,,
200,taxonomy_archive,link-discovery,https://www.ccf.org.ph/message-speaker/bong-saquing/page/7/,https://www.ccf.org.ph/message-speaker/bong-saquing/page/7/,https://www.ccf.org.ph/message-speaker/bong-saquing/page/7/,59,,Bong Saquing Archives - Page 7 of 41 - Christ's Commission Fellowship,5589,10,10,0,0,52,0,,
200,taxonomy_archive,link-discovery,https://www.ccf.org.ph/message-speaker/bong-saquing/page/8/,https://www.ccf.org.ph/message-speaker/bong-saquing/page/8/,https://www.ccf.org.ph/message-speaker/bong-saquing/page/8/,59,,Bong Saquing Archives - Page 8 of 41 - Christ's Commission Fellowship,4984,10,10,0,0,52,0,,
200,taxonomy_archive,link-discovery,https://www.ccf.org.ph/message-speaker/bong-saquing/page/9/,https://www.ccf.org.ph/message-speaker/bong-saquing/page/9/,https://www.ccf.org.ph/message-speaker/bong-saquing/page/9/,59,,Bong Saquing Archives - Page 9 of 41 - Christ's Commission Fellowship,4789,10,10,0,0,52,0,,
200,taxonomy_archive,link-discovery,https://www.ccf.org.ph/message-speaker/edric-mendoza/page/2/,https://www.ccf.org.ph/message-speaker/edric-mendoza/page/2/,https://www.ccf.org.ph/message-speaker/edric-mendoza/page/2/,61,,Edric Mendoza Archives - Page 2 of 4 - Christ's Commission Fellowship,3689,10,10,0,0,15,0,,
200,taxonomy_archive,link-discovery,https://www.ccf.org.ph/message-speaker/edric-mendoza/page/3/,https://www.ccf.org.ph/message-speaker/edric-mendoza/page/3/,https://www.ccf.org.ph/message-speaker/edric-mendoza/page/3/,61,,Edric Mendoza Archives - Page 3 of 4 - Christ's Commission Fellowship,2933,10,10,0,0,15,0,,
200,taxonomy_archive,link-discovery,https://www.ccf.org.ph/message-speaker/edric-mendoza/page/4/,https://www.ccf.org.ph/message-speaker/edric-mendoza/page/4/,https://www.ccf.org.ph/message-speaker/edric-mendoza/page/4/,61,,Edric Mendoza Archives - Page 4 of 4 - Christ's Commission Fellowship,1012,4,4,0,0,9,0,,
200,taxonomy_archive,link-discovery,https://www.ccf.org.ph/message-speaker/jim-whelchel/page/2/,https://www.ccf.org.ph/message-speaker/jim-whelchel/page/2/,https://www.ccf.org.ph/message-speaker/jim-whelchel/page/2/,82,,Jim Whelchel Archives - Page 2 of 2 - Christ's Commission Fellowship,1945,5,5,0,0,9,0,,
200,taxonomy_archive,link-discovery,https://www.ccf.org.ph/message-speaker/joby-soriano/page/2/,https://www.ccf.org.ph/message-speaker/joby-soriano/page/2/,https://www.ccf.org.ph/message-speaker/joby-soriano/page/2/,114,,Joby Soriano Archives - Page 2 of 3 - Christ's Commission Fellowship,2631,10,10,0,0,15,0,,
200,taxonomy_archive,link-discovery,https://www.ccf.org.ph/message-speaker/joby-soriano/page/3/,https://www.ccf.org.ph/message-speaker/joby-soriano/page/3/,https://www.ccf.org.ph/message-speaker/joby-soriano/page/3/,114,,Joby Soriano Archives - Page 3 of 3 - Christ's Commission Fellowship,383,2,2,0,0,6,0,,
200,taxonomy_archive,link-discovery,https://www.ccf.org.ph/message-speaker/julius-rayala/page/2/,https://www.ccf.org.ph/message-speaker/julius-rayala/page/2/,https://www.ccf.org.ph/message-speaker/julius-rayala/page/2/,227,,Julius Rayala Archives - Page 2 of 4 - Christ's Commission Fellowship,3808,10,10,0,0,15,0,,
200,taxonomy_archive,link-discovery,https://www.ccf.org.ph/message-speaker/julius-rayala/page/3/,https://www.ccf.org.ph/message-speaker/julius-rayala/page/3/,https://www.ccf.org.ph/message-speaker/julius-rayala/page/3/,227,,Julius Rayala Archives - Page 3 of 4 - Christ's Commission Fellowship,3040,10,10,0,0,16,0,,
200,taxonomy_archive,link-discovery,https://www.ccf.org.ph/message-speaker/julius-rayala/page/4/,https://www.ccf.org.ph/message-speaker/julius-rayala/page/4/,https://www.ccf.org.ph/message-speaker/julius-rayala/page/4/,227,,Julius Rayala Archives - Page 4 of 4 - Christ's Commission Fellowship,276,2,2,0,0,7,0,,
200,taxonomy_archive,link-discovery,https://www.ccf.org.ph/message-speaker/leo-mata/page/2/,https://www.ccf.org.ph/message-speaker/leo-mata/page/2/,https://www.ccf.org.ph/message-speaker/leo-mata/page/2/,437,,Leo Mata Archives - Page 2 of 2 - Christ's Commission Fellowship,828,2,2,0,0,5,0,,
200,taxonomy_archive,link-discovery,https://www.ccf.org.ph/message-speaker/marty-ocaya/page/2/,https://www.ccf.org.ph/message-speaker/marty-ocaya/page/2/,https://www.ccf.org.ph/message-speaker/marty-ocaya/page/2/,78,,Marty Ocaya Archives - Page 2 of 6 - Christ's Commission Fellowship,5392,10,10,0,0,17,0,,
200,taxonomy_archive,link-discovery,https://www.ccf.org.ph/message-speaker/marty-ocaya/page/3/,https://www.ccf.org.ph/message-speaker/marty-ocaya/page/3/,https://www.ccf.org.ph/message-speaker/marty-ocaya/page/3/,78,,Marty Ocaya Archives - Page 3 of 6 - Christ's Commission Fellowship,4251,10,10,0,0,17,0,,
200,taxonomy_archive,link-discovery,https://www.ccf.org.ph/message-speaker/marty-ocaya/page/4/,https://www.ccf.org.ph/message-speaker/marty-ocaya/page/4/,https://www.ccf.org.ph/message-speaker/marty-ocaya/page/4/,78,,Marty Ocaya Archives - Page 4 of 6 - Christ's Commission Fellowship,4119,10,10,0,0,17,0,,
200,taxonomy_archive,link-discovery,https://www.ccf.org.ph/message-speaker/marty-ocaya/page/5/,https://www.ccf.org.ph/message-speaker/marty-ocaya/page/5/,https://www.ccf.org.ph/message-speaker/marty-ocaya/page/5/,78,,Marty Ocaya Archives - Page 5 of 6 - Christ's Commission Fellowship,4013,10,10,0,0,17,0,,
200,taxonomy_archive,link-discovery,https://www.ccf.org.ph/message-speaker/marty-ocaya/page/6/,https://www.ccf.org.ph/message-speaker/marty-ocaya/page/6/,https://www.ccf.org.ph/message-speaker/marty-ocaya/page/6/,78,,Marty Ocaya Archives - Page 6 of 6 - Christ's Commission Fellowship,3081,10,10,0,0,19,0,,
200,taxonomy_archive,link-discovery,https://www.ccf.org.ph/message-speaker/paul-de-vera/page/10/,https://www.ccf.org.ph/message-speaker/paul-de-vera/page/10/,https://www.ccf.org.ph/message-speaker/paul-de-vera/page/10/,179,,Paul de Vera Archives - Page 10 of 12 - Christ's Commission Fellowship,3606,10,10,0,0,22,0,,
200,taxonomy_archive,link-discovery,https://www.ccf.org.ph/message-speaker/paul-de-vera/page/11/,https://www.ccf.org.ph/message-speaker/paul-de-vera/page/11/,https://www.ccf.org.ph/message-speaker/paul-de-vera/page/11/,179,,Paul de Vera Archives - Page 11 of 12 - Christ's Commission Fellowship,3059,10,10,0,0,24,0,,
200,taxonomy_archive,link-discovery,https://www.ccf.org.ph/message-speaker/paul-de-vera/page/12/,https://www.ccf.org.ph/message-speaker/paul-de-vera/page/12/,https://www.ccf.org.ph/message-speaker/paul-de-vera/page/12/,179,,Paul de Vera Archives - Page 12 of 12 - Christ's Commission Fellowship,1749,10,10,0,0,24,0,,
200,taxonomy_archive,link-discovery,https://www.ccf.org.ph/message-speaker/paul-de-vera/page/2/,https://www.ccf.org.ph/message-speaker/paul-de-vera/page/2/,https://www.ccf.org.ph/message-speaker/paul-de-vera/page/2/,179,,Paul de Vera Archives - Page 2 of 12 - Christ's Commission Fellowship,5728,10,10,0,0,22,0,,
200,taxonomy_archive,link-discovery,https://www.ccf.org.ph/message-speaker/paul-de-vera/page/3/,https://www.ccf.org.ph/message-speaker/paul-de-vera/page/3/,https://www.ccf.org.ph/message-speaker/paul-de-vera/page/3/,179,,Paul de Vera Archives - Page 3 of 12 - Christ's Commission Fellowship,5684,10,10,0,0,23,0,,
200,taxonomy_archive,link-discovery,https://www.ccf.org.ph/message-speaker/paul-de-vera/page/4/,https://www.ccf.org.ph/message-speaker/paul-de-vera/page/4/,https://www.ccf.org.ph/message-speaker/paul-de-vera/page/4/,179,,Paul de Vera Archives - Page 4 of 12 - Christ's Commission Fellowship,4850,10,10,0,0,23,0,,
200,taxonomy_archive,link-discovery,https://www.ccf.org.ph/message-speaker/paul-de-vera/page/5/,https://www.ccf.org.ph/message-speaker/paul-de-vera/page/5/,https://www.ccf.org.ph/message-speaker/paul-de-vera/page/5/,179,,Paul de Vera Archives - Page 5 of 12 - Christ's Commission Fellowship,4200,10,10,0,0,23,0,,
200,taxonomy_archive,link-discovery,https://www.ccf.org.ph/message-speaker/paul-de-vera/page/6/,https://www.ccf.org.ph/message-speaker/paul-de-vera/page/6/,https://www.ccf.org.ph/message-speaker/paul-de-vera/page/6/,179,,Paul de Vera Archives - Page 6 of 12 - Christ's Commission Fellowship,4358,10,10,0,0,23,0,,
200,taxonomy_archive,link-discovery,https://www.ccf.org.ph/message-speaker/paul-de-vera/page/7/,https://www.ccf.org.ph/message-speaker/paul-de-vera/page/7/,https://www.ccf.org.ph/message-speaker/paul-de-vera/page/7/,179,,Paul de Vera Archives - Page 7 of 12 - Christ's Commission Fellowship,4366,10,10,0,0,23,0,,
200,taxonomy_archive,link-discovery,https://www.ccf.org.ph/message-speaker/paul-de-vera/page/8/,https://www.ccf.org.ph/message-speaker/paul-de-vera/page/8/,https://www.ccf.org.ph/message-speaker/paul-de-vera/page/8/,179,,Paul de Vera Archives - Page 8 of 12 - Christ's Commission Fellowship,3260,10,8,0,0,22,0,,
200,taxonomy_archive,link-discovery,https://www.ccf.org.ph/message-speaker/paul-de-vera/page/9/,https://www.ccf.org.ph/message-speaker/paul-de-vera/page/9/,https://www.ccf.org.ph/message-speaker/paul-de-vera/page/9/,179,,Paul de Vera Archives - Page 9 of 12 - Christ's Commission Fellowship,4330,10,10,0,0,23,0,,
200,taxonomy_archive,link-discovery,https://www.ccf.org.ph/message-speaker/paul-tanchi/page/2/,https://www.ccf.org.ph/message-speaker/paul-tanchi/page/2/,https://www.ccf.org.ph/message-speaker/paul-tanchi/page/2/,75,,Paul Tanchi Archives - Page 2 of 5 - Christ's Commission Fellowship,4143,10,10,0,0,16,0,,
200,taxonomy_archive,link-discovery,https://www.ccf.org.ph/message-speaker/paul-tanchi/page/3/,https://www.ccf.org.ph/message-speaker/paul-tanchi/page/3/,https://www.ccf.org.ph/message-speaker/paul-tanchi/page/3/,75,,Paul Tanchi Archives - Page 3 of 5 - Christ's Commission Fellowship,4151,10,10,0,0,16,0,,
200,taxonomy_archive,link-discovery,https://www.ccf.org.ph/message-speaker/paul-tanchi/page/4/,https://www.ccf.org.ph/message-speaker/paul-tanchi/page/4/,https://www.ccf.org.ph/message-speaker/paul-tanchi/page/4/,75,,Paul Tanchi Archives - Page 4 of 5 - Christ's Commission Fellowship,2520,10,10,0,0,17,0,,
200,taxonomy_archive,link-discovery,https://www.ccf.org.ph/message-speaker/paul-tanchi/page/5/,https://www.ccf.org.ph/message-speaker/paul-tanchi/page/5/,https://www.ccf.org.ph/message-speaker/paul-tanchi/page/5/,75,,Paul Tanchi Archives - Page 5 of 5 - Christ's Commission Fellowship,2025,9,9,0,0,15,0,,
200,taxonomy_archive,link-discovery,https://www.ccf.org.ph/message-speaker/peter-tanchi-jr/page/2/,https://www.ccf.org.ph/message-speaker/peter-tanchi-jr/page/2/,https://www.ccf.org.ph/message-speaker/peter-tanchi-jr/page/2/,77,,Peter Tanchi Jr. Archives - Page 2 of 4 - Christ's Commission Fellowship,3936,10,10,0,0,15,0,,
200,taxonomy_archive,link-discovery,https://www.ccf.org.ph/message-speaker/peter-tanchi-jr/page/3/,https://www.ccf.org.ph/message-speaker/peter-tanchi-jr/page/3/,https://www.ccf.org.ph/message-speaker/peter-tanchi-jr/page/3/,77,,Peter Tanchi Jr. Archives - Page 3 of 4 - Christ's Commission Fellowship,2393,10,10,0,0,16,0,,
200,taxonomy_archive,link-discovery,https://www.ccf.org.ph/message-speaker/peter-tanchi-jr/page/4/,https://www.ccf.org.ph/message-speaker/peter-tanchi-jr/page/4/,https://www.ccf.org.ph/message-speaker/peter-tanchi-jr/page/4/,77,,Peter Tanchi Jr. Archives - Page 4 of 4 - Christ's Commission Fellowship,1777,7,7,0,0,12,0,,
200,taxonomy_archive,link-discovery,https://www.ccf.org.ph/message-speaker/peter-tanchi/page/10/,https://www.ccf.org.ph/message-speaker/peter-tanchi/page/10/,https://www.ccf.org.ph/message-speaker/peter-tanchi/page/10/,55,,Peter Tanchi Archives - Page 10 of 35 - Christ's Commission Fellowship,4083,10,10,0,0,46,0,,
200,taxonomy_archive,link-discovery,https://www.ccf.org.ph/message-speaker/peter-tanchi/page/11/,https://www.ccf.org.ph/message-speaker/peter-tanchi/page/11/,https://www.ccf.org.ph/message-speaker/peter-tanchi/page/11/,55,,Peter Tanchi Archives - Page 11 of 35 - Christ's Commission Fellowship,4441,10,10,0,0,46,0,,
200,taxonomy_archive,link-discovery,https://www.ccf.org.ph/message-speaker/peter-tanchi/page/12/,https://www.ccf.org.ph/message-speaker/peter-tanchi/page/12/,https://www.ccf.org.ph/message-speaker/peter-tanchi/page/12/,55,,Peter Tanchi Archives - Page 12 of 35 - Christ's Commission Fellowship,3861,10,10,0,0,46,0,,
200,taxonomy_archive,link-discovery,https://www.ccf.org.ph/message-speaker/peter-tanchi/page/13/,https://www.ccf.org.ph/message-speaker/peter-tanchi/page/13/,https://www.ccf.org.ph/message-speaker/peter-tanchi/page/13/,55,,Peter Tanchi Archives - Page 13 of 35 - Christ's Commission Fellowship,3163,10,10,0,0,45,0,,
200,taxonomy_archive,link-discovery,https://www.ccf.org.ph/message-speaker/peter-tanchi/page/14/,https://www.ccf.org.ph/message-speaker/peter-tanchi/page/14/,https://www.ccf.org.ph/message-speaker/peter-tanchi/page/14/,55,,Peter Tanchi Archives - Page 14 of 35 - Christ's Commission Fellowship,3087,10,10,0,0,45,0,,
200,taxonomy_archive,link-discovery,https://www.ccf.org.ph/message-speaker/peter-tanchi/page/15/,https://www.ccf.org.ph/message-speaker/peter-tanchi/page/15/,https://www.ccf.org.ph/message-speaker/peter-tanchi/page/15/,55,,Peter Tanchi Archives - Page 15 of 35 - Christ's Commission Fellowship,3620,10,10,0,0,46,0,,
200,taxonomy_archive,link-discovery,https://www.ccf.org.ph/message-speaker/peter-tanchi/page/16/,https://www.ccf.org.ph/message-speaker/peter-tanchi/page/16/,https://www.ccf.org.ph/message-speaker/peter-tanchi/page/16/,55,,Peter Tanchi Archives - Page 16 of 35 - Christ's Commission Fellowship,4447,10,10,0,0,45,0,,
200,taxonomy_archive,link-discovery,https://www.ccf.org.ph/message-speaker/peter-tanchi/page/17/,https://www.ccf.org.ph/message-speaker/peter-tanchi/page/17/,https://www.ccf.org.ph/message-speaker/peter-tanchi/page/17/,55,,Peter Tanchi Archives - Page 17 of 35 - Christ's Commission Fellowship,3510,10,10,0,0,45,0,,
200,taxonomy_archive,link-discovery,https://www.ccf.org.ph/message-speaker/peter-tanchi/page/18/,https://www.ccf.org.ph/message-speaker/peter-tanchi/page/18/,https://www.ccf.org.ph/message-speaker/peter-tanchi/page/18/,55,,Peter Tanchi Archives - Page 18 of 35 - Christ's Commission Fellowship,3173,10,10,0,0,45,0,,
200,taxonomy_archive,link-discovery,https://www.ccf.org.ph/message-speaker/peter-tanchi/page/19/,https://www.ccf.org.ph/message-speaker/peter-tanchi/page/19/,https://www.ccf.org.ph/message-speaker/peter-tanchi/page/19/,55,,Peter Tanchi Archives - Page 19 of 35 - Christ's Commission Fellowship,3022,10,10,0,0,45,0,,
200,taxonomy_archive,link-discovery,https://www.ccf.org.ph/message-speaker/peter-tanchi/page/2/,https://www.ccf.org.ph/message-speaker/peter-tanchi/page/2/,https://www.ccf.org.ph/message-speaker/peter-tanchi/page/2/,55,,Peter Tanchi Archives - Page 2 of 35 - Christ's Commission Fellowship,5671,10,10,0,0,45,0,,
200,taxonomy_archive,link-discovery,https://www.ccf.org.ph/message-speaker/peter-tanchi/page/20/,https://www.ccf.org.ph/message-speaker/peter-tanchi/page/20/,https://www.ccf.org.ph/message-speaker/peter-tanchi/page/20/,55,,Peter Tanchi Archives - Page 20 of 35 - Christ's Commission Fellowship,3284,10,8,0,0,45,0,,
200,taxonomy_archive,link-discovery,https://www.ccf.org.ph/message-speaker/peter-tanchi/page/21/,https://www.ccf.org.ph/message-speaker/peter-tanchi/page/21/,https://www.ccf.org.ph/message-speaker/peter-tanchi/page/21/,55,,Peter Tanchi Archives - Page 21 of 35 - Christ's Commission Fellowship,2269,10,10,0,0,46,0,,
200,taxonomy_archive,link-discovery,https://www.ccf.org.ph/message-speaker/peter-tanchi/page/22/,https://www.ccf.org.ph/message-speaker/peter-tanchi/page/22/,https://www.ccf.org.ph/message-speaker/peter-tanchi/page/22/,55,,Peter Tanchi Archives - Page 22 of 35 - Christ's Commission Fellowship,2036,10,10,0,0,46,0,,
200,taxonomy_archive,link-discovery,https://www.ccf.org.ph/message-speaker/peter-tanchi/page/23/,https://www.ccf.org.ph/message-speaker/peter-tanchi/page/23/,https://www.ccf.org.ph/message-speaker/peter-tanchi/page/23/,55,,Peter Tanchi Archives - Page 23 of 35 - Christ's Commission Fellowship,1381,10,10,0,0,45,0,,
200,taxonomy_archive,link-discovery,https://www.ccf.org.ph/message-speaker/peter-tanchi/page/24/,https://www.ccf.org.ph/message-speaker/peter-tanchi/page/24/,https://www.ccf.org.ph/message-speaker/peter-tanchi/page/24/,55,,Peter Tanchi Archives - Page 24 of 35 - Christ's Commission Fellowship,1464,10,10,0,0,45,0,,
200,taxonomy_archive,link-discovery,https://www.ccf.org.ph/message-speaker/peter-tanchi/page/25/,https://www.ccf.org.ph/message-speaker/peter-tanchi/page/25/,https://www.ccf.org.ph/message-speaker/peter-tanchi/page/25/,55,,Peter Tanchi Archives - Page 25 of 35 - Christ's Commission Fellowship,1497,10,10,0,0,45,0,,
200,taxonomy_archive,link-discovery,https://www.ccf.org.ph/message-speaker/peter-tanchi/page/26/,https://www.ccf.org.ph/message-speaker/peter-tanchi/page/26/,https://www.ccf.org.ph/message-speaker/peter-tanchi/page/26/,55,,Peter Tanchi Archives - Page 26 of 35 - Christ's Commission Fellowship,886,10,9,0,0,45,0,,
200,taxonomy_archive,link-discovery,https://www.ccf.org.ph/message-speaker/peter-tanchi/page/27/,https://www.ccf.org.ph/message-speaker/peter-tanchi/page/27/,https://www.ccf.org.ph/message-speaker/peter-tanchi/page/27/,55,,Peter Tanchi Archives - Page 27 of 35 - Christ's Commission Fellowship,2300,10,10,0,0,45,0,,
200,taxonomy_archive,link-discovery,https://www.ccf.org.ph/message-speaker/peter-tanchi/page/28/,https://www.ccf.org.ph/message-speaker/peter-tanchi/page/28/,https://www.ccf.org.ph/message-speaker/peter-tanchi/page/28/,55,,Peter Tanchi Archives - Page 28 of 35 - Christ's Commission Fellowship,3089,10,10,0,0,45,0,,
200,taxonomy_archive,link-discovery,https://www.ccf.org.ph/message-speaker/peter-tanchi/page/29/,https://www.ccf.org.ph/message-speaker/peter-tanchi/page/29/,https://www.ccf.org.ph/message-speaker/peter-tanchi/page/29/,55,,Peter Tanchi Archives - Page 29 of 35 - Christ's Commission Fellowship,1944,10,10,0,0,45,0,,
200,taxonomy_archive,link-discovery,https://www.ccf.org.ph/message-speaker/peter-tanchi/page/3/,https://www.ccf.org.ph/message-speaker/peter-tanchi/page/3/,https://www.ccf.org.ph/message-speaker/peter-tanchi/page/3/,55,,Peter Tanchi Archives - Page 3 of 35 - Christ's Commission Fellowship,5512,10,10,0,0,45,0,,
200,taxonomy_archive,link-discovery,https://www.ccf.org.ph/message-speaker/peter-tanchi/page/30/,https://www.ccf.org.ph/message-speaker/peter-tanchi/page/30/,https://www.ccf.org.ph/message-speaker/peter-tanchi/page/30/,55,,Peter Tanchi Archives - Page 30 of 35 - Christ's Commission Fellowship,828,10,10,0,0,45,0,,
200,taxonomy_archive,link-discovery,https://www.ccf.org.ph/message-speaker/peter-tanchi/page/31/,https://www.ccf.org.ph/message-speaker/peter-tanchi/page/31/,https://www.ccf.org.ph/message-speaker/peter-tanchi/page/31/,55,,Peter Tanchi Archives - Page 31 of 35 - Christ's Commission Fellowship,566,10,10,0,0,45,0,,
200,taxonomy_archive,link-discovery,https://www.ccf.org.ph/message-speaker/peter-tanchi/page/32/,https://www.ccf.org.ph/message-speaker/peter-tanchi/page/32/,https://www.ccf.org.ph/message-speaker/peter-tanchi/page/32/,55,,Peter Tanchi Archives - Page 32 of 35 - Christ's Commission Fellowship,1716,10,10,0,0,45,0,,
200,taxonomy_archive,link-discovery,https://www.ccf.org.ph/message-speaker/peter-tanchi/page/33/,https://www.ccf.org.ph/message-speaker/peter-tanchi/page/33/,https://www.ccf.org.ph/message-speaker/peter-tanchi/page/33/,55,,Peter Tanchi Archives - Page 33 of 35 - Christ's Commission Fellowship,2510,10,10,0,0,45,0,,
200,taxonomy_archive,link-discovery,https://www.ccf.org.ph/message-speaker/peter-tanchi/page/34/,https://www.ccf.org.ph/message-speaker/peter-tanchi/page/34/,https://www.ccf.org.ph/message-speaker/peter-tanchi/page/34/,55,,Peter Tanchi Archives - Page 34 of 35 - Christ's Commission Fellowship,3239,10,10,0,0,45,0,,
200,taxonomy_archive,link-discovery,https://www.ccf.org.ph/message-speaker/peter-tanchi/page/35/,https://www.ccf.org.ph/message-speaker/peter-tanchi/page/35/,https://www.ccf.org.ph/message-speaker/peter-tanchi/page/35/,55,,Peter Tanchi Archives - Page 35 of 35 - Christ's Commission Fellowship,1444,5,5,0,0,41,0,,
200,taxonomy_archive,link-discovery,https://www.ccf.org.ph/message-speaker/peter-tanchi/page/4/,https://www.ccf.org.ph/message-speaker/peter-tanchi/page/4/,https://www.ccf.org.ph/message-speaker/peter-tanchi/page/4/,55,,Peter Tanchi Archives - Page 4 of 35 - Christ's Commission Fellowship,5575,10,10,0,0,46,0,,
200,taxonomy_archive,link-discovery,https://www.ccf.org.ph/message-speaker/peter-tanchi/page/5/,https://www.ccf.org.ph/message-speaker/peter-tanchi/page/5/,https://www.ccf.org.ph/message-speaker/peter-tanchi/page/5/,55,,Peter Tanchi Archives - Page 5 of 35 - Christ's Commission Fellowship,5502,10,10,0,0,46,0,,
200,taxonomy_archive,link-discovery,https://www.ccf.org.ph/message-speaker/peter-tanchi/page/6/,https://www.ccf.org.ph/message-speaker/peter-tanchi/page/6/,https://www.ccf.org.ph/message-speaker/peter-tanchi/page/6/,55,,Peter Tanchi Archives - Page 6 of 35 - Christ's Commission Fellowship,4946,10,10,0,0,46,0,,
200,taxonomy_archive,link-discovery,https://www.ccf.org.ph/message-speaker/peter-tanchi/page/7/,https://www.ccf.org.ph/message-speaker/peter-tanchi/page/7/,https://www.ccf.org.ph/message-speaker/peter-tanchi/page/7/,55,,Peter Tanchi Archives - Page 7 of 35 - Christ's Commission Fellowship,4369,10,10,0,0,46,0,,
200,taxonomy_archive,link-discovery,https://www.ccf.org.ph/message-speaker/peter-tanchi/page/8/,https://www.ccf.org.ph/message-speaker/peter-tanchi/page/8/,https://www.ccf.org.ph/message-speaker/peter-tanchi/page/8/,55,,Peter Tanchi Archives - Page 8 of 35 - Christ's Commission Fellowship,4374,10,10,0,0,46,0,,
200,taxonomy_archive,link-discovery,https://www.ccf.org.ph/message-speaker/peter-tanchi/page/9/,https://www.ccf.org.ph/message-speaker/peter-tanchi/page/9/,https://www.ccf.org.ph/message-speaker/peter-tanchi/page/9/,55,,Peter Tanchi Archives - Page 9 of 35 - Christ's Commission Fellowship,4157,10,10,0,0,46,0,,
200,taxonomy_archive,link-discovery,https://www.ccf.org.ph/message-speaker/ricky-sarthou/page/10/,https://www.ccf.org.ph/message-speaker/ricky-sarthou/page/10/,https://www.ccf.org.ph/message-speaker/ricky-sarthou/page/10/,31,,Ricky Sarthou Archives - Page 10 of 15 - Christ's Commission Fellowship,3016,10,10,0,0,27,0,,
200,taxonomy_archive,link-discovery,https://www.ccf.org.ph/message-speaker/ricky-sarthou/page/11/,https://www.ccf.org.ph/message-speaker/ricky-sarthou/page/11/,https://www.ccf.org.ph/message-speaker/ricky-sarthou/page/11/,31,,Ricky Sarthou Archives - Page 11 of 15 - Christ's Commission Fellowship,1395,10,10,0,0,25,0,,
200,taxonomy_archive,link-discovery,https://www.ccf.org.ph/message-speaker/ricky-sarthou/page/12/,https://www.ccf.org.ph/message-speaker/ricky-sarthou/page/12/,https://www.ccf.org.ph/message-speaker/ricky-sarthou/page/12/,31,,Ricky Sarthou Archives - Page 12 of 15 - Christ's Commission Fellowship,2696,10,8,0,0,25,0,,
200,taxonomy_archive,link-discovery,https://www.ccf.org.ph/message-speaker/ricky-sarthou/page/13/,https://www.ccf.org.ph/message-speaker/ricky-sarthou/page/13/,https://www.ccf.org.ph/message-speaker/ricky-sarthou/page/13/,31,,Ricky Sarthou Archives - Page 13 of 15 - Christ's Commission Fellowship,667,10,10,0,0,25,0,,
200,taxonomy_archive,link-discovery,https://www.ccf.org.ph/message-speaker/ricky-sarthou/page/14/,https://www.ccf.org.ph/message-speaker/ricky-sarthou/page/14/,https://www.ccf.org.ph/message-speaker/ricky-sarthou/page/14/,31,,Ricky Sarthou Archives - Page 14 of 15 - Christ's Commission Fellowship,2209,10,10,0,0,25,0,,
200,taxonomy_archive,link-discovery,https://www.ccf.org.ph/message-speaker/ricky-sarthou/page/15/,https://www.ccf.org.ph/message-speaker/ricky-sarthou/page/15/,https://www.ccf.org.ph/message-speaker/ricky-sarthou/page/15/,31,,Ricky Sarthou Archives - Page 15 of 15 - Christ's Commission Fellowship,3060,9,9,0,0,26,0,,
200,taxonomy_archive,link-discovery,https://www.ccf.org.ph/message-speaker/ricky-sarthou/page/2/,https://www.ccf.org.ph/message-speaker/ricky-sarthou/page/2/,https://www.ccf.org.ph/message-speaker/ricky-sarthou/page/2/,31,,Ricky Sarthou Archives - Page 2 of 15 - Christ's Commission Fellowship,5592,10,10,0,0,26,0,,
200,taxonomy_archive,link-discovery,https://www.ccf.org.ph/message-speaker/ricky-sarthou/page/3/,https://www.ccf.org.ph/message-speaker/ricky-sarthou/page/3/,https://www.ccf.org.ph/message-speaker/ricky-sarthou/page/3/,31,,Ricky Sarthou Archives - Page 3 of 15 - Christ's Commission Fellowship,4902,10,10,0,0,26,0,,
200,taxonomy_archive,link-discovery,https://www.ccf.org.ph/message-speaker/ricky-sarthou/page/4/,https://www.ccf.org.ph/message-speaker/ricky-sarthou/page/4/,https://www.ccf.org.ph/message-speaker/ricky-sarthou/page/4/,31,,Ricky Sarthou Archives - Page 4 of 15 - Christ's Commission Fellowship,4161,10,10,0,0,26,0,,
200,taxonomy_archive,link-discovery,https://www.ccf.org.ph/message-speaker/ricky-sarthou/page/5/,https://www.ccf.org.ph/message-speaker/ricky-sarthou/page/5/,https://www.ccf.org.ph/message-speaker/ricky-sarthou/page/5/,31,,Ricky Sarthou Archives - Page 5 of 15 - Christ's Commission Fellowship,4275,10,10,0,0,26,0,,
200,taxonomy_archive,link-discovery,https://www.ccf.org.ph/message-speaker/ricky-sarthou/page/6/,https://www.ccf.org.ph/message-speaker/ricky-sarthou/page/6/,https://www.ccf.org.ph/message-speaker/ricky-sarthou/page/6/,31,,Ricky Sarthou Archives - Page 6 of 15 - Christ's Commission Fellowship,3986,10,10,0,0,26,0,,
200,taxonomy_archive,link-discovery,https://www.ccf.org.ph/message-speaker/ricky-sarthou/page/7/,https://www.ccf.org.ph/message-speaker/ricky-sarthou/page/7/,https://www.ccf.org.ph/message-speaker/ricky-sarthou/page/7/,31,,Ricky Sarthou Archives - Page 7 of 15 - Christ's Commission Fellowship,3041,10,10,0,0,25,0,,
200,taxonomy_archive,link-discovery,https://www.ccf.org.ph/message-speaker/ricky-sarthou/page/8/,https://www.ccf.org.ph/message-speaker/ricky-sarthou/page/8/,https://www.ccf.org.ph/message-speaker/ricky-sarthou/page/8/,31,,Ricky Sarthou Archives - Page 8 of 15 - Christ's Commission Fellowship,4043,10,10,0,0,26,0,,
200,taxonomy_archive,link-discovery,https://www.ccf.org.ph/message-speaker/ricky-sarthou/page/9/,https://www.ccf.org.ph/message-speaker/ricky-sarthou/page/9/,https://www.ccf.org.ph/message-speaker/ricky-sarthou/page/9/,31,,Ricky Sarthou Archives - Page 9 of 15 - Christ's Commission Fellowship,3211,10,10,0,0,25,0,,
200,page,link-discovery,https://www.ccf.org.ph/messages/?filter=runthrough,https://www.ccf.org.ph/messages/?filter=runthrough,https://www.ccf.org.ph/messages/,212,,Messages - Christ's Commission Fellowship,1061,1,21,0,0,24,0,,
200,page,link-discovery,https://www.ccf.org.ph/messages/page/1/,https://www.ccf.org.ph/messages/,https://www.ccf.org.ph/messages/,212,,Messages - Christ's Commission Fellowship,1061,1,21,0,0,24,0,,
200,page,link-discovery,https://www.ccf.org.ph/messages/page/1/?filter=runthrough,https://www.ccf.org.ph/messages/?filter=runthrough,https://www.ccf.org.ph/messages/,212,,Messages - Christ's Commission Fellowship,1061,1,21,0,0,24,0,,
200,page,link-discovery,https://www.ccf.org.ph/messages/page/2/,https://www.ccf.org.ph/messages/page/2/,https://www.ccf.org.ph/messages/,212,,Messages - Christ's Commission Fellowship,938,1,21,0,0,25,0,,
200,page,link-discovery,https://www.ccf.org.ph/messages/page/2/?filter=runthrough,https://www.ccf.org.ph/messages/page/2/?filter=runthrough,https://www.ccf.org.ph/messages/,212,,Messages - Christ's Commission Fellowship,938,1,21,0,0,25,0,,
200,page,link-discovery,https://www.ccf.org.ph/messages/page/3/,https://www.ccf.org.ph/messages/page/3/,https://www.ccf.org.ph/messages/,212,,Messages - Christ's Commission Fellowship,1091,1,21,0,0,26,0,,
200,page,link-discovery,https://www.ccf.org.ph/messages/page/3/?filter=runthrough,https://www.ccf.org.ph/messages/page/3/?filter=runthrough,https://www.ccf.org.ph/messages/,212,,Messages - Christ's Commission Fellowship,1091,1,21,0,0,26,0,,
200,page,link-discovery,https://www.ccf.org.ph/messages/page/38/,https://www.ccf.org.ph/messages/page/38/,https://www.ccf.org.ph/messages/,212,,Messages - Christ's Commission Fellowship,876,1,21,0,0,27,0,,
200,page,link-discovery,https://www.ccf.org.ph/messages/page/39/,https://www.ccf.org.ph/messages/page/39/,https://www.ccf.org.ph/messages/,212,,Messages - Christ's Commission Fellowship,869,1,21,0,0,27,0,,
200,page,link-discovery,https://www.ccf.org.ph/messages/page/4/,https://www.ccf.org.ph/messages/page/4/,https://www.ccf.org.ph/messages/,212,,Messages - Christ's Commission Fellowship,1092,1,21,0,0,27,0,,
200,page,link-discovery,https://www.ccf.org.ph/messages/page/4/?filter=runthrough,https://www.ccf.org.ph/messages/page/4/?filter=runthrough,https://www.ccf.org.ph/messages/,212,,Messages - Christ's Commission Fellowship,1092,1,21,0,0,27,0,,
200,page,link-discovery,https://www.ccf.org.ph/messages/page/40/,https://www.ccf.org.ph/messages/page/40/,https://www.ccf.org.ph/messages/,212,,Messages - Christ's Commission Fellowship,816,1,21,0,0,27,0,,
200,page,link-discovery,https://www.ccf.org.ph/messages/page/40/?filter=runthrough,https://www.ccf.org.ph/messages/page/40/?filter=runthrough,https://www.ccf.org.ph/messages/,212,,Messages - Christ's Commission Fellowship,816,1,21,0,0,27,0,,
200,page,link-discovery,https://www.ccf.org.ph/messages/page/41/,https://www.ccf.org.ph/messages/page/41/,https://www.ccf.org.ph/messages/,212,,Messages - Christ's Commission Fellowship,847,1,21,0,0,27,0,,
200,page,link-discovery,https://www.ccf.org.ph/messages/page/41/?filter=runthrough,https://www.ccf.org.ph/messages/page/41/?filter=runthrough,https://www.ccf.org.ph/messages/,212,,Messages - Christ's Commission Fellowship,847,1,21,0,0,27,0,,
200,page,link-discovery,https://www.ccf.org.ph/messages/page/42/,https://www.ccf.org.ph/messages/page/42/,https://www.ccf.org.ph/messages/,212,,Messages - Christ's Commission Fellowship,816,1,21,0,0,26,0,,
200,page,link-discovery,https://www.ccf.org.ph/messages/page/42/?filter=runthrough,https://www.ccf.org.ph/messages/page/42/?filter=runthrough,https://www.ccf.org.ph/messages/,212,,Messages - Christ's Commission Fellowship,816,1,21,0,0,26,0,,
200,page,link-discovery,https://www.ccf.org.ph/messages/page/43/,https://www.ccf.org.ph/messages/page/43/,https://www.ccf.org.ph/messages/,212,,Messages - Christ's Commission Fellowship,822,1,21,0,0,26,0,,
200,page,link-discovery,https://www.ccf.org.ph/messages/page/43/?filter=runthrough,https://www.ccf.org.ph/messages/page/43/?filter=runthrough,https://www.ccf.org.ph/messages/,212,,Messages - Christ's Commission Fellowship,822,1,21,0,0,26,0,,
200,page,link-discovery,https://www.ccf.org.ph/messages/page/44/,https://www.ccf.org.ph/messages/page/44/,https://www.ccf.org.ph/messages/,212,,Messages - Christ's Commission Fellowship,787,1,20,0,0,25,0,,
200,page,link-discovery,https://www.ccf.org.ph/messages/page/44/?filter=runthrough,https://www.ccf.org.ph/messages/page/44/?filter=runthrough,https://www.ccf.org.ph/messages/,212,,Messages - Christ's Commission Fellowship,787,1,20,0,0,25,0,,
200,page,link-discovery,https://www.ccf.org.ph/messages/page/45/,https://www.ccf.org.ph/messages/page/45/,https://www.ccf.org.ph/messages/,212,,Messages - Christ's Commission Fellowship,338,1,11,0,0,16,0,,
200,page,link-discovery,https://www.ccf.org.ph/messages/page/45/?filter=runthrough,https://www.ccf.org.ph/messages/page/45/?filter=runthrough,https://www.ccf.org.ph/messages/,212,,Messages - Christ's Commission Fellowship,338,1,11,0,0,16,0,,
200,page,link-discovery,https://www.ccf.org.ph/messages/page/46/,https://www.ccf.org.ph/messages/page/46/,https://www.ccf.org.ph/messages/,212,,Messages - Christ's Commission Fellowship,320,1,11,0,0,16,0,,
200,page,link-discovery,https://www.ccf.org.ph/messages/page/46/?filter=runthrough,https://www.ccf.org.ph/messages/page/46/?filter=runthrough,https://www.ccf.org.ph/messages/,212,,Messages - Christ's Commission Fellowship,320,1,11,0,0,16,0,,
200,page,link-discovery,https://www.ccf.org.ph/messages/page/47/,https://www.ccf.org.ph/messages/page/47/,https://www.ccf.org.ph/messages/,212,,Messages - Christ's Commission Fellowship,385,1,11,0,0,16,0,,
200,page,link-discovery,https://www.ccf.org.ph/messages/page/47/?filter=runthrough,https://www.ccf.org.ph/messages/page/47/?filter=runthrough,https://www.ccf.org.ph/messages/,212,,Messages - Christ's Commission Fellowship,385,1,11,0,0,16,0,,
200,page,link-discovery,https://www.ccf.org.ph/messages/page/48/,https://www.ccf.org.ph/messages/page/48/,https://www.ccf.org.ph/messages/,212,,Messages - Christ's Commission Fellowship,373,1,10,0,0,16,0,,
200,page,link-discovery,https://www.ccf.org.ph/messages/page/48/?filter=runthrough,https://www.ccf.org.ph/messages/page/48/?filter=runthrough,https://www.ccf.org.ph/messages/,212,,Messages - Christ's Commission Fellowship,373,1,10,0,0,16,0,,
200,page,link-discovery,https://www.ccf.org.ph/messages/page/49/,https://www.ccf.org.ph/messages/page/49/,https://www.ccf.org.ph/messages/,212,,Messages - Christ's Commission Fellowship,434,1,10,0,0,16,0,,
200,page,link-discovery,https://www.ccf.org.ph/messages/page/5/,https://www.ccf.org.ph/messages/page/5/,https://www.ccf.org.ph/messages/,212,,Messages - Christ's Commission Fellowship,1002,1,20,0,0,27,0,,
200,page,link-discovery,https://www.ccf.org.ph/messages/page/5/?filter=runthrough,https://www.ccf.org.ph/messages/page/5/?filter=runthrough,https://www.ccf.org.ph/messages/,212,,Messages - Christ's Commission Fellowship,1002,1,20,0,0,27,0,,
200,page,link-discovery,https://www.ccf.org.ph/messages/page/50/,https://www.ccf.org.ph/messages/page/50/,https://www.ccf.org.ph/messages/,212,,Messages - Christ's Commission Fellowship,346,1,11,0,0,16,0,,
200,page,link-discovery,https://www.ccf.org.ph/messages/page/6/,https://www.ccf.org.ph/messages/page/6/,https://www.ccf.org.ph/messages/,212,,Messages - Christ's Commission Fellowship,856,1,21,0,0,27,0,,
200,page,link-discovery,https://www.ccf.org.ph/messages/page/6/?filter=runthrough,https://www.ccf.org.ph/messages/page/6/?filter=runthrough,https://www.ccf.org.ph/messages/,212,,Messages - Christ's Commission Fellowship,856,1,21,0,0,27,0,,
200,page,link-discovery,https://www.ccf.org.ph/messages/page/7/,https://www.ccf.org.ph/messages/page/7/,https://www.ccf.org.ph/messages/,212,,Messages - Christ's Commission Fellowship,924,1,21,0,0,27,0,,
200,page,link-discovery,https://www.ccf.org.ph/messages/page/7/?filter=runthrough,https://www.ccf.org.ph/messages/page/7/?filter=runthrough,https://www.ccf.org.ph/messages/,212,,Messages - Christ's Commission Fellowship,924,1,21,0,0,27,0,,
200,page,link-discovery,https://www.ccf.org.ph/messages/page/8/,https://www.ccf.org.ph/messages/page/8/,https://www.ccf.org.ph/messages/,212,,Messages - Christ's Commission Fellowship,826,1,20,0,0,27,0,,
200,page,link-discovery,https://www.ccf.org.ph/messages/page/80/,https://www.ccf.org.ph/messages/page/80/,https://www.ccf.org.ph/messages/,212,,Messages - Christ's Commission Fellowship,335,1,11,0,0,16,0,,
200,page,link-discovery,https://www.ccf.org.ph/messages/page/81/,https://www.ccf.org.ph/messages/page/81/,https://www.ccf.org.ph/messages/,212,,Messages - Christ's Commission Fellowship,395,1,11,0,0,16,0,,
200,page,link-discovery,https://www.ccf.org.ph/messages/page/82/,https://www.ccf.org.ph/messages/page/82/,https://www.ccf.org.ph/messages/,212,,Messages - Christ's Commission Fellowship,381,1,11,0,0,16,0,,
200,page,link-discovery,https://www.ccf.org.ph/messages/page/82/?filter=runthrough,https://www.ccf.org.ph/messages/page/82/?filter=runthrough,https://www.ccf.org.ph/messages/,212,,Messages - Christ's Commission Fellowship,381,1,11,0,0,16,0,,
200,page,link-discovery,https://www.ccf.org.ph/messages/page/83/,https://www.ccf.org.ph/messages/page/83/,https://www.ccf.org.ph/messages/,212,,Messages - Christ's Commission Fellowship,307,1,11,0,0,16,0,,
200,page,link-discovery,https://www.ccf.org.ph/messages/page/83/?filter=runthrough,https://www.ccf.org.ph/messages/page/83/?filter=runthrough,https://www.ccf.org.ph/messages/,212,,Messages - Christ's Commission Fellowship,307,1,11,0,0,16,0,,
200,page,link-discovery,https://www.ccf.org.ph/messages/page/84/,https://www.ccf.org.ph/messages/page/84/,https://www.ccf.org.ph/messages/,212,,Messages - Christ's Commission Fellowship,235,1,9,0,0,15,0,,
200,page,link-discovery,https://www.ccf.org.ph/messages/page/84/?filter=runthrough,https://www.ccf.org.ph/messages/page/84/?filter=runthrough,https://www.ccf.org.ph/messages/,212,,Messages - Christ's Commission Fellowship,235,1,9,0,0,15,0,,
200,page,link-discovery,https://www.ccf.org.ph/messages/page/85/,https://www.ccf.org.ph/messages/page/85/,https://www.ccf.org.ph/messages/,212,,Messages - Christ's Commission Fellowship,274,1,10,0,0,14,0,,
200,page,link-discovery,https://www.ccf.org.ph/messages/page/85/?filter=runthrough,https://www.ccf.org.ph/messages/page/85/?filter=runthrough,https://www.ccf.org.ph/messages/,212,,Messages - Christ's Commission Fellowship,274,1,10,0,0,14,0,,
200,page,link-discovery,https://www.ccf.org.ph/messages/page/86/,https://www.ccf.org.ph/messages/page/86/,https://www.ccf.org.ph/messages/,212,,Messages - Christ's Commission Fellowship,265,1,9,0,0,11,0,,
200,page,link-discovery,https://www.ccf.org.ph/messages/page/86/?filter=runthrough,https://www.ccf.org.ph/messages/page/86/?filter=runthrough,https://www.ccf.org.ph/messages/,212,,Messages - Christ's Commission Fellowship,265,1,9,0,0,11,0,,
200,page,link-discovery,https://www.ccf.org.ph/messages/page/9/,https://www.ccf.org.ph/messages/page/9/,https://www.ccf.org.ph/messages/,212,,Messages - Christ's Commission Fellowship,787,1,21,0,0,27,0,,
200,page,link-discovery,https://www.ccf.org.ph/motivate,https://www.ccf.org.ph/motivate/,https://www.ccf.org.ph/motivate/,21603,,Motivate - Christ's Commission Fellowship,7626,34,34,9,0,19,8,,
404,page,link-discovery,https://www.ccf.org.ph/others/advisory-theological-systems,https://www.ccf.org.ph/others/advisory-theological-systems,,,,Page not found - Christ's Commission Fellowship,251,1,0,0,0,1,0,http_404,
404,page,link-discovery,https://www.ccf.org.ph/others/covid-19,https://www.ccf.org.ph/others/covid-19,,,,Page not found - Christ's Commission Fellowship,251,1,0,0,0,1,0,http_404,
200,page,link-discovery,https://www.ccf.org.ph/others/sogie-bill,https://www.ccf.org.ph/our-position/sogie-bill/,https://www.ccf.org.ph/our-position/sogie-bill/,15750,,position on sogie bill and lgbtq - Christ's Commission Fellowship,3499,1,0,0,0,0,0,,
200,page,link-discovery,https://www.ccf.org.ph/our-position/position-on-healing,https://www.ccf.org.ph/our-position/position-on-healing/,https://www.ccf.org.ph/our-position/position-on-healing/,22886,,Position on Healing - Christ's Commission Fellowship,41549,7,0,0,0,0,0,,
200,page,link-discovery,https://www.ccf.org.ph/our-position/position-on-theological-systems,https://www.ccf.org.ph/our-position/position-on-theological-systems/,https://www.ccf.org.ph/our-position/position-on-theological-systems/,23136,,position on theological systems - Christ's Commission Fellowship,38170,41,1,0,0,0,0,,
200,page,link-discovery,https://www.ccf.org.ph/our-position/position-on-tithing-and-giving,https://www.ccf.org.ph/our-position/position-on-tithing-and-giving/,https://www.ccf.org.ph/our-position/position-on-tithing-and-giving/,24029,,Position on Tithing and Giving - Christ's Commission Fellowship,84,1,0,1,0,0,0,,
200,page,link-discovery,https://www.ccf.org.ph/podcast,https://www.ccf.org.ph/podcast/,https://www.ccf.org.ph/podcast/,21323,,Podcast - Christ's Commission Fellowship,1369,65,65,0,0,0,0,,
200,page,link-discovery,https://www.ccf.org.ph/talk-to-someone-about-jesus,https://www.ccf.org.ph/talk-to-someone-about-jesus/,https://www.ccf.org.ph/talk-to-someone-about-jesus/,17428,,Button Response - Talk to someone about Jesus - Christ's Commission Fellowship,77,1,0,0,0,0,0,,
200,taxonomy_archive,location-categories-sitemap,https://www.ccf.org.ph/location-categories/ae/,https://www.ccf.org.ph/location-categories/ae/,https://www.ccf.org.ph/location-categories/ae/,102,2025-11-15T07:27:18+00:00,UAE_ Archives - Christ's Commission Fellowship,909,10,0,0,0,13,0,,
200,taxonomy_archive,location-categories-sitemap,https://www.ccf.org.ph/location-categories/au/,https://www.ccf.org.ph/location-categories/au/,https://www.ccf.org.ph/location-categories/au/,95,2026-05-06T11:22:07+00:00,Australia_ Archives - Christ's Commission Fellowship,639,7,0,0,0,8,0,,
200,taxonomy_archive,location-categories-sitemap,https://www.ccf.org.ph/location-categories/bn/,https://www.ccf.org.ph/location-categories/bn/,https://www.ccf.org.ph/location-categories/bn/,97,2020-09-16T10:46:44+00:00,Brunei_ Archives - Christ's Commission Fellowship,100,1,0,0,0,2,0,,
200,taxonomy_archive,location-categories-sitemap,https://www.ccf.org.ph/location-categories/ca/,https://www.ccf.org.ph/location-categories/ca/,https://www.ccf.org.ph/location-categories/ca/,98,2026-02-28T06:44:57+00:00,Canada_ Archives - Christ's Commission Fellowship,803,10,0,0,0,13,0,,
200,taxonomy_archive,location-categories-sitemap,https://www.ccf.org.ph/location-categories/de/,https://www.ccf.org.ph/location-categories/de/,https://www.ccf.org.ph/location-categories/de/,147,2025-03-07T09:36:28+00:00,Germany_ Archives - Christ's Commission Fellowship,207,2,0,0,0,3,0,,
200,taxonomy_archive,location-categories-sitemap,https://www.ccf.org.ph/location-categories/fr/,https://www.ccf.org.ph/location-categories/fr/,https://www.ccf.org.ph/location-categories/fr/,151,2020-07-28T09:51:32+00:00,France_ Archives - Christ's Commission Fellowship,99,1,0,0,0,2,0,,
200,taxonomy_archive,location-categories-sitemap,https://www.ccf.org.ph/location-categories/hk/,https://www.ccf.org.ph/location-categories/hk/,https://www.ccf.org.ph/location-categories/hk/,106,2023-11-03T04:18:45+00:00,HongKong_ Archives - Christ's Commission Fellowship,103,1,0,0,0,2,0,,
200,taxonomy_archive,location-categories-sitemap,https://www.ccf.org.ph/location-categories/it/,https://www.ccf.org.ph/location-categories/it/,https://www.ccf.org.ph/location-categories/it/,107,2026-06-09T06:12:07+00:00,Italy_ Archives - Christ's Commission Fellowship,517,6,0,0,0,7,0,,
200,taxonomy_archive,location-categories-sitemap,https://www.ccf.org.ph/location-categories/jp/,https://www.ccf.org.ph/location-categories/jp/,https://www.ccf.org.ph/location-categories/jp/,96,2024-12-27T08:21:05+00:00,Japan_ Archives - Christ's Commission Fellowship,193,2,0,0,0,3,0,,
200,taxonomy_archive,location-categories-sitemap,https://www.ccf.org.ph/location-categories/kw/,https://www.ccf.org.ph/location-categories/kw/,https://www.ccf.org.ph/location-categories/kw/,130,2025-03-06T11:58:35+00:00,Kuwait_ Archives - Christ's Commission Fellowship,100,1,0,0,0,2,0,,
200,taxonomy_archive,location-categories-sitemap,https://www.ccf.org.ph/location-categories/mo/,https://www.ccf.org.ph/location-categories/mo/,https://www.ccf.org.ph/location-categories/mo/,145,2024-12-27T08:25:20+00:00,Macao_ Archives - Christ's Commission Fellowship,99,1,0,0,0,2,0,,
200,taxonomy_archive,location-categories-sitemap,https://www.ccf.org.ph/location-categories/my/,https://www.ccf.org.ph/location-categories/my/,https://www.ccf.org.ph/location-categories/my/,148,2024-12-27T08:23:08+00:00,Malaysia_ Archives - Christ's Commission Fellowship,106,1,0,0,0,2,0,,
200,taxonomy_archive,location-categories-sitemap,https://www.ccf.org.ph/location-categories/no/,https://www.ccf.org.ph/location-categories/no/,https://www.ccf.org.ph/location-categories/no/,146,2024-12-27T08:40:54+00:00,Norway_ Archives - Christ's Commission Fellowship,109,1,0,0,0,2,0,,
200,taxonomy_archive,location-categories-sitemap,https://www.ccf.org.ph/location-categories/nz/,https://www.ccf.org.ph/location-categories/nz/,https://www.ccf.org.ph/location-categories/nz/,99,2026-07-24T06:02:59+00:00,NewZealand_ Archives - Christ's Commission Fellowship,195,2,0,0,0,3,0,,
200,taxonomy_archive,location-categories-sitemap,https://www.ccf.org.ph/location-categories/om/,https://www.ccf.org.ph/location-categories/om/,https://www.ccf.org.ph/location-categories/om/,150,2025-05-10T04:31:15+00:00,Oman_ Archives - Christ's Commission Fellowship,98,1,0,0,0,2,0,,
200,taxonomy_archive,location-categories-sitemap,https://www.ccf.org.ph/location-categories/ph-luzon/,https://www.ccf.org.ph/location-categories/ph-luzon/,https://www.ccf.org.ph/location-categories/ph-luzon/,91,2026-08-29T06:27:18+00:00,Philippines_Luzon Archives - Christ's Commission Fellowship,921,10,0,0,0,15,0,,
200,taxonomy_archive,location-categories-sitemap,https://www.ccf.org.ph/location-categories/ph-metromanila/,https://www.ccf.org.ph/location-categories/ph-metromanila/,https://www.ccf.org.ph/location-categories/ph-metromanila/,90,2026-08-29T06:25:02+00:00,Philippines_MetroManila Archives - Christ's Commission Fellowship,873,10,0,0,0,14,0,,
200,taxonomy_archive,location-categories-sitemap,https://www.ccf.org.ph/location-categories/ph-mindanao/,https://www.ccf.org.ph/location-categories/ph-mindanao/,https://www.ccf.org.ph/location-categories/ph-mindanao/,92,2026-05-19T10:54:45+00:00,Philippines_Mindanao Archives - Christ's Commission Fellowship,577,10,0,0,0,13,0,,
200,taxonomy_archive,location-categories-sitemap,https://www.ccf.org.ph/location-categories/ph-visayas/,https://www.ccf.org.ph/location-categories/ph-visayas/,https://www.ccf.org.ph/location-categories/ph-visayas/,93,2026-08-28T04:41:15+00:00,Philippines_Visayas Archives - Christ's Commission Fellowship,98,1,0,0,0,2,0,,
200,taxonomy_archive,location-categories-sitemap,https://www.ccf.org.ph/location-categories/pl/,https://www.ccf.org.ph/location-categories/pl/,https://www.ccf.org.ph/location-categories/pl/,144,2025-07-24T02:12:05+00:00,Poland_ Archives - Christ's Commission Fellowship,100,1,0,0,0,2,0,,
200,taxonomy_archive,location-categories-sitemap,https://www.ccf.org.ph/location-categories/qt/,https://www.ccf.org.ph/location-categories/qt/,https://www.ccf.org.ph/location-categories/qt/,100,2025-03-06T11:15:22+00:00,Qatar_ Archives - Christ's Commission Fellowship,191,2,0,0,0,3,0,,
200,taxonomy_archive,location-categories-sitemap,https://www.ccf.org.ph/location-categories/sg/,https://www.ccf.org.ph/location-categories/sg/,https://www.ccf.org.ph/location-categories/sg/,101,2025-03-07T09:28:51+00:00,Singapore_ Archives - Christ's Commission Fellowship,103,1,0,0,0,2,0,,
200,taxonomy_archive,location-categories-sitemap,https://www.ccf.org.ph/location-categories/uk/,https://www.ccf.org.ph/location-categories/uk/,https://www.ccf.org.ph/location-categories/uk/,149,2024-12-27T08:34:40+00:00,UK_ Archives - Christ's Commission Fellowship,292,3,0,0,0,4,0,,
200,taxonomy_archive,location-categories-sitemap,https://www.ccf.org.ph/location-categories/us/,https://www.ccf.org.ph/location-categories/us/,https://www.ccf.org.ph/location-categories/us/,103,2026-01-28T06:56:51+00:00,USA_ Archives - Christ's Commission Fellowship,918,10,0,0,0,13,0,,
200,location,location-sitemap,https://www.ccf.org.ph/satellite-details/ccf-abu-dhabi/,https://www.ccf.org.ph/satellite-details/ccf-abu-dhabi/,https://www.ccf.org.ph/satellite-details/ccf-abu-dhabi/,11826,2025-10-09T05:22:09+00:00,CCF Abu Dhabi - Christ's Commission Fellowship,152,1,0,1,0,2,0,,
200,location,location-sitemap,https://www.ccf.org.ph/satellite-details/ccf-adelaide/,https://www.ccf.org.ph/satellite-details/ccf-adelaide/,https://www.ccf.org.ph/satellite-details/ccf-adelaide/,15986,2025-11-15T07:27:14+00:00,CCF Adelaide - Christ's Commission Fellowship,244,1,0,1,0,2,0,,
200,location,location-sitemap,https://www.ccf.org.ph/satellite-details/ccf-al-ain/,https://www.ccf.org.ph/satellite-details/ccf-al-ain/,https://www.ccf.org.ph/satellite-details/ccf-al-ain/,12407,2025-01-03T06:30:28+00:00,CCF Al Ain - Christ's Commission Fellowship,210,1,0,1,0,2,0,,
200,location,location-sitemap,https://www.ccf.org.ph/satellite-details/ccf-alabang-2/,https://www.ccf.org.ph/satellite-details/ccf-alabang-2/,https://www.ccf.org.ph/satellite-details/ccf-alabang-2/,27887,2026-02-20T03:38:40+00:00,CCF Alabang - Christ's Commission Fellowship,304,1,0,1,0,2,0,,
200,location,location-sitemap,https://www.ccf.org.ph/satellite-details/ccf-alicia/,https://www.ccf.org.ph/satellite-details/ccf-alicia/,https://www.ccf.org.ph/satellite-details/ccf-alicia/,11258,2025-04-24T10:47:58+00:00,CCF Alicia - Christ's Commission Fellowship,227,1,0,1,0,2,0,,
200,location,location-sitemap,https://www.ccf.org.ph/satellite-details/ccf-angeles/,https://www.ccf.org.ph/satellite-details/ccf-angeles/,https://www.ccf.org.ph/satellite-details/ccf-angeles/,11257,2026-08-29T06:23:30+00:00,CCF Angeles - Christ's Commission Fellowship,337,1,0,1,0,2,0,,
200,location,location-sitemap,https://www.ccf.org.ph/satellite-details/ccf-angono/,https://www.ccf.org.ph/satellite-details/ccf-angono/,https://www.ccf.org.ph/satellite-details/ccf-angono/,14716,2026-08-29T06:23:45+00:00,CCF Angono - Christ's Commission Fellowship,294,1,0,1,0,2,0,,
200,location,location-sitemap,https://www.ccf.org.ph/satellite-details/ccf-antioch/,https://www.ccf.org.ph/satellite-details/ccf-antioch/,https://www.ccf.org.ph/satellite-details/ccf-antioch/,15899,2025-01-04T05:12:17+00:00,CCF Antioch - Christ's Commission Fellowship,204,1,0,1,0,2,0,,
200,location,location-sitemap,https://www.ccf.org.ph/satellite-details/ccf-antipolo/,https://www.ccf.org.ph/satellite-details/ccf-antipolo/,https://www.ccf.org.ph/satellite-details/ccf-antipolo/,11256,2026-08-01T09:09:56+00:00,CCF Antipolo - Christ's Commission Fellowship,252,1,0,1,0,2,0,,
200,location,location-sitemap,https://www.ccf.org.ph/satellite-details/ccf-arizona/,https://www.ccf.org.ph/satellite-details/ccf-arizona/,https://www.ccf.org.ph/satellite-details/ccf-arizona/,15900,2025-11-15T07:27:11+00:00,CCF Arizona - Christ's Commission Fellowship,269,1,0,1,0,2,0,,
200,location,location-sitemap,https://www.ccf.org.ph/satellite-details/ccf-atlanta/,https://www.ccf.org.ph/satellite-details/ccf-atlanta/,https://www.ccf.org.ph/satellite-details/ccf-atlanta/,36448,2025-01-04T06:10:41+00:00,CCF Atlanta - Christ's Commission Fellowship,167,1,0,1,0,2,0,,
200,location,location-sitemap,https://www.ccf.org.ph/satellite-details/ccf-auckland-south/,https://www.ccf.org.ph/satellite-details/ccf-auckland-south/,https://www.ccf.org.ph/satellite-details/ccf-auckland-south/,36401,2026-07-24T06:03:10+00:00,CCF Auckland South - Christ's Commission Fellowship,244,1,0,1,0,2,0,,
200,location,location-sitemap,https://www.ccf.org.ph/satellite-details/ccf-bacolod/,https://www.ccf.org.ph/satellite-details/ccf-bacolod/,https://www.ccf.org.ph/satellite-details/ccf-bacolod/,27890,2026-03-31T10:49:44+00:00,CCF Bacolod - Christ's Commission Fellowship,245,1,0,1,0,2,0,,
200,location,location-sitemap,https://www.ccf.org.ph/satellite-details/ccf-bacoor/,https://www.ccf.org.ph/satellite-details/ccf-bacoor/,https://www.ccf.org.ph/satellite-details/ccf-bacoor/,11254,2026-01-23T09:23:03+00:00,CCF Bacoor - Christ's Commission Fellowship,237,1,0,1,0,2,0,,
200,location,location-sitemap,https://www.ccf.org.ph/satellite-details/ccf-baguio/,https://www.ccf.org.ph/satellite-details/ccf-baguio/,https://www.ccf.org.ph/satellite-details/ccf-baguio/,11253,2026-07-31T11:53:16+00:00,CCF Baguio - Christ's Commission Fellowship,260,1,0,1,0,2,0,,
200,location,location-sitemap,https://www.ccf.org.ph/satellite-details/ccf-bahrain/,https://www.ccf.org.ph/satellite-details/ccf-bahrain/,https://www.ccf.org.ph/satellite-details/ccf-bahrain/,32027,2025-09-26T01:36:45+00:00,CCF Bahrain - Christ's Commission Fellowship,253,1,0,1,0,2,0,,
200,location,location-sitemap,https://www.ccf.org.ph/satellite-details/ccf-baliuag/,https://www.ccf.org.ph/satellite-details/ccf-baliuag/,https://www.ccf.org.ph/satellite-details/ccf-baliuag/,12825,2026-01-23T09:23:54+00:00,CCF Baliuag - Christ's Commission Fellowship,242,1,0,1,0,2,0,,
200,location,location-sitemap,https://www.ccf.org.ph/satellite-details/ccf-bangkok/,https://www.ccf.org.ph/satellite-details/ccf-bangkok/,https://www.ccf.org.ph/satellite-details/ccf-bangkok/,36307,2025-07-27T09:36:22+00:00,CCF Bangkok - Christ's Commission Fellowship,210,1,0,1,0,2,0,,
200,location,location-sitemap,https://www.ccf.org.ph/satellite-details/ccf-bataan/,https://www.ccf.org.ph/satellite-details/ccf-bataan/,https://www.ccf.org.ph/satellite-details/ccf-bataan/,11252,2026-04-08T05:46:32+00:00,CCF Bataan - Christ's Commission Fellowship,295,1,0,1,0,2,0,,
200,location,location-sitemap,https://www.ccf.org.ph/satellite-details/ccf-batangas/,https://www.ccf.org.ph/satellite-details/ccf-batangas/,https://www.ccf.org.ph/satellite-details/ccf-batangas/,19323,2025-06-05T06:51:48+00:00,CCF Batangas City - Christ's Commission Fellowship,247,1,0,1,0,2,0,,
200,location,location-sitemap,https://www.ccf.org.ph/satellite-details/ccf-belgium/,https://www.ccf.org.ph/satellite-details/ccf-belgium/,https://www.ccf.org.ph/satellite-details/ccf-belgium/,36313,2024-12-27T08:17:22+00:00,CCF Belgium - Christ's Commission Fellowship,209,1,0,1,0,2,0,,
200,location,location-sitemap,https://www.ccf.org.ph/satellite-details/ccf-berlin-east-germany/,https://www.ccf.org.ph/satellite-details/ccf-berlin-east-germany/,https://www.ccf.org.ph/satellite-details/ccf-berlin-east-germany/,39037,2025-11-15T07:27:01+00:00,CCF Berlin (East Germany) - Christ's Commission Fellowship,154,1,0,1,0,2,0,,
200,location,location-sitemap,https://www.ccf.org.ph/satellite-details/ccf-bgc/,https://www.ccf.org.ph/satellite-details/ccf-bgc/,https://www.ccf.org.ph/satellite-details/ccf-bgc/,27892,2024-10-19T07:57:52+00:00,CCF BGC - Christ's Commission Fellowship,248,1,0,1,0,2,0,,
200,location,location-sitemap,https://www.ccf.org.ph/satellite-details/ccf-binangonan/,https://www.ccf.org.ph/satellite-details/ccf-binangonan/,https://www.ccf.org.ph/satellite-details/ccf-binangonan/,11251,2026-08-01T09:09:59+00:00,CCF Binangonan - Christ's Commission Fellowship,246,1,0,1,0,2,0,,
200,location,location-sitemap,https://www.ccf.org.ph/satellite-details/ccf-bologna/,https://www.ccf.org.ph/satellite-details/ccf-bologna/,https://www.ccf.org.ph/satellite-details/ccf-bologna/,15901,2026-06-09T06:12:07+00:00,CCF Bologna - Christ's Commission Fellowship,208,1,0,1,0,2,0,,
200,location,location-sitemap,https://www.ccf.org.ph/satellite-details/ccf-boston/,https://www.ccf.org.ph/satellite-details/ccf-boston/,https://www.ccf.org.ph/satellite-details/ccf-boston/,36449,2025-01-04T05:57:17+00:00,CCF Boston - Christ's Commission Fellowship,248,1,0,1,0,2,0,,
200,location,location-sitemap,https://www.ccf.org.ph/satellite-details/ccf-brisbane/,https://www.ccf.org.ph/satellite-details/ccf-brisbane/,https://www.ccf.org.ph/satellite-details/ccf-brisbane/,15902,2025-01-03T07:11:01+00:00,CCF Brisbane - Christ's Commission Fellowship,237,1,0,1,0,2,0,,
200,location,location-sitemap,https://www.ccf.org.ph/satellite-details/ccf-brunei/,https://www.ccf.org.ph/satellite-details/ccf-brunei/,https://www.ccf.org.ph/satellite-details/ccf-brunei/,11184,2020-09-16T10:46:44+00:00,CCF Brunei - Christ's Commission Fellowship,132,1,0,1,0,2,0,,
200,location,location-sitemap,https://www.ccf.org.ph/satellite-details/ccf-bur-dubai/,https://www.ccf.org.ph/satellite-details/ccf-bur-dubai/,https://www.ccf.org.ph/satellite-details/ccf-bur-dubai/,12447,2025-03-06T12:08:50+00:00,CCF Bur Dubai - Christ's Commission Fellowship,355,1,0,1,0,2,0,,
200,location,location-sitemap,https://www.ccf.org.ph/satellite-details/ccf-butuan/,https://www.ccf.org.ph/satellite-details/ccf-butuan/,https://www.ccf.org.ph/satellite-details/ccf-butuan/,14739,2024-10-05T06:50:37+00:00,CCF Butuan - Christ's Commission Fellowship,218,1,0,1,0,2,0,,
200,location,location-sitemap,https://www.ccf.org.ph/satellite-details/ccf-cabanatuan/,https://www.ccf.org.ph/satellite-details/ccf-cabanatuan/,https://www.ccf.org.ph/satellite-details/ccf-cabanatuan/,22276,2026-02-19T10:05:32+00:00,CCF Cabanatuan - Christ's Commission Fellowship,252,1,0,1,0,2,0,,
200,location,location-sitemap,https://www.ccf.org.ph/satellite-details/ccf-cagayan-de-oro/,https://www.ccf.org.ph/satellite-details/ccf-cagayan-de-oro/,https://www.ccf.org.ph/satellite-details/ccf-cagayan-de-oro/,11246,2026-01-23T09:24:25+00:00,CCF CDO Downtown - Christ's Commission Fellowship,295,1,0,1,0,2,0,,
200,location,location-sitemap,https://www.ccf.org.ph/satellite-details/ccf-cainta/,https://www.ccf.org.ph/satellite-details/ccf-cainta/,https://www.ccf.org.ph/satellite-details/ccf-cainta/,11250,2026-08-29T06:24:25+00:00,CCF East Ortigas - Christ's Commission Fellowship,254,1,0,1,0,2,0,,
200,location,location-sitemap,https://www.ccf.org.ph/satellite-details/ccf-calamba/,https://www.ccf.org.ph/satellite-details/ccf-calamba/,https://www.ccf.org.ph/satellite-details/ccf-calamba/,15881,2026-01-23T09:24:12+00:00,CCF Calamba - Christ's Commission Fellowship,230,1,0,1,0,2,0,,
200,location,location-sitemap,https://www.ccf.org.ph/satellite-details/ccf-canberra/,https://www.ccf.org.ph/satellite-details/ccf-canberra/,https://www.ccf.org.ph/satellite-details/ccf-canberra/,36406,2026-07-24T05:54:34+00:00,CCF Canberra - Christ's Commission Fellowship,240,1,0,1,0,2,0,,
200,location,location-sitemap,https://www.ccf.org.ph/satellite-details/ccf-cauayan/,https://www.ccf.org.ph/satellite-details/ccf-cauayan/,https://www.ccf.org.ph/satellite-details/ccf-cauayan/,11248,2026-08-01T09:10:03+00:00,CCF Cauayan - Christ's Commission Fellowship,232,1,0,1,0,2,0,,
200,location,location-sitemap,https://www.ccf.org.ph/satellite-details/ccf-cdo-uptown/,https://www.ccf.org.ph/satellite-details/ccf-cdo-uptown/,https://www.ccf.org.ph/satellite-details/ccf-cdo-uptown/,27896,2026-01-24T08:42:25+00:00,CCF CDO Uptown - Christ's Commission Fellowship,263,1,0,1,0,2,0,,
200,location,location-sitemap,https://www.ccf.org.ph/satellite-details/ccf-cebu/,https://www.ccf.org.ph/satellite-details/ccf-cebu/,https://www.ccf.org.ph/satellite-details/ccf-cebu/,11247,2026-08-28T04:41:15+00:00,CCF Cebu - Christ's Commission Fellowship,248,1,0,1,0,2,0,,
200,location,location-sitemap,https://www.ccf.org.ph/satellite-details/ccf-center-main/,https://www.ccf.org.ph/satellite-details/ccf-center-main/,https://www.ccf.org.ph/satellite-details/ccf-center-main/,11259,2025-08-26T08:41:34+00:00,CCF Center - Main - Christ's Commission Fellowship,360,1,0,1,0,2,0,,
200,location,location-sitemap,https://www.ccf.org.ph/satellite-details/ccf-central-texas/,https://www.ccf.org.ph/satellite-details/ccf-central-texas/,https://www.ccf.org.ph/satellite-details/ccf-central-texas/,36450,2025-01-04T06:09:56+00:00,CCF Central Texas - Christ's Commission Fellowship,175,1,0,1,0,2,0,,
200,location,location-sitemap,https://www.ccf.org.ph/satellite-details/ccf-charlotte/,https://www.ccf.org.ph/satellite-details/ccf-charlotte/,https://www.ccf.org.ph/satellite-details/ccf-charlotte/,36447,2025-01-04T05:26:08+00:00,CCF Charlotte - Christ's Commission Fellowship,220,1,0,1,0,2,0,,
200,location,location-sitemap,https://www.ccf.org.ph/satellite-details/ccf-chiba/,https://www.ccf.org.ph/satellite-details/ccf-chiba/,https://www.ccf.org.ph/satellite-details/ccf-chiba/,37496,2025-05-10T04:47:48+00:00,CCF Chiba - Christ's Commission Fellowship,122,1,0,1,0,2,0,,
200,location,location-sitemap,https://www.ccf.org.ph/satellite-details/ccf-christchurch/,https://www.ccf.org.ph/satellite-details/ccf-christchurch/,https://www.ccf.org.ph/satellite-details/ccf-christchurch/,36403,2025-01-03T07:11:12+00:00,CCF Christchurch - Christ's Commission Fellowship,241,1,0,1,0,2,0,,
200,location,location-sitemap,https://www.ccf.org.ph/satellite-details/ccf-commonwealth/,https://www.ccf.org.ph/satellite-details/ccf-commonwealth/,https://www.ccf.org.ph/satellite-details/ccf-commonwealth/,11245,2026-08-29T06:24:15+00:00,CCF Commonwealth - Christ's Commission Fellowship,291,1,0,1,0,2,0,,
200,location,location-sitemap,https://www.ccf.org.ph/satellite-details/ccf-como/,https://www.ccf.org.ph/satellite-details/ccf-como/,https://www.ccf.org.ph/satellite-details/ccf-como/,36314,2024-12-27T08:17:15+00:00,CCF Como - Christ's Commission Fellowship,173,1,0,1,0,2,0,,
200,location,location-sitemap,https://www.ccf.org.ph/satellite-details/ccf-corniche-abu-dhabi/,https://www.ccf.org.ph/satellite-details/ccf-corniche-abu-dhabi/,https://www.ccf.org.ph/satellite-details/ccf-corniche-abu-dhabi/,15903,2020-08-19T08:24:04+00:00,CCF Corniche Abu Dhabi - Christ's Commission Fellowship,185,1,0,1,0,2,0,,
200,location,location-sitemap,https://www.ccf.org.ph/satellite-details/ccf-dagupan/,https://www.ccf.org.ph/satellite-details/ccf-dagupan/,https://www.ccf.org.ph/satellite-details/ccf-dagupan/,11243,2026-07-31T11:53:47+00:00,CCF Dagupan - Christ's Commission Fellowship,197,1,0,1,0,2,0,,
200,location,location-sitemap,https://www.ccf.org.ph/satellite-details/ccf-darwin/,https://www.ccf.org.ph/satellite-details/ccf-darwin/,https://www.ccf.org.ph/satellite-details/ccf-darwin/,15904,2025-03-22T07:25:54+00:00,CCF Darwin - Christ's Commission Fellowship,320,1,0,1,0,2,0,,
200,location,location-sitemap,https://www.ccf.org.ph/satellite-details/ccf-davao/,https://www.ccf.org.ph/satellite-details/ccf-davao/,https://www.ccf.org.ph/satellite-details/ccf-davao/,11242,2025-02-22T11:18:41+00:00,CCF Davao - Christ's Commission Fellowship,206,1,0,1,0,2,0,,
200,location,location-sitemap,https://www.ccf.org.ph/satellite-details/ccf-dcc/,https://www.ccf.org.ph/satellite-details/ccf-dcc/,https://www.ccf.org.ph/satellite-details/ccf-dcc/,15905,2023-10-31T11:14:59+00:00,CCF DCC - Christ's Commission Fellowship,183,1,0,1,0,2,0,,
200,location,location-sitemap,https://www.ccf.org.ph/satellite-details/ccf-demark/,https://www.ccf.org.ph/satellite-details/ccf-demark/,https://www.ccf.org.ph/satellite-details/ccf-demark/,40283,2026-04-29T08:14:48+00:00,CCF Denmark - Christ's Commission Fellowship,199,1,0,1,0,2,0,,
200,location,location-sitemap,https://www.ccf.org.ph/satellite-details/ccf-dipolog/,https://www.ccf.org.ph/satellite-details/ccf-dipolog/,https://www.ccf.org.ph/satellite-details/ccf-dipolog/,11241,2024-04-30T08:29:02+00:00,CCF Dipolog - Christ's Commission Fellowship,285,1,0,1,0,2,0,,
200,location,location-sitemap,https://www.ccf.org.ph/satellite-details/ccf-downtown-dubai/,https://www.ccf.org.ph/satellite-details/ccf-downtown-dubai/,https://www.ccf.org.ph/satellite-details/ccf-downtown-dubai/,15906,2025-01-03T06:39:07+00:00,CCF Downtown Dubai - Christ's Commission Fellowship,309,1,0,1,0,2,0,,
200,location,location-sitemap,https://www.ccf.org.ph/satellite-details/ccf-dubai/,https://www.ccf.org.ph/satellite-details/ccf-dubai/,https://www.ccf.org.ph/satellite-details/ccf-dubai/,11201,2025-03-06T12:14:15+00:00,CCF Deira and Deira City Centre - Christ's Commission Fellowship,384,1,0,1,0,2,0,,
200,location,location-sitemap,https://www.ccf.org.ph/satellite-details/ccf-dumaguete/,https://www.ccf.org.ph/satellite-details/ccf-dumaguete/,https://www.ccf.org.ph/satellite-details/ccf-dumaguete/,35582,2024-10-19T07:48:26+00:00,CCF Dumaguete - Christ's Commission Fellowship,253,1,0,1,0,2,0,,
200,location,location-sitemap,https://www.ccf.org.ph/satellite-details/ccf-east-england-uk-2/,https://www.ccf.org.ph/satellite-details/ccf-east-england-uk-2/,https://www.ccf.org.ph/satellite-details/ccf-east-england-uk-2/,36340,2024-12-27T08:40:17+00:00,"CCF East England, UK - Christ's Commission Fellowship",220,1,0,1,0,2,0,,
200,location,location-sitemap,https://www.ccf.org.ph/satellite-details/ccf-east-england-uk/,https://www.ccf.org.ph/satellite-details/ccf-east-england-uk/,https://www.ccf.org.ph/satellite-details/ccf-east-england-uk/,36315,2024-12-27T08:15:03+00:00,"CCF Southeast England, UK - Christ's Commission Fellowship",271,1,0,1,0,2,0,,
200,location,location-sitemap,https://www.ccf.org.ph/satellite-details/ccf-eastwood/,https://www.ccf.org.ph/satellite-details/ccf-eastwood/,https://www.ccf.org.ph/satellite-details/ccf-eastwood/,11240,2026-08-28T11:43:16+00:00,CCF Eastwood - Christ's Commission Fellowship,268,1,0,1,0,2,0,,
200,location,location-sitemap,https://www.ccf.org.ph/satellite-details/ccf-edmonton/,https://www.ccf.org.ph/satellite-details/ccf-edmonton/,https://www.ccf.org.ph/satellite-details/ccf-edmonton/,11192,2025-11-15T07:26:57+00:00,CCF Edmonton - Christ's Commission Fellowship,185,1,0,1,0,2,0,,
200,location,location-sitemap,https://www.ccf.org.ph/satellite-details/ccf-fairview/,https://www.ccf.org.ph/satellite-details/ccf-fairview/,https://www.ccf.org.ph/satellite-details/ccf-fairview/,13032,2026-01-23T09:24:36+00:00,CCF Fairview - Christ's Commission Fellowship,286,1,0,1,0,2,0,,
200,location,location-sitemap,https://www.ccf.org.ph/satellite-details/ccf-fayetteville/,https://www.ccf.org.ph/satellite-details/ccf-fayetteville/,https://www.ccf.org.ph/satellite-details/ccf-fayetteville/,36444,2025-01-04T05:28:22+00:00,CCF Fayetteville - Christ's Commission Fellowship,191,1,0,1,0,2,0,,
200,location,location-sitemap,https://www.ccf.org.ph/satellite-details/ccf-feliz-2/,https://www.ccf.org.ph/satellite-details/ccf-feliz-2/,https://www.ccf.org.ph/satellite-details/ccf-feliz-2/,27897,2026-01-23T09:24:38+00:00,CCF Feliz - Christ's Commission Fellowship,266,1,0,1,0,2,0,,
200,location,location-sitemap,https://www.ccf.org.ph/satellite-details/ccf-finland-dgroups/,https://www.ccf.org.ph/satellite-details/ccf-finland-dgroups/,https://www.ccf.org.ph/satellite-details/ccf-finland-dgroups/,36319,2024-12-27T08:17:03+00:00,CCF Finland DGroups - Christ's Commission Fellowship,196,1,0,1,0,2,0,,
200,location,location-sitemap,https://www.ccf.org.ph/satellite-details/ccf-florence/,https://www.ccf.org.ph/satellite-details/ccf-florence/,https://www.ccf.org.ph/satellite-details/ccf-florence/,15907,2020-09-29T07:52:06+00:00,CCF Florence - Christ's Commission Fellowship,200,1,0,1,0,2,0,,
200,location,location-sitemap,https://www.ccf.org.ph/satellite-details/ccf-florida/,https://www.ccf.org.ph/satellite-details/ccf-florida/,https://www.ccf.org.ph/satellite-details/ccf-florida/,22606,2026-03-24T05:18:29+00:00,CCF Florida - Christ's Commission Fellowship,267,1,0,1,0,2,0,,
200,location,location-sitemap,https://www.ccf.org.ph/satellite-details/ccf-frankfurt/,https://www.ccf.org.ph/satellite-details/ccf-frankfurt/,https://www.ccf.org.ph/satellite-details/ccf-frankfurt/,22607,2025-11-15T07:26:52+00:00,CCF West Germany / Frankfurt - Christ's Commission Fellowship,290,1,0,1,0,2,0,,
200,location,location-sitemap,https://www.ccf.org.ph/satellite-details/ccf-fujairah/,https://www.ccf.org.ph/satellite-details/ccf-fujairah/,https://www.ccf.org.ph/satellite-details/ccf-fujairah/,15908,2025-03-06T12:22:48+00:00,CCF Fujairah - Christ's Commission Fellowship,193,1,0,1,0,2,0,,
200,location,location-sitemap,https://www.ccf.org.ph/satellite-details/ccf-gateway/,https://www.ccf.org.ph/satellite-details/ccf-gateway/,https://www.ccf.org.ph/satellite-details/ccf-gateway/,13619,2025-04-22T05:12:20+00:00,CCF Gateway - Christ's Commission Fellowship,231,1,0,1,0,2,0,,
200,location,location-sitemap,https://www.ccf.org.ph/satellite-details/ccf-general-santos/,https://www.ccf.org.ph/satellite-details/ccf-general-santos/,https://www.ccf.org.ph/satellite-details/ccf-general-santos/,11239,2026-02-19T10:16:42+00:00,CCF General Santos - Christ's Commission Fellowship,248,1,0,1,0,2,0,,
200,location,location-sitemap,https://www.ccf.org.ph/satellite-details/ccf-general-trias/,https://www.ccf.org.ph/satellite-details/ccf-general-trias/,https://www.ccf.org.ph/satellite-details/ccf-general-trias/,11238,2024-04-11T07:08:57+00:00,CCF General Trias - Christ's Commission Fellowship,248,1,0,1,0,2,0,,
200,location,location-sitemap,https://www.ccf.org.ph/satellite-details/ccf-gloucester/,https://www.ccf.org.ph/satellite-details/ccf-gloucester/,https://www.ccf.org.ph/satellite-details/ccf-gloucester/,15911,2020-07-28T10:05:31+00:00,CCF Gloucester - Christ's Commission Fellowship,194,1,0,1,0,2,0,,
200,location,location-sitemap,https://www.ccf.org.ph/satellite-details/ccf-gold-coast/,https://www.ccf.org.ph/satellite-details/ccf-gold-coast/,https://www.ccf.org.ph/satellite-details/ccf-gold-coast/,36407,2025-03-22T07:31:10+00:00,CCF Gold Coast - Christ's Commission Fellowship,267,1,0,1,0,2,0,,
200,location,location-sitemap,https://www.ccf.org.ph/satellite-details/ccf-grace-park/,https://www.ccf.org.ph/satellite-details/ccf-grace-park/,https://www.ccf.org.ph/satellite-details/ccf-grace-park/,16505,2026-08-08T05:55:35+00:00,CCF Grace Park - Christ's Commission Fellowship,310,1,0,1,0,2,0,,
200,location,location-sitemap,https://www.ccf.org.ph/satellite-details/ccf-gunma/,https://www.ccf.org.ph/satellite-details/ccf-gunma/,https://www.ccf.org.ph/satellite-details/ccf-gunma/,37497,2025-05-10T04:47:57+00:00,CCF Gunma - Christ's Commission Fellowship,122,1,0,1,0,2,0,,
200,location,location-sitemap,https://www.ccf.org.ph/satellite-details/ccf-hamburg/,https://www.ccf.org.ph/satellite-details/ccf-hamburg/,https://www.ccf.org.ph/satellite-details/ccf-hamburg/,15909,2025-03-07T09:36:28+00:00,CCF Hamburg - Christ's Commission Fellowship,201,1,0,1,0,2,0,,
200,location,location-sitemap,https://www.ccf.org.ph/satellite-details/ccf-hamilton-australia/,https://www.ccf.org.ph/satellite-details/ccf-hamilton-australia/,https://www.ccf.org.ph/satellite-details/ccf-hamilton-australia/,36408,2025-03-22T07:47:39+00:00,CCF Hamilton (New Zealand) - Christ's Commission Fellowship,208,1,0,1,0,2,0,,
200,location,location-sitemap,https://www.ccf.org.ph/satellite-details/ccf-hamilton/,https://www.ccf.org.ph/satellite-details/ccf-hamilton/,https://www.ccf.org.ph/satellite-details/ccf-hamilton/,15912,2025-01-03T06:43:30+00:00,CCF Hamilton (Canada) - Christ's Commission Fellowship,272,1,0,1,0,2,0,,
200,location,location-sitemap,https://www.ccf.org.ph/satellite-details/ccf-hongkong-2/,https://www.ccf.org.ph/satellite-details/ccf-hongkong-2/,https://www.ccf.org.ph/satellite-details/ccf-hongkong-2/,36306,2024-12-27T08:18:48+00:00,CCF Hongkong - Christ's Commission Fellowship,244,1,0,1,0,2,0,,
200,location,location-sitemap,https://www.ccf.org.ph/satellite-details/ccf-hongkong/,https://www.ccf.org.ph/satellite-details/ccf-hongkong/,https://www.ccf.org.ph/satellite-details/ccf-hongkong/,11616,2023-11-03T04:18:45+00:00,CCF Hong Kong - Christ's Commission Fellowship,231,1,0,1,0,2,0,,
200,location,location-sitemap,https://www.ccf.org.ph/satellite-details/ccf-houston/,https://www.ccf.org.ph/satellite-details/ccf-houston/,https://www.ccf.org.ph/satellite-details/ccf-houston/,36452,2025-01-04T08:17:57+00:00,CCF Houston - Christ's Commission Fellowship,188,1,0,1,0,2,0,,
200,location,location-sitemap,https://www.ccf.org.ph/satellite-details/ccf-iligan/,https://www.ccf.org.ph/satellite-details/ccf-iligan/,https://www.ccf.org.ph/satellite-details/ccf-iligan/,11237,2024-04-30T08:29:33+00:00,CCF Iligan - Christ's Commission Fellowship,225,1,0,1,0,2,0,,
200,location,location-sitemap,https://www.ccf.org.ph/satellite-details/ccf-illinois/,https://www.ccf.org.ph/satellite-details/ccf-illinois/,https://www.ccf.org.ph/satellite-details/ccf-illinois/,36454,2025-11-15T07:26:50+00:00,CCF Illinois - Christ's Commission Fellowship,227,1,0,1,0,2,0,,
200,location,location-sitemap,https://www.ccf.org.ph/satellite-details/ccf-iloilo/,https://www.ccf.org.ph/satellite-details/ccf-iloilo/,https://www.ccf.org.ph/satellite-details/ccf-iloilo/,27904,2025-02-22T11:18:30+00:00,CCF Iloilo - Christ's Commission Fellowship,231,1,0,1,0,2,0,,
200,location,location-sitemap,https://www.ccf.org.ph/satellite-details/ccf-imus/,https://www.ccf.org.ph/satellite-details/ccf-imus/,https://www.ccf.org.ph/satellite-details/ccf-imus/,11236,2026-08-29T06:24:43+00:00,CCF Imus - Christ's Commission Fellowship,234,1,0,1,0,2,0,,
200,location,location-sitemap,https://www.ccf.org.ph/satellite-details/ccf-ireland/,https://www.ccf.org.ph/satellite-details/ccf-ireland/,https://www.ccf.org.ph/satellite-details/ccf-ireland/,22655,2025-06-26T07:07:00+00:00,CCF Ireland - Christ's Commission Fellowship,229,1,0,1,0,2,0,,
200,location,location-sitemap,https://www.ccf.org.ph/satellite-details/ccf-jeddah/,https://www.ccf.org.ph/satellite-details/ccf-jeddah/,https://www.ccf.org.ph/satellite-details/ccf-jeddah/,14395,2025-04-23T07:02:16+00:00,CCF Calgary - Christ's Commission Fellowship,208,1,0,1,0,2,0,,
200,location,location-sitemap,https://www.ccf.org.ph/satellite-details/ccf-kanagawa/,https://www.ccf.org.ph/satellite-details/ccf-kanagawa/,https://www.ccf.org.ph/satellite-details/ccf-kanagawa/,36308,2025-05-27T06:21:03+00:00,CCF Kanagawa - Christ's Commission Fellowship,280,1,0,1,0,2,0,,
200,location,location-sitemap,https://www.ccf.org.ph/satellite-details/ccf-kansas/,https://www.ccf.org.ph/satellite-details/ccf-kansas/,https://www.ccf.org.ph/satellite-details/ccf-kansas/,36453,2025-01-04T08:21:16+00:00,CCF Kansas - Christ's Commission Fellowship,186,1,0,1,0,2,0,,
200,location,location-sitemap,https://www.ccf.org.ph/satellite-details/ccf-katipunan/,https://www.ccf.org.ph/satellite-details/ccf-katipunan/,https://www.ccf.org.ph/satellite-details/ccf-katipunan/,11235,2026-02-28T07:49:45+00:00,CCF Katipunan - Christ's Commission Fellowship,273,1,0,1,0,2,0,,
200,location,location-sitemap,https://www.ccf.org.ph/satellite-details/ccf-kawit/,https://www.ccf.org.ph/satellite-details/ccf-kawit/,https://www.ccf.org.ph/satellite-details/ccf-kawit/,13877,2026-08-01T09:10:08+00:00,CCF Kawit - Christ's Commission Fellowship,265,1,0,1,0,2,0,,
200,location,location-sitemap,https://www.ccf.org.ph/satellite-details/ccf-kuala-lumpur/,https://www.ccf.org.ph/satellite-details/ccf-kuala-lumpur/,https://www.ccf.org.ph/satellite-details/ccf-kuala-lumpur/,15913,2024-12-27T08:23:08+00:00,CCF Kuala Lumpur - Christ's Commission Fellowship,206,1,0,1,0,2,0,,
200,location,location-sitemap,https://www.ccf.org.ph/satellite-details/ccf-kuwait/,https://www.ccf.org.ph/satellite-details/ccf-kuwait/,https://www.ccf.org.ph/satellite-details/ccf-kuwait/,14401,2025-03-06T11:58:35+00:00,CCF Kuwait - Christ's Commission Fellowship,198,1,0,1,0,2,0,,
200,location,location-sitemap,https://www.ccf.org.ph/satellite-details/ccf-la-trinidad/,https://www.ccf.org.ph/satellite-details/ccf-la-trinidad/,https://www.ccf.org.ph/satellite-details/ccf-la-trinidad/,18486,2026-01-24T08:42:25+00:00,CCF La Trinidad - Christ's Commission Fellowship,246,1,0,1,0,2,0,,
200,location,location-sitemap,https://www.ccf.org.ph/satellite-details/ccf-la-union/,https://www.ccf.org.ph/satellite-details/ccf-la-union/,https://www.ccf.org.ph/satellite-details/ccf-la-union/,11233,2023-10-30T07:55:23+00:00,CCF La Union - Christ's Commission Fellowship,236,1,0,1,0,2,0,,
200,location,location-sitemap,https://www.ccf.org.ph/satellite-details/ccf-las-pinas/,https://www.ccf.org.ph/satellite-details/ccf-las-pinas/,https://www.ccf.org.ph/satellite-details/ccf-las-pinas/,11234,2026-01-24T08:42:23+00:00,CCF Las Pinas - Christ's Commission Fellowship,285,1,0,1,0,2,0,,
200,location,location-sitemap,https://www.ccf.org.ph/satellite-details/ccf-las-vegas/,https://www.ccf.org.ph/satellite-details/ccf-las-vegas/,https://www.ccf.org.ph/satellite-details/ccf-las-vegas/,15914,2025-08-20T07:28:14+00:00,CCF Las Vegas - Christ's Commission Fellowship,278,1,0,1,0,2,0,,
200,location,location-sitemap,https://www.ccf.org.ph/satellite-details/ccf-legazpi/,https://www.ccf.org.ph/satellite-details/ccf-legazpi/,https://www.ccf.org.ph/satellite-details/ccf-legazpi/,16460,2026-01-24T08:42:19+00:00,CCF Legazpi - Christ's Commission Fellowship,266,1,0,1,0,2,0,,
200,location,location-sitemap,https://www.ccf.org.ph/satellite-details/ccf-lipa/,https://www.ccf.org.ph/satellite-details/ccf-lipa/,https://www.ccf.org.ph/satellite-details/ccf-lipa/,11232,2024-08-10T07:34:56+00:00,CCF Lipa - Christ's Commission Fellowship,270,1,0,1,0,2,0,,
200,location,location-sitemap,https://www.ccf.org.ph/satellite-details/ccf-london-ontario/,https://www.ccf.org.ph/satellite-details/ccf-london-ontario/,https://www.ccf.org.ph/satellite-details/ccf-london-ontario/,36311,2025-11-15T07:26:47+00:00,CCF London Ontario - Christ's Commission Fellowship,212,1,0,1,0,2,0,,
200,location,location-sitemap,https://www.ccf.org.ph/satellite-details/ccf-london/,https://www.ccf.org.ph/satellite-details/ccf-london/,https://www.ccf.org.ph/satellite-details/ccf-london/,15915,2024-12-27T08:34:40+00:00,CCF London - Christ's Commission Fellowship,226,1,0,1,0,2,0,,
200,location,location-sitemap,https://www.ccf.org.ph/satellite-details/ccf-lower-antipolo/,https://www.ccf.org.ph/satellite-details/ccf-lower-antipolo/,https://www.ccf.org.ph/satellite-details/ccf-lower-antipolo/,13217,2026-02-19T10:17:41+00:00,CCF Lower Antipolo - Christ's Commission Fellowship,290,1,0,1,0,2,0,,
200,location,location-sitemap,https://www.ccf.org.ph/satellite-details/ccf-lucena/,https://www.ccf.org.ph/satellite-details/ccf-lucena/,https://www.ccf.org.ph/satellite-details/ccf-lucena/,11231,2026-08-01T09:09:29+00:00,CCF Lucena - Christ's Commission Fellowship,281,1,0,1,0,2,0,,
200,location,location-sitemap,https://www.ccf.org.ph/satellite-details/ccf-luxembourg/,https://www.ccf.org.ph/satellite-details/ccf-luxembourg/,https://www.ccf.org.ph/satellite-details/ccf-luxembourg/,40284,2026-04-29T08:14:50+00:00,CCF Luxembourg - Christ's Commission Fellowship,176,1,0,1,0,2,0,,
200,location,location-sitemap,https://www.ccf.org.ph/satellite-details/ccf-macau/,https://www.ccf.org.ph/satellite-details/ccf-macau/,https://www.ccf.org.ph/satellite-details/ccf-macau/,15987,2024-12-27T08:25:20+00:00,CCF Macau - Christ's Commission Fellowship,208,1,0,1,0,2,0,,
200,location,location-sitemap,https://www.ccf.org.ph/satellite-details/ccf-makati/,https://www.ccf.org.ph/satellite-details/ccf-makati/,https://www.ccf.org.ph/satellite-details/ccf-makati/,11230,2026-03-24T05:13:11+00:00,CCF Makati - Christ's Commission Fellowship,229,1,0,1,0,2,0,,
200,location,location-sitemap,https://www.ccf.org.ph/satellite-details/ccf-malaybalay/,https://www.ccf.org.ph/satellite-details/ccf-malaybalay/,https://www.ccf.org.ph/satellite-details/ccf-malaybalay/,11229,2024-10-12T11:54:18+00:00,CCF Malaybalay - Christ's Commission Fellowship,248,1,0,1,0,2,0,,
200,location,location-sitemap,https://www.ccf.org.ph/satellite-details/ccf-malolos/,https://www.ccf.org.ph/satellite-details/ccf-malolos/,https://www.ccf.org.ph/satellite-details/ccf-malolos/,11226,2025-05-10T05:03:56+00:00,CCF Malolos - Christ's Commission Fellowship,320,1,0,1,0,2,0,,
200,location,location-sitemap,https://www.ccf.org.ph/satellite-details/ccf-manila/,https://www.ccf.org.ph/satellite-details/ccf-manila/,https://www.ccf.org.ph/satellite-details/ccf-manila/,11228,2026-08-29T06:25:02+00:00,CCF Manila - Christ's Commission Fellowship,250,1,0,1,0,2,0,,
200,location,location-sitemap,https://www.ccf.org.ph/satellite-details/ccf-manolo-fortich/,https://www.ccf.org.ph/satellite-details/ccf-manolo-fortich/,https://www.ccf.org.ph/satellite-details/ccf-manolo-fortich/,11227,2024-05-11T04:35:30+00:00,CCF Manolo Fortich - Christ's Commission Fellowship,230,1,0,1,0,2,0,,
200,location,location-sitemap,https://www.ccf.org.ph/satellite-details/ccf-marilao/,https://www.ccf.org.ph/satellite-details/ccf-marilao/,https://www.ccf.org.ph/satellite-details/ccf-marilao/,11225,2026-07-31T11:57:24+00:00,CCF Marilao - Christ's Commission Fellowship,239,1,0,1,0,2,0,,
200,location,location-sitemap,https://www.ccf.org.ph/satellite-details/ccf-maryland/,https://www.ccf.org.ph/satellite-details/ccf-maryland/,https://www.ccf.org.ph/satellite-details/ccf-maryland/,36455,2025-01-04T08:24:32+00:00,CCF Maryland - Christ's Commission Fellowship,261,1,0,1,0,2,0,,
200,location,location-sitemap,https://www.ccf.org.ph/satellite-details/ccf-matina/,https://www.ccf.org.ph/satellite-details/ccf-matina/,https://www.ccf.org.ph/satellite-details/ccf-matina/,19321,2026-05-19T10:54:45+00:00,CCF Matina - Christ's Commission Fellowship,267,1,0,1,0,2,0,,
200,location,location-sitemap,https://www.ccf.org.ph/satellite-details/ccf-maui/,https://www.ccf.org.ph/satellite-details/ccf-maui/,https://www.ccf.org.ph/satellite-details/ccf-maui/,11580,2020-08-19T11:20:12+00:00,CCF Maui - Christ's Commission Fellowship,167,1,0,1,0,2,0,,
200,location,location-sitemap,https://www.ccf.org.ph/satellite-details/ccf-michigan-2/,https://www.ccf.org.ph/satellite-details/ccf-michigan-2/,https://www.ccf.org.ph/satellite-details/ccf-michigan-2/,39049,2025-11-15T07:26:43+00:00,CCF Michigan - Christ's Commission Fellowship,180,1,0,1,0,2,0,,
200,location,location-sitemap,https://www.ccf.org.ph/satellite-details/ccf-midlands-uk/,https://www.ccf.org.ph/satellite-details/ccf-midlands-uk/,https://www.ccf.org.ph/satellite-details/ccf-midlands-uk/,36317,2024-12-27T08:16:48+00:00,"CCF Midlands, UK - Christ's Commission Fellowship",268,1,0,1,0,2,0,,
200,location,location-sitemap,https://www.ccf.org.ph/satellite-details/ccf-milan/,https://www.ccf.org.ph/satellite-details/ccf-milan/,https://www.ccf.org.ph/satellite-details/ccf-milan/,15014,2025-04-23T07:02:19+00:00,CCF Milan - Christ's Commission Fellowship,232,1,0,1,0,2,0,,
200,location,location-sitemap,https://www.ccf.org.ph/satellite-details/ccf-milton-keynes/,https://www.ccf.org.ph/satellite-details/ccf-milton-keynes/,https://www.ccf.org.ph/satellite-details/ccf-milton-keynes/,15917,2020-07-28T09:59:56+00:00,CCF Milton Keynes - Christ's Commission Fellowship,193,1,0,1,0,2,0,,
200,location,location-sitemap,https://www.ccf.org.ph/satellite-details/ccf-mississauga/,https://www.ccf.org.ph/satellite-details/ccf-mississauga/,https://www.ccf.org.ph/satellite-details/ccf-mississauga/,11613,2026-02-28T06:44:57+00:00,CCF Mississauga - Christ's Commission Fellowship,268,1,0,1,0,2,0,,
200,location,location-sitemap,https://www.ccf.org.ph/satellite-details/ccf-missouri/,https://www.ccf.org.ph/satellite-details/ccf-missouri/,https://www.ccf.org.ph/satellite-details/ccf-missouri/,36458,2025-01-04T08:24:28+00:00,CCF Missouri - Christ's Commission Fellowship,170,1,0,1,0,2,0,,
200,location,location-sitemap,https://www.ccf.org.ph/satellite-details/ccf-montreal/,https://www.ccf.org.ph/satellite-details/ccf-montreal/,https://www.ccf.org.ph/satellite-details/ccf-montreal/,14398,2024-12-27T08:26:55+00:00,CCF Montreal - Christ's Commission Fellowship,221,1,0,1,0,2,0,,
200,location,location-sitemap,https://www.ccf.org.ph/satellite-details/ccf-munich/,https://www.ccf.org.ph/satellite-details/ccf-munich/,https://www.ccf.org.ph/satellite-details/ccf-munich/,15918,2024-12-27T08:15:02+00:00,CCF South Germany / Munich - Christ's Commission Fellowship,192,1,0,1,0,2,0,,
200,location,location-sitemap,https://www.ccf.org.ph/satellite-details/ccf-muntinlupa/,https://www.ccf.org.ph/satellite-details/ccf-muntinlupa/,https://www.ccf.org.ph/satellite-details/ccf-muntinlupa/,11222,2026-08-01T09:09:17+00:00,CCF Muntinlupa - Christ's Commission Fellowship,237,1,0,1,0,2,0,,
200,location,location-sitemap,https://www.ccf.org.ph/satellite-details/ccf-mussafah/,https://www.ccf.org.ph/satellite-details/ccf-mussafah/,https://www.ccf.org.ph/satellite-details/ccf-mussafah/,14400,2020-08-19T09:05:39+00:00,CCF Mussafah - Christ's Commission Fellowship,226,1,0,1,0,2,0,,
200,location,location-sitemap,https://www.ccf.org.ph/satellite-details/ccf-naga/,https://www.ccf.org.ph/satellite-details/ccf-naga/,https://www.ccf.org.ph/satellite-details/ccf-naga/,11221,2026-08-01T09:09:13+00:00,CCF Naga - Christ's Commission Fellowship,256,1,0,1,0,2,0,,
200,location,location-sitemap,https://www.ccf.org.ph/satellite-details/ccf-nangka-marikina/,https://www.ccf.org.ph/satellite-details/ccf-nangka-marikina/,https://www.ccf.org.ph/satellite-details/ccf-nangka-marikina/,15875,2026-08-01T09:10:42+00:00,CCF Marikina - Christ's Commission Fellowship,250,1,0,1,0,2,0,,
200,location,location-sitemap,https://www.ccf.org.ph/satellite-details/ccf-nashville/,https://www.ccf.org.ph/satellite-details/ccf-nashville/,https://www.ccf.org.ph/satellite-details/ccf-nashville/,36459,2025-01-04T08:27:44+00:00,CCF Nashville - Christ's Commission Fellowship,227,1,0,1,0,2,0,,
200,location,location-sitemap,https://www.ccf.org.ph/satellite-details/ccf-netherlands/,https://www.ccf.org.ph/satellite-details/ccf-netherlands/,https://www.ccf.org.ph/satellite-details/ccf-netherlands/,36318,2024-12-27T08:16:38+00:00,CCF Netherlands - Christ's Commission Fellowship,221,1,0,1,0,2,0,,
200,location,location-sitemap,https://www.ccf.org.ph/satellite-details/ccf-new-jersey/,https://www.ccf.org.ph/satellite-details/ccf-new-jersey/,https://www.ccf.org.ph/satellite-details/ccf-new-jersey/,36460,2025-01-04T08:29:18+00:00,CCF New Jersey - Christ's Commission Fellowship,265,1,0,1,0,2,0,,
200,location,location-sitemap,https://www.ccf.org.ph/satellite-details/ccf-new-york/,https://www.ccf.org.ph/satellite-details/ccf-new-york/,https://www.ccf.org.ph/satellite-details/ccf-new-york/,15919,2026-01-28T06:56:51+00:00,CCF New York - Christ's Commission Fellowship,271,1,0,1,0,2,0,,
200,location,location-sitemap,https://www.ccf.org.ph/satellite-details/ccf-new-zealand/,https://www.ccf.org.ph/satellite-details/ccf-new-zealand/,https://www.ccf.org.ph/satellite-details/ccf-new-zealand/,11199,2026-07-24T06:02:59+00:00,CCF Auckland North - Christ's Commission Fellowship,232,1,0,1,0,2,0,,
200,location,location-sitemap,https://www.ccf.org.ph/satellite-details/ccf-nice/,https://www.ccf.org.ph/satellite-details/ccf-nice/,https://www.ccf.org.ph/satellite-details/ccf-nice/,22645,2025-11-15T07:27:26+00:00,CCF Nice - Christ's Commission Fellowship,243,1,0,1,0,2,0,,
200,location,location-sitemap,https://www.ccf.org.ph/satellite-details/ccf-north-edsa/,https://www.ccf.org.ph/satellite-details/ccf-north-edsa/,https://www.ccf.org.ph/satellite-details/ccf-north-edsa/,11185,2026-01-27T09:44:35+00:00,CCF North Edsa - Christ's Commission Fellowship,280,1,0,1,0,2,0,,
200,location,location-sitemap,https://www.ccf.org.ph/satellite-details/ccf-north-england-uk/,https://www.ccf.org.ph/satellite-details/ccf-north-england-uk/,https://www.ccf.org.ph/satellite-details/ccf-north-england-uk/,36338,2024-12-27T08:15:16+00:00,"CCF North England, UK - Christ's Commission Fellowship",194,1,0,1,0,2,0,,
200,location,location-sitemap,https://www.ccf.org.ph/satellite-details/ccf-northern-ireland-uk/,https://www.ccf.org.ph/satellite-details/ccf-northern-ireland-uk/,https://www.ccf.org.ph/satellite-details/ccf-northern-ireland-uk/,36337,2025-03-07T09:56:51+00:00,"CCF Northern Ireland, UK - Christ's Commission Fellowship",285,1,0,1,0,2,0,,
200,location,location-sitemap,https://www.ccf.org.ph/satellite-details/ccf-norway/,https://www.ccf.org.ph/satellite-details/ccf-norway/,https://www.ccf.org.ph/satellite-details/ccf-norway/,15920,2024-12-27T08:40:54+00:00,CCF Haugesund Norway - Christ's Commission Fellowship,220,1,0,1,0,2,0,,
200,location,location-sitemap,https://www.ccf.org.ph/satellite-details/ccf-novaliches/,https://www.ccf.org.ph/satellite-details/ccf-novaliches/,https://www.ccf.org.ph/satellite-details/ccf-novaliches/,14717,2026-01-27T08:59:08+00:00,CCF Tandang Sora - Christ's Commission Fellowship,289,1,0,1,0,2,0,,
200,location,location-sitemap,https://www.ccf.org.ph/satellite-details/ccf-nuremberg-dgroup/,https://www.ccf.org.ph/satellite-details/ccf-nuremberg-dgroup/,https://www.ccf.org.ph/satellite-details/ccf-nuremberg-dgroup/,36323,2025-10-09T04:24:36+00:00,CCF Nuremberg DGroup - Christ's Commission Fellowship,201,1,0,1,0,2,0,,
200,location,location-sitemap,https://www.ccf.org.ph/satellite-details/ccf-ohio/,https://www.ccf.org.ph/satellite-details/ccf-ohio/,https://www.ccf.org.ph/satellite-details/ccf-ohio/,36461,2025-01-04T08:30:45+00:00,CCF Ohio - Christ's Commission Fellowship,249,1,0,1,0,2,0,,
200,location,location-sitemap,https://www.ccf.org.ph/satellite-details/ccf-oman/,https://www.ccf.org.ph/satellite-details/ccf-oman/,https://www.ccf.org.ph/satellite-details/ccf-oman/,16014,2025-05-10T04:31:15+00:00,CCF Oman - Christ's Commission Fellowship,217,1,0,1,0,2,0,,
200,location,location-sitemap,https://www.ccf.org.ph/satellite-details/ccf-osaka/,https://www.ccf.org.ph/satellite-details/ccf-osaka/,https://www.ccf.org.ph/satellite-details/ccf-osaka/,36309,2025-07-27T09:19:50+00:00,CCF Osaka - Christ's Commission Fellowship,221,1,0,1,0,2,0,,
200,location,location-sitemap,https://www.ccf.org.ph/satellite-details/ccf-ottawa-gatineau/,https://www.ccf.org.ph/satellite-details/ccf-ottawa-gatineau/,https://www.ccf.org.ph/satellite-details/ccf-ottawa-gatineau/,32386,2026-04-29T07:27:16+00:00,CCF Ottawa-Gatineau - Christ's Commission Fellowship,199,1,0,1,0,2,0,,
200,location,location-sitemap,https://www.ccf.org.ph/satellite-details/ccf-oud-metha/,https://www.ccf.org.ph/satellite-details/ccf-oud-metha/,https://www.ccf.org.ph/satellite-details/ccf-oud-metha/,15990,2025-01-03T06:39:02+00:00,CCF Oud Metha - Christ's Commission Fellowship,305,1,0,1,0,2,0,,
200,location,location-sitemap,https://www.ccf.org.ph/satellite-details/ccf-ozamiz/,https://www.ccf.org.ph/satellite-details/ccf-ozamiz/,https://www.ccf.org.ph/satellite-details/ccf-ozamiz/,16105,2024-05-11T04:38:18+00:00,CCF Ozamiz - Christ's Commission Fellowship,213,1,0,1,0,2,0,,
200,location,location-sitemap,https://www.ccf.org.ph/satellite-details/ccf-palermo/,https://www.ccf.org.ph/satellite-details/ccf-palermo/,https://www.ccf.org.ph/satellite-details/ccf-palermo/,15921,2020-09-29T08:00:18+00:00,CCF Palermo - Christ's Commission Fellowship,176,1,0,1,0,2,0,,
200,location,location-sitemap,https://www.ccf.org.ph/satellite-details/ccf-paranaque/,https://www.ccf.org.ph/satellite-details/ccf-paranaque/,https://www.ccf.org.ph/satellite-details/ccf-paranaque/,11219,2026-03-12T05:54:13+00:00,CCF Paranaque - Christ's Commission Fellowship,234,1,0,1,0,2,0,,
200,location,location-sitemap,https://www.ccf.org.ph/satellite-details/ccf-paris/,https://www.ccf.org.ph/satellite-details/ccf-paris/,https://www.ccf.org.ph/satellite-details/ccf-paris/,15922,2020-07-28T09:51:32+00:00,CCF Paris - Christ's Commission Fellowship,208,1,0,1,0,2,0,,
200,location,location-sitemap,https://www.ccf.org.ph/satellite-details/ccf-pasay/,https://www.ccf.org.ph/satellite-details/ccf-pasay/,https://www.ccf.org.ph/satellite-details/ccf-pasay/,11218,2026-07-16T03:44:00+00:00,CCF Bay Area - Christ's Commission Fellowship,276,1,0,1,0,2,0,,
200,location,location-sitemap,https://www.ccf.org.ph/satellite-details/ccf-perth/,https://www.ccf.org.ph/satellite-details/ccf-perth/,https://www.ccf.org.ph/satellite-details/ccf-perth/,37121,2026-07-31T06:57:18+00:00,CCF Perth - Christ's Commission Fellowship,186,1,0,1,0,2,0,,
200,location,location-sitemap,https://www.ccf.org.ph/satellite-details/ccf-poland/,https://www.ccf.org.ph/satellite-details/ccf-poland/,https://www.ccf.org.ph/satellite-details/ccf-poland/,15988,2025-07-24T02:12:05+00:00,CCF Poland - Christ's Commission Fellowship,225,1,0,1,0,2,0,,
200,location,location-sitemap,https://www.ccf.org.ph/satellite-details/ccf-prince-albert/,https://www.ccf.org.ph/satellite-details/ccf-prince-albert/,https://www.ccf.org.ph/satellite-details/ccf-prince-albert/,11611,2024-12-27T08:31:41+00:00,CCF Prince Albert - Christ's Commission Fellowship,285,1,0,1,0,2,0,,
200,location,location-sitemap,https://www.ccf.org.ph/satellite-details/ccf-puerto-princesa/,https://www.ccf.org.ph/satellite-details/ccf-puerto-princesa/,https://www.ccf.org.ph/satellite-details/ccf-puerto-princesa/,16461,2026-08-01T09:09:11+00:00,CCF Puerto Princesa - Christ's Commission Fellowship,263,1,0,1,0,2,0,,
200,location,location-sitemap,https://www.ccf.org.ph/satellite-details/ccf-qatar-2/,https://www.ccf.org.ph/satellite-details/ccf-qatar-2/,https://www.ccf.org.ph/satellite-details/ccf-qatar-2/,15835,2025-01-03T06:30:10+00:00,CCF Qatar 2 - Christ's Commission Fellowship,216,1,0,1,0,2,0,,
200,location,location-sitemap,https://www.ccf.org.ph/satellite-details/ccf-qatar-4/,https://www.ccf.org.ph/satellite-details/ccf-qatar-4/,https://www.ccf.org.ph/satellite-details/ccf-qatar-4/,26210,2023-11-03T04:48:32+00:00,CCF Qatar 4 - Christ's Commission Fellowship,208,1,0,1,0,2,0,,
200,location,location-sitemap,https://www.ccf.org.ph/satellite-details/ccf-qatar/,https://www.ccf.org.ph/satellite-details/ccf-qatar/,https://www.ccf.org.ph/satellite-details/ccf-qatar/,11198,2025-03-06T11:15:22+00:00,CCF Qatar - Christ's Commission Fellowship,329,1,0,1,0,2,0,,
200,location,location-sitemap,https://www.ccf.org.ph/satellite-details/ccf-ras-al-khaimah/,https://www.ccf.org.ph/satellite-details/ccf-ras-al-khaimah/,https://www.ccf.org.ph/satellite-details/ccf-ras-al-khaimah/,15923,2025-11-15T07:27:18+00:00,CCF Ras Al Khaimah - Christ's Commission Fellowship,221,1,0,1,0,2,0,,
200,location,location-sitemap,https://www.ccf.org.ph/satellite-details/ccf-red-deer/,https://www.ccf.org.ph/satellite-details/ccf-red-deer/,https://www.ccf.org.ph/satellite-details/ccf-red-deer/,38474,2026-04-29T06:03:54+00:00,CCF Red Deer - Christ's Commission Fellowship,251,1,0,1,0,2,0,,
200,location,location-sitemap,https://www.ccf.org.ph/satellite-details/ccf-regina/,https://www.ccf.org.ph/satellite-details/ccf-regina/,https://www.ccf.org.ph/satellite-details/ccf-regina/,14396,2024-12-27T08:31:45+00:00,CCF Regina - Christ's Commission Fellowship,213,1,0,1,0,2,0,,
200,location,location-sitemap,https://www.ccf.org.ph/satellite-details/ccf-robinsons-place-antipolo/,https://www.ccf.org.ph/satellite-details/ccf-robinsons-place-antipolo/,https://www.ccf.org.ph/satellite-details/ccf-robinsons-place-antipolo/,39647,2026-08-29T06:25:18+00:00,CCF Robinsons Antipolo - Christ's Commission Fellowship,297,1,0,1,0,2,0,,
200,location,location-sitemap,https://www.ccf.org.ph/satellite-details/ccf-rome/,https://www.ccf.org.ph/satellite-details/ccf-rome/,https://www.ccf.org.ph/satellite-details/ccf-rome/,11763,2024-12-27T08:15:05+00:00,CCF Rome - Christ's Commission Fellowship,189,1,0,1,0,2,0,,
200,location,location-sitemap,https://www.ccf.org.ph/satellite-details/ccf-roseville/,https://www.ccf.org.ph/satellite-details/ccf-roseville/,https://www.ccf.org.ph/satellite-details/ccf-roseville/,15924,2025-01-04T05:12:07+00:00,CCF Roseville - Christ's Commission Fellowship,216,1,0,1,0,2,0,,
200,location,location-sitemap,https://www.ccf.org.ph/satellite-details/ccf-rotterdam/,https://www.ccf.org.ph/satellite-details/ccf-rotterdam/,https://www.ccf.org.ph/satellite-details/ccf-rotterdam/,22651,2020-10-02T08:08:24+00:00,CCF Rotterdam - Christ's Commission Fellowship,116,1,0,1,0,2,0,,
200,location,location-sitemap,https://www.ccf.org.ph/satellite-details/ccf-roxas/,https://www.ccf.org.ph/satellite-details/ccf-roxas/,https://www.ccf.org.ph/satellite-details/ccf-roxas/,27943,2026-08-01T09:09:07+00:00,CCF Roxas - Christ's Commission Fellowship,198,1,0,1,0,2,0,,
200,location,location-sitemap,https://www.ccf.org.ph/satellite-details/ccf-salawag/,https://www.ccf.org.ph/satellite-details/ccf-salawag/,https://www.ccf.org.ph/satellite-details/ccf-salawag/,11216,2026-08-01T09:09:21+00:00,CCF Molino - Christ's Commission Fellowship,282,1,0,1,0,2,0,,
200,location,location-sitemap,https://www.ccf.org.ph/satellite-details/ccf-salitran/,https://www.ccf.org.ph/satellite-details/ccf-salitran/,https://www.ccf.org.ph/satellite-details/ccf-salitran/,11215,2026-08-01T09:09:00+00:00,CCF Salitran - Christ's Commission Fellowship,278,1,0,1,0,2,0,,
200,location,location-sitemap,https://www.ccf.org.ph/satellite-details/ccf-san-diego/,https://www.ccf.org.ph/satellite-details/ccf-san-diego/,https://www.ccf.org.ph/satellite-details/ccf-san-diego/,15925,2020-07-29T03:55:04+00:00,CCF San Diego - Christ's Commission Fellowship,175,1,0,1,0,2,0,,
200,location,location-sitemap,https://www.ccf.org.ph/satellite-details/ccf-san-fernando/,https://www.ccf.org.ph/satellite-details/ccf-san-fernando/,https://www.ccf.org.ph/satellite-details/ccf-san-fernando/,11214,2026-08-29T06:25:42+00:00,CCF San Fernando - Christ's Commission Fellowship,345,1,0,1,0,2,0,,
200,location,location-sitemap,https://www.ccf.org.ph/satellite-details/ccf-san-francisco/,https://www.ccf.org.ph/satellite-details/ccf-san-francisco/,https://www.ccf.org.ph/satellite-details/ccf-san-francisco/,11617,2025-01-04T05:13:53+00:00,CCF San Francisco - Christ's Commission Fellowship,228,1,0,1,0,2,0,,
200,location,location-sitemap,https://www.ccf.org.ph/satellite-details/ccf-san-jose-del-monte/,https://www.ccf.org.ph/satellite-details/ccf-san-jose-del-monte/,https://www.ccf.org.ph/satellite-details/ccf-san-jose-del-monte/,14121,2026-08-29T06:26:13+00:00,CCF San Jose Del Monte - Christ's Commission Fellowship,402,1,0,1,0,2,0,,
200,location,location-sitemap,https://www.ccf.org.ph/satellite-details/ccf-san-jose/,https://www.ccf.org.ph/satellite-details/ccf-san-jose/,https://www.ccf.org.ph/satellite-details/ccf-san-jose/,15926,2025-01-04T05:15:57+00:00,CCF San Jose - Christ's Commission Fellowship,211,1,0,1,0,2,0,,
200,location,location-sitemap,https://www.ccf.org.ph/satellite-details/ccf-san-pedro/,https://www.ccf.org.ph/satellite-details/ccf-san-pedro/,https://www.ccf.org.ph/satellite-details/ccf-san-pedro/,16533,2026-08-29T06:26:51+00:00,CCF San Pedro - Christ's Commission Fellowship,260,1,0,1,0,2,0,,
200,location,location-sitemap,https://www.ccf.org.ph/satellite-details/ccf-san-simon/,https://www.ccf.org.ph/satellite-details/ccf-san-simon/,https://www.ccf.org.ph/satellite-details/ccf-san-simon/,11210,2026-03-10T04:36:38+00:00,CCF San Simon - Christ's Commission Fellowship,246,1,0,1,0,2,0,,
200,location,location-sitemap,https://www.ccf.org.ph/satellite-details/ccf-sandoval/,https://www.ccf.org.ph/satellite-details/ccf-sandoval/,https://www.ccf.org.ph/satellite-details/ccf-sandoval/,16459,2026-08-01T09:08:57+00:00,CCF Sandoval - Christ's Commission Fellowship,223,1,0,1,0,2,0,,
200,location,location-sitemap,https://www.ccf.org.ph/satellite-details/ccf-santa-rosa/,https://www.ccf.org.ph/satellite-details/ccf-santa-rosa/,https://www.ccf.org.ph/satellite-details/ccf-santa-rosa/,11212,2026-01-27T08:59:15+00:00,CCF Santa Rosa - Christ's Commission Fellowship,262,1,0,1,0,2,0,,
200,location,location-sitemap,https://www.ccf.org.ph/satellite-details/ccf-santiago/,https://www.ccf.org.ph/satellite-details/ccf-santiago/,https://www.ccf.org.ph/satellite-details/ccf-santiago/,11211,2026-08-29T06:27:05+00:00,CCF Santiago - Christ's Commission Fellowship,208,1,0,1,0,2,0,,
200,location,location-sitemap,https://www.ccf.org.ph/satellite-details/ccf-saskatoon/,https://www.ccf.org.ph/satellite-details/ccf-saskatoon/,https://www.ccf.org.ph/satellite-details/ccf-saskatoon/,36312,2024-12-27T08:17:29+00:00,CCF Saskatoon - Christ's Commission Fellowship,238,1,0,1,0,2,0,,
200,location,location-sitemap,https://www.ccf.org.ph/satellite-details/ccf-sassari/,https://www.ccf.org.ph/satellite-details/ccf-sassari/,https://www.ccf.org.ph/satellite-details/ccf-sassari/,15927,2020-08-19T07:30:50+00:00,CCF Sassari - Christ's Commission Fellowship,163,1,0,1,0,2,0,,
200,location,location-sitemap,https://www.ccf.org.ph/satellite-details/ccf-satwa/,https://www.ccf.org.ph/satellite-details/ccf-satwa/,https://www.ccf.org.ph/satellite-details/ccf-satwa/,11615,2025-01-03T06:39:00+00:00,CCF Satwa - Christ's Commission Fellowship,315,1,0,1,0,2,0,,
200,location,location-sitemap,https://www.ccf.org.ph/satellite-details/ccf-scotland/,https://www.ccf.org.ph/satellite-details/ccf-scotland/,https://www.ccf.org.ph/satellite-details/ccf-scotland/,36958,2025-03-07T09:59:11+00:00,CCF Scotland - Christ's Commission Fellowship,163,1,0,1,0,2,0,,
200,location,location-sitemap,https://www.ccf.org.ph/satellite-details/ccf-seattle-south/,https://www.ccf.org.ph/satellite-details/ccf-seattle-south/,https://www.ccf.org.ph/satellite-details/ccf-seattle-south/,15928,2025-01-04T05:16:49+00:00,CCF Seattle South - Christ's Commission Fellowship,233,1,0,1,0,2,0,,
200,location,location-sitemap,https://www.ccf.org.ph/satellite-details/ccf-seattle/,https://www.ccf.org.ph/satellite-details/ccf-seattle/,https://www.ccf.org.ph/satellite-details/ccf-seattle/,14556,2025-01-04T05:38:07+00:00,CCF Seattle North - Christ's Commission Fellowship,219,1,0,1,0,2,0,,
200,location,location-sitemap,https://www.ccf.org.ph/satellite-details/ccf-sharjah/,https://www.ccf.org.ph/satellite-details/ccf-sharjah/,https://www.ccf.org.ph/satellite-details/ccf-sharjah/,11190,2025-05-20T03:51:46+00:00,CCF Sharjah - Christ's Commission Fellowship,271,1,0,1,0,2,0,,
200,location,location-sitemap,https://www.ccf.org.ph/satellite-details/ccf-silang/,https://www.ccf.org.ph/satellite-details/ccf-silang/,https://www.ccf.org.ph/satellite-details/ccf-silang/,11208,2024-10-30T11:17:18+00:00,CCF Silang - Christ's Commission Fellowship,280,1,0,1,0,2,0,,
200,location,location-sitemap,https://www.ccf.org.ph/satellite-details/ccf-singapore/,https://www.ccf.org.ph/satellite-details/ccf-singapore/,https://www.ccf.org.ph/satellite-details/ccf-singapore/,11197,2025-03-07T09:28:51+00:00,CCF Singapore - Christ's Commission Fellowship,245,1,0,1,0,2,0,,
200,location,location-sitemap,https://www.ccf.org.ph/satellite-details/ccf-south-dubai/,https://www.ccf.org.ph/satellite-details/ccf-south-dubai/,https://www.ccf.org.ph/satellite-details/ccf-south-dubai/,11614,2025-03-06T12:06:32+00:00,CCF South Dubai - Christ's Commission Fellowship,304,1,0,1,0,2,0,,
200,location,location-sitemap,https://www.ccf.org.ph/satellite-details/ccf-southern-california/,https://www.ccf.org.ph/satellite-details/ccf-southern-california/,https://www.ccf.org.ph/satellite-details/ccf-southern-california/,36446,2026-07-07T05:51:43+00:00,CCF Southern California - Christ's Commission Fellowship,323,1,0,1,0,2,0,,
200,location,location-sitemap,https://www.ccf.org.ph/satellite-details/ccf-southwest-england-uk/,https://www.ccf.org.ph/satellite-details/ccf-southwest-england-uk/,https://www.ccf.org.ph/satellite-details/ccf-southwest-england-uk/,36325,2025-03-07T09:54:29+00:00,"CCF Southwest England, UK - Christ's Commission Fellowship",230,1,0,1,0,2,0,,
200,location,location-sitemap,https://www.ccf.org.ph/satellite-details/ccf-spain-barcelona/,https://www.ccf.org.ph/satellite-details/ccf-spain-barcelona/,https://www.ccf.org.ph/satellite-details/ccf-spain-barcelona/,36326,2026-04-29T05:59:04+00:00,CCF Barcelona (Spain) - Christ's Commission Fellowship,187,1,0,1,0,2,0,,
200,location,location-sitemap,https://www.ccf.org.ph/satellite-details/ccf-spain-getafe/,https://www.ccf.org.ph/satellite-details/ccf-spain-getafe/,https://www.ccf.org.ph/satellite-details/ccf-spain-getafe/,36327,2025-01-04T06:18:20+00:00,CCF Getafe (Spain) - Christ's Commission Fellowship,192,1,0,1,0,2,0,,
200,location,location-sitemap,https://www.ccf.org.ph/satellite-details/ccf-spain-madrid-metro-valdezarza/,https://www.ccf.org.ph/satellite-details/ccf-spain-madrid-metro-valdezarza/,https://www.ccf.org.ph/satellite-details/ccf-spain-madrid-metro-valdezarza/,36328,2025-01-04T06:19:33+00:00,CCF Madrid (Metro Valdezarza) - Christ's Commission Fellowship,178,1,0,1,0,2,0,,
200,location,location-sitemap,https://www.ccf.org.ph/satellite-details/ccf-sta-maria/,https://www.ccf.org.ph/satellite-details/ccf-sta-maria/,https://www.ccf.org.ph/satellite-details/ccf-sta-maria/,14122,2026-08-29T06:27:18+00:00,CCF Santa Maria - Christ's Commission Fellowship,258,1,0,1,0,2,0,,
200,location,location-sitemap,https://www.ccf.org.ph/satellite-details/ccf-subic-bay/,https://www.ccf.org.ph/satellite-details/ccf-subic-bay/,https://www.ccf.org.ph/satellite-details/ccf-subic-bay/,39649,2026-08-29T06:27:29+00:00,CCF Subic Bay - Christ's Commission Fellowship,206,1,0,1,0,2,0,,
200,location,location-sitemap,https://www.ccf.org.ph/satellite-details/ccf-sunshine-coast/,https://www.ccf.org.ph/satellite-details/ccf-sunshine-coast/,https://www.ccf.org.ph/satellite-details/ccf-sunshine-coast/,15929,2025-03-22T07:35:56+00:00,CCF Sunshine Coast - Christ's Commission Fellowship,152,1,0,1,0,2,0,,
200,location,location-sitemap,https://www.ccf.org.ph/satellite-details/ccf-sweden/,https://www.ccf.org.ph/satellite-details/ccf-sweden/,https://www.ccf.org.ph/satellite-details/ccf-sweden/,40282,2026-04-29T08:14:45+00:00,CCF Sweden - Christ's Commission Fellowship,172,1,0,1,0,2,0,,
200,location,location-sitemap,https://www.ccf.org.ph/satellite-details/ccf-sydney-north/,https://www.ccf.org.ph/satellite-details/ccf-sydney-north/,https://www.ccf.org.ph/satellite-details/ccf-sydney-north/,15829,2026-05-06T10:57:25+00:00,CCF Sydney North - Christ's Commission Fellowship,222,1,0,1,0,2,0,,
200,location,location-sitemap,https://www.ccf.org.ph/satellite-details/ccf-sydney/,https://www.ccf.org.ph/satellite-details/ccf-sydney/,https://www.ccf.org.ph/satellite-details/ccf-sydney/,11196,2026-05-06T11:22:07+00:00,CCF Sydney West - Christ's Commission Fellowship,347,1,0,1,0,2,0,,
200,location,location-sitemap,https://www.ccf.org.ph/satellite-details/ccf-tachikawa/,https://www.ccf.org.ph/satellite-details/ccf-tachikawa/,https://www.ccf.org.ph/satellite-details/ccf-tachikawa/,37498,2025-05-10T04:48:51+00:00,CCF Tachikawa - Christ's Commission Fellowship,126,1,0,1,0,2,0,,
200,location,location-sitemap,https://www.ccf.org.ph/satellite-details/ccf-tagaytay/,https://www.ccf.org.ph/satellite-details/ccf-tagaytay/,https://www.ccf.org.ph/satellite-details/ccf-tagaytay/,11207,2026-01-27T08:59:11+00:00,CCF Tagaytay - Christ's Commission Fellowship,249,1,0,1,0,2,0,,
200,location,location-sitemap,https://www.ccf.org.ph/satellite-details/ccf-tagum/,https://www.ccf.org.ph/satellite-details/ccf-tagum/,https://www.ccf.org.ph/satellite-details/ccf-tagum/,11206,2024-10-05T07:11:22+00:00,CCF Tagum - Christ's Commission Fellowship,283,1,0,1,0,2,0,,
200,location,location-sitemap,https://www.ccf.org.ph/satellite-details/ccf-taiwan/,https://www.ccf.org.ph/satellite-details/ccf-taiwan/,https://www.ccf.org.ph/satellite-details/ccf-taiwan/,26312,2025-07-27T09:23:09+00:00,CCF Taiwan (Online) - Christ's Commission Fellowship,125,1,0,1,0,2,0,,
200,location,location-sitemap,https://www.ccf.org.ph/satellite-details/ccf-takamatsu/,https://www.ccf.org.ph/satellite-details/ccf-takamatsu/,https://www.ccf.org.ph/satellite-details/ccf-takamatsu/,14399,2024-12-27T08:20:13+00:00,CCF Takamatsu - Christ's Commission Fellowship,246,1,0,1,0,2,0,,
200,location,location-sitemap,https://www.ccf.org.ph/satellite-details/ccf-tanay/,https://www.ccf.org.ph/satellite-details/ccf-tanay/,https://www.ccf.org.ph/satellite-details/ccf-tanay/,11205,2025-05-22T13:32:36+00:00,CCF Tanay - Christ's Commission Fellowship,228,1,0,1,0,2,0,,
200,location,location-sitemap,https://www.ccf.org.ph/satellite-details/ccf-tarlac/,https://www.ccf.org.ph/satellite-details/ccf-tarlac/,https://www.ccf.org.ph/satellite-details/ccf-tarlac/,11203,2026-01-27T08:58:39+00:00,CCF Tarlac - Christ's Commission Fellowship,243,1,0,1,0,2,0,,
200,location,location-sitemap,https://www.ccf.org.ph/satellite-details/ccf-tauranga/,https://www.ccf.org.ph/satellite-details/ccf-tauranga/,https://www.ccf.org.ph/satellite-details/ccf-tauranga/,36404,2025-03-22T07:52:18+00:00,CCF Tauranga - Christ's Commission Fellowship,202,1,0,1,0,2,0,,
200,location,location-sitemap,https://www.ccf.org.ph/satellite-details/ccf-taytay/,https://www.ccf.org.ph/satellite-details/ccf-taytay/,https://www.ccf.org.ph/satellite-details/ccf-taytay/,11202,2026-08-01T09:08:56+00:00,CCF Taytay - Christ's Commission Fellowship,232,1,0,1,0,2,0,,
200,location,location-sitemap,https://www.ccf.org.ph/satellite-details/ccf-thailand/,https://www.ccf.org.ph/satellite-details/ccf-thailand/,https://www.ccf.org.ph/satellite-details/ccf-thailand/,36952,2025-03-07T09:20:44+00:00,CCF Thailand - Christ's Commission Fellowship,274,1,0,1,0,2,0,,
200,location,location-sitemap,https://www.ccf.org.ph/satellite-details/ccf-tokyo/,https://www.ccf.org.ph/satellite-details/ccf-tokyo/,https://www.ccf.org.ph/satellite-details/ccf-tokyo/,11191,2024-12-27T08:21:05+00:00,CCF Tokyo - Christ's Commission Fellowship,217,1,0,1,0,2,0,,
200,location,location-sitemap,https://www.ccf.org.ph/satellite-details/ccf-toronto-east/,https://www.ccf.org.ph/satellite-details/ccf-toronto-east/,https://www.ccf.org.ph/satellite-details/ccf-toronto-east/,11195,2025-03-06T11:40:50+00:00,CCF Toronto - East - Christ's Commission Fellowship,264,1,0,1,0,2,0,,
200,location,location-sitemap,https://www.ccf.org.ph/satellite-details/ccf-toronto-north/,https://www.ccf.org.ph/satellite-details/ccf-toronto-north/,https://www.ccf.org.ph/satellite-details/ccf-toronto-north/,11194,2025-03-06T11:33:50+00:00,CCF North York (Toronto North) - Christ's Commission Fellowship,279,1,0,1,0,2,0,,
200,location,location-sitemap,https://www.ccf.org.ph/satellite-details/ccf-tourist-club-abu-dhabi/,https://www.ccf.org.ph/satellite-details/ccf-tourist-club-abu-dhabi/,https://www.ccf.org.ph/satellite-details/ccf-tourist-club-abu-dhabi/,15931,2023-10-31T11:23:25+00:00,CCF Tourist Club Abu Dhabi - Christ's Commission Fellowship,243,1,0,1,0,2,0,,
200,location,location-sitemap,https://www.ccf.org.ph/satellite-details/ccf-tuguegarao/,https://www.ccf.org.ph/satellite-details/ccf-tuguegarao/,https://www.ccf.org.ph/satellite-details/ccf-tuguegarao/,34548,2026-08-29T06:28:29+00:00,CCF Tuguegarao - Christ's Commission Fellowship,224,1,0,1,0,2,0,,
200,location,location-sitemap,https://www.ccf.org.ph/satellite-details/ccf-tung-chung/,https://www.ccf.org.ph/satellite-details/ccf-tung-chung/,https://www.ccf.org.ph/satellite-details/ccf-tung-chung/,22652,2025-11-15T07:26:39+00:00,CCF Tung Chung - Christ's Commission Fellowship,226,1,0,1,0,2,0,,
200,location,location-sitemap,https://www.ccf.org.ph/satellite-details/ccf-urdaneta/,https://www.ccf.org.ph/satellite-details/ccf-urdaneta/,https://www.ccf.org.ph/satellite-details/ccf-urdaneta/,34543,2026-08-29T06:28:37+00:00,CCF Urdaneta - Christ's Commission Fellowship,221,1,0,1,0,2,0,,
200,location,location-sitemap,https://www.ccf.org.ph/satellite-details/ccf-valencia/,https://www.ccf.org.ph/satellite-details/ccf-valencia/,https://www.ccf.org.ph/satellite-details/ccf-valencia/,16106,2026-04-08T05:46:18+00:00,CCF Valencia - Christ's Commission Fellowship,262,1,0,1,0,2,0,,
200,location,location-sitemap,https://www.ccf.org.ph/satellite-details/ccf-valenzuela/,https://www.ccf.org.ph/satellite-details/ccf-valenzuela/,https://www.ccf.org.ph/satellite-details/ccf-valenzuela/,15266,2026-02-19T10:48:43+00:00,CCF Valenzuela - Christ's Commission Fellowship,266,1,0,1,0,2,0,,
200,location,location-sitemap,https://www.ccf.org.ph/satellite-details/ccf-vancouver/,https://www.ccf.org.ph/satellite-details/ccf-vancouver/,https://www.ccf.org.ph/satellite-details/ccf-vancouver/,11193,2025-11-15T06:14:49+00:00,CCF Vancouver - Christ's Commission Fellowship,225,1,0,1,0,2,0,,
200,location,location-sitemap,https://www.ccf.org.ph/satellite-details/ccf-virginia-beach/,https://www.ccf.org.ph/satellite-details/ccf-virginia-beach/,https://www.ccf.org.ph/satellite-details/ccf-virginia-beach/,36462,2025-01-04T08:30:43+00:00,CCF Virginia Beach - Christ's Commission Fellowship,224,1,0,1,0,2,0,,
200,location,location-sitemap,https://www.ccf.org.ph/satellite-details/ccf-wellington-2/,https://www.ccf.org.ph/satellite-details/ccf-wellington-2/,https://www.ccf.org.ph/satellite-details/ccf-wellington-2/,15933,2025-03-06T11:45:42+00:00,CCF Winnipeg - Christ's Commission Fellowship,241,1,0,1,0,2,0,,
200,location,location-sitemap,https://www.ccf.org.ph/satellite-details/ccf-wellington/,https://www.ccf.org.ph/satellite-details/ccf-wellington/,https://www.ccf.org.ph/satellite-details/ccf-wellington/,15932,2025-01-03T07:09:38+00:00,CCF Wellington - Christ's Commission Fellowship,270,1,0,1,0,2,0,,
200,location,location-sitemap,https://www.ccf.org.ph/satellite-details/ccf-west-germany-dusseldorf/,https://www.ccf.org.ph/satellite-details/ccf-west-germany-dusseldorf/,https://www.ccf.org.ph/satellite-details/ccf-west-germany-dusseldorf/,36329,2025-01-04T07:04:09+00:00,CCF Dusseldorf (West Germany) - Christ's Commission Fellowship,238,1,0,1,0,2,0,,
200,location,location-sitemap,https://www.ccf.org.ph/satellite-details/ccf-yuen-long/,https://www.ccf.org.ph/satellite-details/ccf-yuen-long/,https://www.ccf.org.ph/satellite-details/ccf-yuen-long/,36310,2024-12-27T08:17:44+00:00,CCF Yuen Long - Christ's Commission Fellowship,207,1,0,1,0,2,0,,
200,location,location-sitemap,https://www.ccf.org.ph/satellite-details/melbourne/,https://www.ccf.org.ph/satellite-details/melbourne/,https://www.ccf.org.ph/satellite-details/melbourne/,11727,2025-01-03T07:10:05+00:00,CCF Melbourne - Christ's Commission Fellowship,235,1,0,1,0,2,0,,
200,page,page-sitemap,https://www.ccf.org.ph/,https://www.ccf.org.ph/,https://www.ccf.org.ph/,18512,2024-01-16T04:25:53+00:00,Home - Christ's Commission Fellowship,3355,10,2,0,0,13,4,,
200,page,page-sitemap,https://www.ccf.org.ph/2be1-couples-retreat-project/,https://www.ccf.org.ph/2be1-couples-retreat-project/,https://www.ccf.org.ph/2be1-couples-retreat-project/,40462,2026-08-19T03:29:59+00:00,Project 2Be1 Couples' Retreat - Christ's Commission Fellowship,1069,4,14,0,2,10,0,,
200,page,page-sitemap,https://www.ccf.org.ph/360consent/,https://www.ccf.org.ph/360consent/,https://www.ccf.org.ph/360consent/,37261,2025-04-14T05:00:16+00:00,INFORMED CONSENT FOR DLEADERS - Christ's Commission Fellowship,5950,0,1,0,0,0,0,,
200,page,page-sitemap,https://www.ccf.org.ph/360privacy-policy/,https://www.ccf.org.ph/360privacy-policy/,https://www.ccf.org.ph/360privacy-policy/,28187,2023-10-31T03:49:38+00:00,360Privacy Policy - Christ's Commission Fellowship,6533,11,1,0,0,0,1,,
200,page,page-sitemap,https://www.ccf.org.ph/4ws-2025-will-i-be-useful-or-useless-to-god-goviral-edition/,https://www.ccf.org.ph/4ws-2025-will-i-be-useful-or-useless-to-god-goviral-edition/,https://www.ccf.org.ph/4ws-2025-will-i-be-useful-or-useless-to-god-goviral-edition/,36375,2024-12-30T05:15:41+00:00,4ws - 2025: Will I Be Useful or Useless to God (GoViral Edition) - Christ's Commission Fellowship,4332,0,10,0,0,1,0,,
200,page,page-sitemap,https://www.ccf.org.ph/4ws-2025-will-i-be-useful-or-useless-to-god/,https://www.ccf.org.ph/4ws-2025-will-i-be-useful-or-useless-to-god/,https://www.ccf.org.ph/4ws-2025-will-i-be-useful-or-useless-to-god/,36374,2024-12-30T05:21:00+00:00,4ws - 2025: Will I Be Useful or Useless to God - Christ's Commission Fellowship,8093,0,11,0,0,1,0,,
200,page,page-sitemap,https://www.ccf.org.ph/4ws-a-life-changing-prayer-goviral-edition/,https://www.ccf.org.ph/4ws-a-life-changing-prayer-goviral-edition/,https://www.ccf.org.ph/4ws-a-life-changing-prayer-goviral-edition/,33717,2024-06-03T08:30:59+00:00,4ws - A Life-Changing Prayer (GoViral Edition) - Christ's Commission Fellowship,3605,0,11,0,0,1,0,,
200,page,page-sitemap,https://www.ccf.org.ph/4ws-a-life-changing-prayer/,https://www.ccf.org.ph/4ws-a-life-changing-prayer/,https://www.ccf.org.ph/4ws-a-life-changing-prayer/,33702,2024-06-03T08:19:22+00:00,4ws - A Life-Changing Prayer - Christ's Commission Fellowship,8755,0,12,0,0,1,0,,
200,page,page-sitemap,https://www.ccf.org.ph/4ws-a-life-of-worship-honor-god-goviral-edition/,https://www.ccf.org.ph/4ws-a-life-of-worship-honor-god-goviral-edition/,https://www.ccf.org.ph/4ws-a-life-of-worship-honor-god-goviral-edition/,33530,2024-05-20T11:48:37+00:00,4Ws - A Life of Worship: Honor God! (GoViral Edition) - Christ's Commission Fellowship,3438,0,11,0,0,1,0,,
200,page,page-sitemap,https://www.ccf.org.ph/4ws-a-life-of-worship-honor-god/,https://www.ccf.org.ph/4ws-a-life-of-worship-honor-god/,https://www.ccf.org.ph/4ws-a-life-of-worship-honor-god/,33517,2024-05-20T11:44:46+00:00,4Ws - A Life of Worship: Honor God! - Christ's Commission Fellowship,8383,0,12,0,0,1,0,,
200,page,page-sitemap,https://www.ccf.org.ph/4ws-all-in-for-gods-mission-gv-edition/,https://www.ccf.org.ph/4ws-all-in-for-gods-mission-gv-edition/,https://www.ccf.org.ph/4ws-all-in-for-gods-mission-gv-edition/,38105,2025-07-21T07:15:20+00:00,4Ws - ALL IN FOR GOD’S MISSION (GV Edition) - Christ's Commission Fellowship,3724,0,10,0,0,1,0,,
200,page,page-sitemap,https://www.ccf.org.ph/4ws-all-in-for-gods-mission/,https://www.ccf.org.ph/4ws-all-in-for-gods-mission/,https://www.ccf.org.ph/4ws-all-in-for-gods-mission/,38104,2025-07-21T07:14:59+00:00,4Ws - ALL IN FOR GOD’S MISSION - Christ's Commission Fellowship,8886,0,11,0,0,1,0,,
200,page,page-sitemap,https://www.ccf.org.ph/4ws-are-you-for-real-the-legit-christian-goviral-edition/,https://www.ccf.org.ph/4ws-are-you-for-real-the-legit-christian-goviral-edition/,https://www.ccf.org.ph/4ws-are-you-for-real-the-legit-christian-goviral-edition/,36618,2025-01-20T05:34:39+00:00,4Ws Are You For Real? The Legit Christian (GoViral Edition) - Christ's Commission Fellowship,3664,0,10,0,0,1,0,,
200,page,page-sitemap,https://www.ccf.org.ph/4ws-are-you-for-real-the-legit-christian/,https://www.ccf.org.ph/4ws-are-you-for-real-the-legit-christian/,https://www.ccf.org.ph/4ws-are-you-for-real-the-legit-christian/,36619,2025-01-20T05:34:16+00:00,4Ws - Are You For Real? The Legit Christian - Christ's Commission Fellowship,8596,0,11,0,0,1,0,,
200,page,page-sitemap,https://www.ccf.org.ph/4ws-are-you-for-real-the-test-of-true-salvation-goviral-edition/,https://www.ccf.org.ph/4ws-are-you-for-real-the-test-of-true-salvation-goviral-edition/,https://www.ccf.org.ph/4ws-are-you-for-real-the-test-of-true-salvation-goviral-edition/,36572,2025-01-13T08:36:44+00:00,4ws - Are You For Real The Test Of True Salvation (GoViral Edition) - Christ's Commission Fellowship,3985,0,10,0,0,1,0,,
200,page,page-sitemap,https://www.ccf.org.ph/4ws-are-you-for-real-the-test-of-true-salvation/,https://www.ccf.org.ph/4ws-are-you-for-real-the-test-of-true-salvation/,https://www.ccf.org.ph/4ws-are-you-for-real-the-test-of-true-salvation/,36565,2025-01-13T08:40:56+00:00,4ws - Are You For Real The Test Of True Salvation - Christ's Commission Fellowship,8948,0,11,0,0,1,0,,
200,page,page-sitemap,https://www.ccf.org.ph/4ws-base-template-new/,https://www.ccf.org.ph/4ws-base-template-new/,https://www.ccf.org.ph/4ws-base-template-new/,30090,2023-12-16T08:47:50+00:00,4ws Base Template - New - Christ's Commission Fellowship,8388,0,12,0,0,1,0,,
200,page,page-sitemap,https://www.ccf.org.ph/4ws-be-a-child-goviral-edition/,https://www.ccf.org.ph/4ws-be-a-child-goviral-edition/,https://www.ccf.org.ph/4ws-be-a-child-goviral-edition/,38957,2025-11-03T07:14:01+00:00,4Ws - BE A CHILD (GoViral Edition) - Christ's Commission Fellowship,4636,0,10,0,0,1,0,,
200,page,page-sitemap,https://www.ccf.org.ph/4ws-be-a-child/,https://www.ccf.org.ph/4ws-be-a-child/,https://www.ccf.org.ph/4ws-be-a-child/,38955,2025-11-03T07:13:56+00:00,4Ws - BE A CHILD - Christ's Commission Fellowship,9879,0,11,0,0,1,0,,
200,page,page-sitemap,https://www.ccf.org.ph/4ws-be-an-influencer-for-christ-be-salt-light-goviral-edition/,https://www.ccf.org.ph/4ws-be-an-influencer-for-christ-be-salt-light-goviral-edition/,https://www.ccf.org.ph/4ws-be-an-influencer-for-christ-be-salt-light-goviral-edition/,35156,2024-10-01T07:20:11+00:00,4ws - Be An Influencer for Christ: Be Salt & Light (GoViral Edition) - Christ's Commission Fellowship,3266,0,11,0,0,1,0,,
200,page,page-sitemap,https://www.ccf.org.ph/4ws-be-an-influencer-for-christ-be-salt-light/,https://www.ccf.org.ph/4ws-be-an-influencer-for-christ-be-salt-light/,https://www.ccf.org.ph/4ws-be-an-influencer-for-christ-be-salt-light/,35149,2024-10-01T07:19:53+00:00,4ws - Be An Influencer for Christ: Be Salt & Light - Christ's Commission Fellowship,8527,0,12,0,0,1,0,,
200,page,page-sitemap,https://www.ccf.org.ph/4ws-be-faithful-theres-hope-for-tomorrow-goviral-edition/,https://www.ccf.org.ph/4ws-be-faithful-theres-hope-for-tomorrow-goviral-edition/,https://www.ccf.org.ph/4ws-be-faithful-theres-hope-for-tomorrow-goviral-edition/,35944,2024-11-25T04:03:43+00:00,4ws - Be Faithful There’s Hope For Tomorrow (GoViral Edition) - Christ's Commission Fellowship,3638,0,10,0,0,1,0,,
200,page,page-sitemap,https://www.ccf.org.ph/4ws-be-faithful-theres-hope-for-tomorrow-tagalog-version/,https://www.ccf.org.ph/4ws-be-faithful-theres-hope-for-tomorrow-tagalog-version/,https://www.ccf.org.ph/4ws-be-faithful-theres-hope-for-tomorrow-tagalog-version/,36022,2024-12-05T13:33:10+00:00,4ws - Be Faithful There’s Hope For Tomorrow (Tagalog Version) - Christ's Commission Fellowship,10580,0,11,0,0,1,0,,
200,page,page-sitemap,https://www.ccf.org.ph/4ws-be-faithful-theres-hope-for-tomorrow/,https://www.ccf.org.ph/4ws-be-faithful-theres-hope-for-tomorrow/,https://www.ccf.org.ph/4ws-be-faithful-theres-hope-for-tomorrow/,35945,2024-11-25T04:08:57+00:00,4ws - Be Faithful There’s Hope For Tomorrow - Christ's Commission Fellowship,8980,0,11,0,0,1,0,,
200,page,page-sitemap,https://www.ccf.org.ph/4ws-be-truly-free-goviral-edition/,https://www.ccf.org.ph/4ws-be-truly-free-goviral-edition/,https://www.ccf.org.ph/4ws-be-truly-free-goviral-edition/,39178,2025-12-08T06:04:40+00:00,4Ws - BE TRULY FREE (GoViral Edition) - Christ's Commission Fellowship,4653,0,10,0,0,1,0,,
200,page,page-sitemap,https://www.ccf.org.ph/4ws-be-truly-free/,https://www.ccf.org.ph/4ws-be-truly-free/,https://www.ccf.org.ph/4ws-be-truly-free/,39177,2025-12-08T06:04:12+00:00,4Ws - BE TRULY FREE - Christ's Commission Fellowship,9346,0,11,0,0,1,0,,
200,page,page-sitemap,https://www.ccf.org.ph/4ws-be-truly-spiritual-goviral-edition/,https://www.ccf.org.ph/4ws-be-truly-spiritual-goviral-edition/,https://www.ccf.org.ph/4ws-be-truly-spiritual-goviral-edition/,39203,2025-12-15T05:04:34+00:00,4Ws - BE TRULY SPIRITUAL (GoViral Edition) - Christ's Commission Fellowship,4605,0,10,0,0,1,0,,
200,page,page-sitemap,https://www.ccf.org.ph/4ws-be-truly-spiritual/,https://www.ccf.org.ph/4ws-be-truly-spiritual/,https://www.ccf.org.ph/4ws-be-truly-spiritual/,39202,2025-12-15T05:02:30+00:00,4Ws - BE TRULY SPIRITUAL - Christ's Commission Fellowship,9714,0,11,0,0,1,0,,
200,page,page-sitemap,https://www.ccf.org.ph/4ws-be-truly-successful-goviral-edition/,https://www.ccf.org.ph/4ws-be-truly-successful-goviral-edition/,https://www.ccf.org.ph/4ws-be-truly-successful-goviral-edition/,35771,2024-11-11T07:56:31+00:00,4ws - Be Truly Successful (GoViral Edition) - Christ's Commission Fellowship,3375,0,11,0,0,2,0,,
200,page,page-sitemap,https://www.ccf.org.ph/4ws-be-truly-successful-tagalog-version/,https://www.ccf.org.ph/4ws-be-truly-successful-tagalog-version/,https://www.ccf.org.ph/4ws-be-truly-successful-tagalog-version/,36089,2024-12-10T10:14:18+00:00,4ws - Be Truly Successful (Tagalog Version) - Christ's Commission Fellowship,11014,0,11,0,0,1,0,,
200,page,page-sitemap,https://www.ccf.org.ph/4ws-be-truly-successful/,https://www.ccf.org.ph/4ws-be-truly-successful/,https://www.ccf.org.ph/4ws-be-truly-successful/,35772,2024-11-11T07:53:05+00:00,4ws - Be Truly Successful - Christ's Commission Fellowship,8597,0,12,0,0,2,0,,
200,page,page-sitemap,https://www.ccf.org.ph/4ws-be-truthful-worship-the-god-of-truth-goviral-edition/,https://www.ccf.org.ph/4ws-be-truthful-worship-the-god-of-truth-goviral-edition/,https://www.ccf.org.ph/4ws-be-truthful-worship-the-god-of-truth-goviral-edition/,40786,2026-06-04T15:40:21+00:00,4Ws - BE TRUTHFUL: WORSHIP THE GOD OF TRUTH (GoViral Edition) - Christ's Commission Fellowship,4154,0,10,0,0,1,0,,
200,page,page-sitemap,https://www.ccf.org.ph/4ws-be-truthful-worship-the-god-of-truth/,https://www.ccf.org.ph/4ws-be-truthful-worship-the-god-of-truth/,https://www.ccf.org.ph/4ws-be-truthful-worship-the-god-of-truth/,40785,2026-06-10T09:19:33+00:00,4Ws - BE TRUTHFUL: WORSHIP THE GOD OF TRUTH - Christ's Commission Fellowship,8572,0,11,0,0,1,0,,
200,page,page-sitemap,https://www.ccf.org.ph/4ws-bless-the-lord-always-goviral-edition/,https://www.ccf.org.ph/4ws-bless-the-lord-always-goviral-edition/,https://www.ccf.org.ph/4ws-bless-the-lord-always-goviral-edition/,37548,2025-05-19T04:28:44+00:00,4Ws - Bless the Lord Always! (GoViral Edition) - Christ's Commission Fellowship,3399,0,10,0,0,1,0,,
200,page,page-sitemap,https://www.ccf.org.ph/4ws-bless-the-lord-always/,https://www.ccf.org.ph/4ws-bless-the-lord-always/,https://www.ccf.org.ph/4ws-bless-the-lord-always/,37547,2025-05-19T04:32:08+00:00,4Ws - Bless the Lord Always! - Christ's Commission Fellowship,8321,0,11,0,0,1,0,,
200,page,page-sitemap,https://www.ccf.org.ph/4ws-build-a-strong-family-goviral-edition/,https://www.ccf.org.ph/4ws-build-a-strong-family-goviral-edition/,https://www.ccf.org.ph/4ws-build-a-strong-family-goviral-edition/,35021,2024-10-01T07:18:00+00:00,4ws - Build A Strong Family (GoViral Edition) - Christ's Commission Fellowship,4029,0,11,0,0,1,0,,
200,page,page-sitemap,https://www.ccf.org.ph/4ws-build-a-strong-family/,https://www.ccf.org.ph/4ws-build-a-strong-family/,https://www.ccf.org.ph/4ws-build-a-strong-family/,35014,2024-10-01T07:16:25+00:00,4ws - Build A Strong Family - Christ's Commission Fellowship,9075,0,12,0,0,1,0,,
200,page,page-sitemap,https://www.ccf.org.ph/4ws-build-up-one-another-goviral-edition/,https://www.ccf.org.ph/4ws-build-up-one-another-goviral-edition/,https://www.ccf.org.ph/4ws-build-up-one-another-goviral-edition/,29888,2023-11-25T14:56:19+00:00,4ws - Build Up One Another (GoViral Edition) - Christ's Commission Fellowship,3263,0,11,0,0,2,0,,
200,page,page-sitemap,https://www.ccf.org.ph/4ws-build-up-one-another/,https://www.ccf.org.ph/4ws-build-up-one-another/,https://www.ccf.org.ph/4ws-build-up-one-another/,29887,2023-12-21T06:14:08+00:00,4ws - Build Up One Another - Christ's Commission Fellowship,8388,0,12,0,0,1,0,,
200,page,page-sitemap,https://www.ccf.org.ph/4ws-but-if-not-faith-goviral-edition/,https://www.ccf.org.ph/4ws-but-if-not-faith-goviral-edition/,https://www.ccf.org.ph/4ws-but-if-not-faith-goviral-edition/,35347,2024-10-07T08:06:22+00:00,"4ws - ""But if not"" Faith (GoViral Edition) - Christ's Commission Fellowship",3365,0,11,0,0,2,0,,
200,page,page-sitemap,https://www.ccf.org.ph/4ws-but-if-not-faith-tagalog-version/,https://www.ccf.org.ph/4ws-but-if-not-faith-tagalog-version/,https://www.ccf.org.ph/4ws-but-if-not-faith-tagalog-version/,35914,2024-11-22T12:53:06+00:00,"4ws - ""But if not"" faith (Tagalog Version) - Christ's Commission Fellowship",10902,0,11,0,0,1,0,,
200,page,page-sitemap,https://www.ccf.org.ph/4ws-but-if-not-faith/,https://www.ccf.org.ph/4ws-but-if-not-faith/,https://www.ccf.org.ph/4ws-but-if-not-faith/,35336,2024-10-07T08:00:33+00:00,"4ws - ""But if not"" Faith - Christ's Commission Fellowship",8845,0,12,0,0,3,0,,
200,page,page-sitemap,https://www.ccf.org.ph/4ws-christ-is-all-sufficient-focus-on-jesus-goviral-edition/,https://www.ccf.org.ph/4ws-christ-is-all-sufficient-focus-on-jesus-goviral-edition/,https://www.ccf.org.ph/4ws-christ-is-all-sufficient-focus-on-jesus-goviral-edition/,33968,2024-06-17T08:53:28+00:00,4ws - Christ Is All-Sufficient: Focus On Jesus (GoViral Edition) - Christ's Commission Fellowship,4073,0,11,0,0,1,0,,
200,page,page-sitemap,https://www.ccf.org.ph/4ws-christ-is-all-sufficient-focus-on-jesus/,https://www.ccf.org.ph/4ws-christ-is-all-sufficient-focus-on-jesus/,https://www.ccf.org.ph/4ws-christ-is-all-sufficient-focus-on-jesus/,33954,2024-06-17T07:18:54+00:00,4ws - Christ Is All-Sufficient: Focus On Jesus - Christ's Commission Fellowship,8764,0,13,0,0,1,0,,
200,page,page-sitemap,https://www.ccf.org.ph/4ws-connect-to-god-our-father-goviral-edition/,https://www.ccf.org.ph/4ws-connect-to-god-our-father-goviral-edition/,https://www.ccf.org.ph/4ws-connect-to-god-our-father-goviral-edition/,37738,2025-06-17T03:19:40+00:00,4Ws - CONNECT TO GOD OUR FATHER (GoViral Edition) - Christ's Commission Fellowship,3715,0,10,0,0,1,0,,
200,page,page-sitemap,https://www.ccf.org.ph/4ws-connect-to-god-our-father/,https://www.ccf.org.ph/4ws-connect-to-god-our-father/,https://www.ccf.org.ph/4ws-connect-to-god-our-father/,37737,2025-06-17T03:19:25+00:00,4Ws - CONNECT TO GOD OUR FATHER - Christ's Commission Fellowship,8725,0,11,0,0,1,0,,
200,page,page-sitemap,https://www.ccf.org.ph/4ws-defend-the-gospel-with-your-life-goviral-edition/,https://www.ccf.org.ph/4ws-defend-the-gospel-with-your-life-goviral-edition/,https://www.ccf.org.ph/4ws-defend-the-gospel-with-your-life-goviral-edition/,39069,2025-11-17T06:31:10+00:00,4Ws - DEFEND THE GOSPEL WITH YOUR LIFE! (GoViral Edition) - Christ's Commission Fellowship,5283,0,10,0,0,1,0,,
200,page,page-sitemap,https://www.ccf.org.ph/4ws-defend-the-gospel-with-your-life/,https://www.ccf.org.ph/4ws-defend-the-gospel-with-your-life/,https://www.ccf.org.ph/4ws-defend-the-gospel-with-your-life/,39068,2025-11-17T06:30:52+00:00,4Ws - DEFEND THE GOSPEL WITH YOUR LIFE! - Christ's Commission Fellowship,10285,0,11,0,0,1,0,,
200,page,page-sitemap,https://www.ccf.org.ph/4ws-do-not-distort-the-gospel-goviral-edition/,https://www.ccf.org.ph/4ws-do-not-distort-the-gospel-goviral-edition/,https://www.ccf.org.ph/4ws-do-not-distort-the-gospel-goviral-edition/,38997,2025-11-17T06:40:40+00:00,4Ws - Do Not Distort The Gospel (GoViral Edition) - Christ's Commission Fellowship,4741,0,10,0,0,1,0,,
200,page,page-sitemap,https://www.ccf.org.ph/4ws-do-not-distort-the-gospel/,https://www.ccf.org.ph/4ws-do-not-distort-the-gospel/,https://www.ccf.org.ph/4ws-do-not-distort-the-gospel/,38996,2025-11-17T06:40:06+00:00,4Ws - Do Not Distort The Gospel - Christ's Commission Fellowship,9874,0,11,0,0,1,0,,
200,page,page-sitemap,https://www.ccf.org.ph/4ws-do-not-murder-respect-god-respect-life-goviral-edition/,https://www.ccf.org.ph/4ws-do-not-murder-respect-god-respect-life-goviral-edition/,https://www.ccf.org.ph/4ws-do-not-murder-respect-god-respect-life-goviral-edition/,40357,2026-05-11T03:20:35+00:00,"4Ws - DO NOT MURDER: RESPECT GOD, RESPECT LIFE (GoViral Edition) - Christ's Commission Fellowship",3948,0,10,0,0,1,0,,
200,page,page-sitemap,https://www.ccf.org.ph/4ws-do-not-murder-respect-god-respect-life/,https://www.ccf.org.ph/4ws-do-not-murder-respect-god-respect-life/,https://www.ccf.org.ph/4ws-do-not-murder-respect-god-respect-life/,40356,2026-05-11T03:20:32+00:00,"4Ws - DO NOT MURDER: RESPECT GOD, RESPECT LIFE - Christ's Commission Fellowship",7841,0,11,0,0,1,0,,
200,page,page-sitemap,https://www.ccf.org.ph/4ws-do-you-love-god-goviral-edition/,https://www.ccf.org.ph/4ws-do-you-love-god-goviral-edition/,https://www.ccf.org.ph/4ws-do-you-love-god-goviral-edition/,33280,2024-04-22T08:55:54+00:00,4ws – Do You Love God? (GoViral Edition) - Christ's Commission Fellowship,3420,0,11,0,0,1,0,,
200,page,page-sitemap,https://www.ccf.org.ph/4ws-do-you-love-god/,https://www.ccf.org.ph/4ws-do-you-love-god/,https://www.ccf.org.ph/4ws-do-you-love-god/,33279,2024-04-22T08:47:44+00:00,4ws – Do You Love God? - Christ's Commission Fellowship,8834,0,12,0,0,1,0,,
200,page,page-sitemap,https://www.ccf.org.ph/4ws-embrace-gods-mission-goviral-edition/,https://www.ccf.org.ph/4ws-embrace-gods-mission-goviral-edition/,https://www.ccf.org.ph/4ws-embrace-gods-mission-goviral-edition/,37974,2025-07-07T05:02:48+00:00,4Ws - EMBRACE GOD’S MISSION (GoViral Edition) - Christ's Commission Fellowship,3730,0,10,0,0,1,0,,
200,page,page-sitemap,https://www.ccf.org.ph/4ws-embrace-gods-mission/,https://www.ccf.org.ph/4ws-embrace-gods-mission/,https://www.ccf.org.ph/4ws-embrace-gods-mission/,37973,2025-07-07T05:02:51+00:00,4Ws - EMBRACE GOD’S MISSION - Christ's Commission Fellowship,8833,0,11,0,0,1,0,,
200,page,page-sitemap,https://www.ccf.org.ph/4ws-empowered-to-persevere-goviral-edition/,https://www.ccf.org.ph/4ws-empowered-to-persevere-goviral-edition/,https://www.ccf.org.ph/4ws-empowered-to-persevere-goviral-edition/,38845,2025-10-20T05:10:24+00:00,4Ws - Empowered to Persevere (GoViral Edition) - Christ's Commission Fellowship,4491,0,10,0,0,1,1,,
200,page,page-sitemap,https://www.ccf.org.ph/4ws-empowered-to-persevere/,https://www.ccf.org.ph/4ws-empowered-to-persevere/,https://www.ccf.org.ph/4ws-empowered-to-persevere/,38844,2025-10-20T05:10:22+00:00,4Ws - Empowered to Persevere - Christ's Commission Fellowship,9894,0,11,0,0,1,1,,
200,page,page-sitemap,https://www.ccf.org.ph/4ws-engage-the-family-goviral-edition/,https://www.ccf.org.ph/4ws-engage-the-family-goviral-edition/,https://www.ccf.org.ph/4ws-engage-the-family-goviral-edition/,34856,2024-08-20T04:41:28+00:00,4ws - Engage The Family (GoViral Edition) - Christ's Commission Fellowship,4014,0,11,0,0,1,0,,
200,page,page-sitemap,https://www.ccf.org.ph/4ws-engage-the-family/,https://www.ccf.org.ph/4ws-engage-the-family/,https://www.ccf.org.ph/4ws-engage-the-family/,34851,2024-08-20T04:41:38+00:00,4ws - Engage The Family - Christ's Commission Fellowship,9284,0,12,0,0,1,0,,
200,page,page-sitemap,https://www.ccf.org.ph/4ws-experience-gods-extraordinary-favor-goviral-edition/,https://www.ccf.org.ph/4ws-experience-gods-extraordinary-favor-goviral-edition/,https://www.ccf.org.ph/4ws-experience-gods-extraordinary-favor-goviral-edition/,41853,2026-08-24T04:31:25+00:00,4Ws - EXPERIENCE GOD’S EXTRAORDINARY FAVOR (GoViral Edition) - Christ's Commission Fellowship,4947,0,10,0,0,1,0,,
200,page,page-sitemap,https://www.ccf.org.ph/4ws-experience-gods-extraordinary-favor/,https://www.ccf.org.ph/4ws-experience-gods-extraordinary-favor/,https://www.ccf.org.ph/4ws-experience-gods-extraordinary-favor/,41852,2026-08-24T04:31:21+00:00,4Ws - EXPERIENCE GOD’S EXTRAORDINARY FAVOR - Christ's Commission Fellowship,9695,0,11,0,0,1,0,,
200,page,page-sitemap,https://www.ccf.org.ph/4ws-experience-the-extraordinary-god-by-faith-goviral-edition/,https://www.ccf.org.ph/4ws-experience-the-extraordinary-god-by-faith-goviral-edition/,https://www.ccf.org.ph/4ws-experience-the-extraordinary-god-by-faith-goviral-edition/,41703,2026-08-17T04:35:06+00:00,4Ws - EXPERIENCE THE EXTRAORDINARY GOD BY FAITH (GoViral Edition) - Christ's Commission Fellowship,3212,0,10,0,0,1,0,,
200,page,page-sitemap,https://www.ccf.org.ph/4ws-experience-the-extraordinary-god-by-faith/,https://www.ccf.org.ph/4ws-experience-the-extraordinary-god-by-faith/,https://www.ccf.org.ph/4ws-experience-the-extraordinary-god-by-faith/,41702,2026-08-17T04:35:01+00:00,4Ws - EXPERIENCE THE EXTRAORDINARY GOD BY FAITH - Christ's Commission Fellowship,8432,0,11,0,0,1,0,,
200,page,page-sitemap,https://www.ccf.org.ph/4ws-experience-true-salvation-goviral-edition/,https://www.ccf.org.ph/4ws-experience-true-salvation-goviral-edition/,https://www.ccf.org.ph/4ws-experience-true-salvation-goviral-edition/,36490,2025-01-06T07:02:23+00:00,4Ws - EXPERIENCE TRUE SALVATION (GoViral Edition) - Christ's Commission Fellowship,4722,0,10,0,0,1,0,,
200,page,page-sitemap,https://www.ccf.org.ph/4ws-experience-true-salvation/,https://www.ccf.org.ph/4ws-experience-true-salvation/,https://www.ccf.org.ph/4ws-experience-true-salvation/,36485,2025-01-06T06:56:48+00:00,4Ws - Experience True Salvation - Christ's Commission Fellowship,9826,0,11,0,0,1,0,,
200,page,page-sitemap,https://www.ccf.org.ph/4ws-eye-witness-2-more-lessons-from-people-who-saw-jesus-suffer-goviral-edition/,https://www.ccf.org.ph/4ws-eye-witness-2-more-lessons-from-people-who-saw-jesus-suffer-goviral-edition/,https://www.ccf.org.ph/4ws-eye-witness-2-more-lessons-from-people-who-saw-jesus-suffer-goviral-edition/,40030,2026-03-30T04:37:07+00:00,4Ws - EYE WITNESS 2: More Lessons from People Who Saw Jesus Suffer (GoViral Edition) - Christ's Commission Fellowship,4949,0,10,0,0,1,0,,
200,page,page-sitemap,https://www.ccf.org.ph/4ws-eye-witness-2-more-lessons-from-people-who-saw-jesus-suffer/,https://www.ccf.org.ph/4ws-eye-witness-2-more-lessons-from-people-who-saw-jesus-suffer/,https://www.ccf.org.ph/4ws-eye-witness-2-more-lessons-from-people-who-saw-jesus-suffer/,40027,2026-03-30T04:37:06+00:00,4Ws - EYE WITNESS 2: More Lessons from People Who Saw Jesus Suffer - Christ's Commission Fellowship,9642,0,11,0,0,1,0,,
200,page,page-sitemap,https://www.ccf.org.ph/4ws-eyewitness-lessons-from-people-who-saw-jesus-suffer-goviral-edition/,https://www.ccf.org.ph/4ws-eyewitness-lessons-from-people-who-saw-jesus-suffer-goviral-edition/,https://www.ccf.org.ph/4ws-eyewitness-lessons-from-people-who-saw-jesus-suffer-goviral-edition/,39971,2026-03-23T08:27:24+00:00,4Ws - EYEWITNESS: Lessons from People Who Saw Jesus Suffer (GoViral Edition) - Christ's Commission Fellowship,5020,0,10,0,0,1,0,,
200,page,page-sitemap,https://www.ccf.org.ph/4ws-eyewitness-lessons-from-people-who-saw-jesus-suffer/,https://www.ccf.org.ph/4ws-eyewitness-lessons-from-people-who-saw-jesus-suffer/,https://www.ccf.org.ph/4ws-eyewitness-lessons-from-people-who-saw-jesus-suffer/,39970,2026-03-23T08:20:08+00:00,4Ws - EYEWITNESS: Lessons from People Who Saw Jesus Suffer - Christ's Commission Fellowship,10236,0,11,0,0,1,0,,
200,page,page-sitemap,https://www.ccf.org.ph/4ws-first-things-first-goviral-edition/,https://www.ccf.org.ph/4ws-first-things-first-goviral-edition/,https://www.ccf.org.ph/4ws-first-things-first-goviral-edition/,31980,2024-02-05T09:53:10+00:00,4ws – First Things First (GoViral Edition) - Christ's Commission Fellowship,4961,0,11,0,0,1,0,,
200,page,page-sitemap,https://www.ccf.org.ph/4ws-follow-gods-purpose-go-beyond-goviral-edition/,https://www.ccf.org.ph/4ws-follow-gods-purpose-go-beyond-goviral-edition/,https://www.ccf.org.ph/4ws-follow-gods-purpose-go-beyond-goviral-edition/,38188,2025-08-04T07:27:07+00:00,4Ws: Follow God's Purpose: Go Beyond! (GoViral Edition) - Christ's Commission Fellowship,4215,0,10,0,0,1,1,,
200,page,page-sitemap,https://www.ccf.org.ph/4ws-follow-gods-purpose-go-beyond/,https://www.ccf.org.ph/4ws-follow-gods-purpose-go-beyond/,https://www.ccf.org.ph/4ws-follow-gods-purpose-go-beyond/,38187,2025-08-04T07:27:05+00:00,4Ws: Follow God's Purpose: Go Beyond! - Christ's Commission Fellowship,9398,0,11,0,0,1,1,,
200,page,page-sitemap,https://www.ccf.org.ph/4ws-gifts-for-the-king-what-should-you-bring-goviral-edition/,https://www.ccf.org.ph/4ws-gifts-for-the-king-what-should-you-bring-goviral-edition/,https://www.ccf.org.ph/4ws-gifts-for-the-king-what-should-you-bring-goviral-edition/,36262,2024-12-23T05:23:43+00:00,4ws - Gifts For The King: What Should You bring? (GoViral Edition) - Christ's Commission Fellowship,4520,0,10,0,0,1,0,,
200,page,page-sitemap,https://www.ccf.org.ph/4ws-gifts-for-the-king-what-should-you-bring/,https://www.ccf.org.ph/4ws-gifts-for-the-king-what-should-you-bring/,https://www.ccf.org.ph/4ws-gifts-for-the-king-what-should-you-bring/,36261,2024-12-23T05:47:02+00:00,4ws - Gifts For The King: What Should You bring? - Christ's Commission Fellowship,9637,0,11,0,0,1,0,,
200,page,page-sitemap,https://www.ccf.org.ph/4ws-go-viral-template/,https://www.ccf.org.ph/4ws-go-viral-template/,https://www.ccf.org.ph/4ws-go-viral-template/,29095,2023-11-11T09:41:12+00:00,4ws Go Viral Template - Christ's Commission Fellowship,2072,0,10,0,0,1,0,,
200,page,page-sitemap,https://www.ccf.org.ph/4ws-god-is-forgiving-choose-forgiveness-goviral-edition/,https://www.ccf.org.ph/4ws-god-is-forgiving-choose-forgiveness-goviral-edition/,https://www.ccf.org.ph/4ws-god-is-forgiving-choose-forgiveness-goviral-edition/,38688,2025-09-29T12:32:56+00:00,4Ws God is Forgiving: Choose Forgiveness (GoViral Edition) - Christ's Commission Fellowship,3621,0,10,0,0,1,0,,
200,page,page-sitemap,https://www.ccf.org.ph/4ws-god-is-forgiving-choose-forgiveness/,https://www.ccf.org.ph/4ws-god-is-forgiving-choose-forgiveness/,https://www.ccf.org.ph/4ws-god-is-forgiving-choose-forgiveness/,38679,2025-09-30T03:48:34+00:00,4Ws God is Forgiving: Choose Forgiveness - Christ's Commission Fellowship,8452,0,11,0,0,1,0,,
200,page,page-sitemap,https://www.ccf.org.ph/4ws-god-is-holy-be-holy-goviral-edition/,https://www.ccf.org.ph/4ws-god-is-holy-be-holy-goviral-edition/,https://www.ccf.org.ph/4ws-god-is-holy-be-holy-goviral-edition/,38248,2025-08-11T08:05:04+00:00,"4Ws - God is Holy, Be Holy (GoViral Edition) - Christ's Commission Fellowship",3640,0,10,0,0,1,0,,
200,page,page-sitemap,https://www.ccf.org.ph/4ws-god-is-holy-be-holy/,https://www.ccf.org.ph/4ws-god-is-holy-be-holy/,https://www.ccf.org.ph/4ws-god-is-holy-be-holy/,38247,2025-08-11T08:05:20+00:00,"4Ws - God is Holy, Be Holy - Christ's Commission Fellowship",8209,0,11,0,0,1,0,,
200,page,page-sitemap,https://www.ccf.org.ph/4ws-god-is-love-love-like-god-goviral-edition/,https://www.ccf.org.ph/4ws-god-is-love-love-like-god-goviral-edition/,https://www.ccf.org.ph/4ws-god-is-love-love-like-god-goviral-edition/,38396,2025-08-25T05:32:29+00:00,"4Ws - GOD IS LOVE, LOVE LIKE GOD! (GoViral Edition) - Christ's Commission Fellowship",3412,0,10,0,0,1,0,,
200,page,page-sitemap,https://www.ccf.org.ph/4ws-god-is-love-love-like-god/,https://www.ccf.org.ph/4ws-god-is-love-love-like-god/,https://www.ccf.org.ph/4ws-god-is-love-love-like-god/,38395,2025-08-25T05:32:24+00:00,"4Ws - GOD IS LOVE, LOVE LIKE GOD! - Christ's Commission Fellowship",7837,0,11,0,0,1,0,,
200,page,page-sitemap,https://www.ccf.org.ph/4ws-god-our-sure-hope-goviral-edition/,https://www.ccf.org.ph/4ws-god-our-sure-hope-goviral-edition/,https://www.ccf.org.ph/4ws-god-our-sure-hope-goviral-edition/,30812,2024-02-05T10:01:31+00:00,"4ws – God, Our Sure Hope (GoViral Edition) - Christ's Commission Fellowship",4153,0,11,0,0,1,0,,
200,page,page-sitemap,https://www.ccf.org.ph/4ws-god-our-sure-hope/,https://www.ccf.org.ph/4ws-god-our-sure-hope/,https://www.ccf.org.ph/4ws-god-our-sure-hope/,30811,2023-12-11T08:45:57+00:00,"4ws – God, Our Sure Hope - Christ's Commission Fellowship",8937,0,12,0,0,1,0,,
200,page,page-sitemap,https://www.ccf.org.ph/4ws-god-provides-do-not-steal-bless-others-goviral-edition/,https://www.ccf.org.ph/4ws-god-provides-do-not-steal-bless-others-goviral-edition/,https://www.ccf.org.ph/4ws-god-provides-do-not-steal-bless-others-goviral-edition/,40714,2026-05-25T05:06:35+00:00,"4Ws - GOD PROVIDES: DO NOT STEAL, BLESS OTHERS (GoViral Edition) - Christ's Commission Fellowship",3721,0,10,0,0,1,0,,
200,page,page-sitemap,https://www.ccf.org.ph/4ws-god-provides-do-not-steal-bless-others/,https://www.ccf.org.ph/4ws-god-provides-do-not-steal-bless-others/,https://www.ccf.org.ph/4ws-god-provides-do-not-steal-bless-others/,40713,2026-05-25T05:06:31+00:00,"4Ws - GOD PROVIDES: DO NOT STEAL, BLESS OTHERS - Christ's Commission Fellowship",7077,0,11,0,0,1,0,,
200,page,page-sitemap,https://www.ccf.org.ph/4ws-god-restores-come-back-to-jesus-goviral-edition/,https://www.ccf.org.ph/4ws-god-restores-come-back-to-jesus-goviral-edition/,https://www.ccf.org.ph/4ws-god-restores-come-back-to-jesus-goviral-edition/,35664,2024-10-28T07:58:54+00:00,"4Ws - God Restores, Come Back To Jesus (GoViral Edition) - Christ's Commission Fellowship",3616,0,11,0,0,2,0,,
200,page,page-sitemap,https://www.ccf.org.ph/4ws-god-restores-come-back-to-jesus-tagalog-version/,https://www.ccf.org.ph/4ws-god-restores-come-back-to-jesus-tagalog-version/,https://www.ccf.org.ph/4ws-god-restores-come-back-to-jesus-tagalog-version/,35875,2024-11-22T12:02:49+00:00,"4Ws - God Restores, Come Back To Jesus (Tagalog Version) - Christ's Commission Fellowship",11504,0,11,0,0,1,0,,
200,page,page-sitemap,https://www.ccf.org.ph/4ws-god-restores-come-back-to-jesus/,https://www.ccf.org.ph/4ws-god-restores-come-back-to-jesus/,https://www.ccf.org.ph/4ws-god-restores-come-back-to-jesus/,35663,2024-10-28T07:44:04+00:00,"4Ws - God Restores, Come Back To Jesus - Christ's Commission Fellowship",8642,0,12,0,0,2,0,,
200,page,page-sitemap,https://www.ccf.org.ph/4ws-gods-blueprint-for-your-life-goviral-edition/,https://www.ccf.org.ph/4ws-gods-blueprint-for-your-life-goviral-edition/,https://www.ccf.org.ph/4ws-gods-blueprint-for-your-life-goviral-edition/,31225,2024-02-05T10:16:56+00:00,4ws – God’s Blueprint For Your Life (GoViral Edition) - Christ's Commission Fellowship,3168,0,11,0,0,1,0,,
200,page,page-sitemap,https://www.ccf.org.ph/4ws-gods-blueprint-for-your-life/,https://www.ccf.org.ph/4ws-gods-blueprint-for-your-life/,https://www.ccf.org.ph/4ws-gods-blueprint-for-your-life/,31224,2024-02-05T10:16:48+00:00,4ws – God’s Blueprint For Your Life - Christ's Commission Fellowship,7636,0,12,0,0,1,0,,
200,page,page-sitemap,https://www.ccf.org.ph/4ws-gods-compassion-is-mission-goviral-edition/,https://www.ccf.org.ph/4ws-gods-compassion-is-mission-goviral-edition/,https://www.ccf.org.ph/4ws-gods-compassion-is-mission-goviral-edition/,41176,2026-07-06T04:57:48+00:00,4Ws - GOD’S COMPASSION IS MISSION (GoViral Edition) - Christ's Commission Fellowship,4145,0,10,0,0,1,0,,
200,page,page-sitemap,https://www.ccf.org.ph/4ws-gods-compassion-is-mission/,https://www.ccf.org.ph/4ws-gods-compassion-is-mission/,https://www.ccf.org.ph/4ws-gods-compassion-is-mission/,41175,2026-07-06T04:56:20+00:00,4Ws - GOD’S COMPASSION IS MISSION - Christ's Commission Fellowship,9131,0,11,0,0,1,0,,
200,page,page-sitemap,https://www.ccf.org.ph/4ws-gods-extraordinary-grace-restores-ordinary-people-goviral-edition/,https://www.ccf.org.ph/4ws-gods-extraordinary-grace-restores-ordinary-people-goviral-edition/,https://www.ccf.org.ph/4ws-gods-extraordinary-grace-restores-ordinary-people-goviral-edition/,41563,2026-08-10T05:47:32+00:00,4Ws - GOD'S EXTRAORDINARY GRACE: RESTORES ORDINARY PEOPLE (GoViral Edition) - Christ's Commission Fellowship,4513,0,10,0,0,1,0,,
200,page,page-sitemap,https://www.ccf.org.ph/4ws-gods-extraordinary-grace-restores-ordinary-people/,https://www.ccf.org.ph/4ws-gods-extraordinary-grace-restores-ordinary-people/,https://www.ccf.org.ph/4ws-gods-extraordinary-grace-restores-ordinary-people/,41562,2026-08-10T05:47:27+00:00,4Ws - GOD'S EXTRAORDINARY GRACE: RESTORES ORDINARY PEOPLE - Christ's Commission Fellowship,8861,0,11,0,0,1,0,,
200,page,page-sitemap,https://www.ccf.org.ph/4ws-gods-wrath-be-aware-repent-goviral-edition/,https://www.ccf.org.ph/4ws-gods-wrath-be-aware-repent-goviral-edition/,https://www.ccf.org.ph/4ws-gods-wrath-be-aware-repent-goviral-edition/,38310,2025-08-18T06:40:14+00:00,4Ws - GOD’S WRATH: BE AWARE & REPENT! (GoViral Edition) - Christ's Commission Fellowship,3702,0,10,0,0,1,0,,
200,page,page-sitemap,https://www.ccf.org.ph/4ws-gods-wrath-be-aware-repent/,https://www.ccf.org.ph/4ws-gods-wrath-be-aware-repent/,https://www.ccf.org.ph/4ws-gods-wrath-be-aware-repent/,38309,2025-08-18T06:40:09+00:00,4Ws - GOD’S WRATH: BE AWARE & REPENT! - Christ's Commission Fellowship,8729,0,11,0,0,1,0,,
200,page,page-sitemap,https://www.ccf.org.ph/4ws-great-is-the-lord-worship-extravagantly-goviral-edition/,https://www.ccf.org.ph/4ws-great-is-the-lord-worship-extravagantly-goviral-edition/,https://www.ccf.org.ph/4ws-great-is-the-lord-worship-extravagantly-goviral-edition/,37579,2025-05-29T08:12:59+00:00,4Ws - Great is the Lord! Worship Extravagantly! (GoViral Edition) - Christ's Commission Fellowship,3456,0,10,0,0,1,0,,
200,page,page-sitemap,https://www.ccf.org.ph/4ws-great-is-the-lord-worship-extravagantly/,https://www.ccf.org.ph/4ws-great-is-the-lord-worship-extravagantly/,https://www.ccf.org.ph/4ws-great-is-the-lord-worship-extravagantly/,37578,2025-05-29T08:13:22+00:00,4Ws - Great is the Lord! Worship Extravagantly! - Christ's Commission Fellowship,8573,0,11,0,0,1,0,,
200,page,page-sitemap,https://www.ccf.org.ph/4ws-guard-your-joy-beware-of-joy-robbers-goviral-edition/,https://www.ccf.org.ph/4ws-guard-your-joy-beware-of-joy-robbers-goviral-edition/,https://www.ccf.org.ph/4ws-guard-your-joy-beware-of-joy-robbers-goviral-edition/,36999,2025-03-10T06:27:26+00:00,4Ws - GUARD YOUR JOY: BEWARE OF JOY ROBBERS (GoViral Edition) - Christ's Commission Fellowship,3299,0,10,0,0,1,0,,
200,page,page-sitemap,https://www.ccf.org.ph/4ws-guard-your-joy-beware-of-joy-robbers/,https://www.ccf.org.ph/4ws-guard-your-joy-beware-of-joy-robbers/,https://www.ccf.org.ph/4ws-guard-your-joy-beware-of-joy-robbers/,36998,2025-03-10T06:30:26+00:00,4Ws - GUARD YOUR JOY: BEWARE OF JOY ROBBERS - Christ's Commission Fellowship,8279,0,11,0,0,1,0,,
200,page,page-sitemap,https://www.ccf.org.ph/4ws-have-a-fresh-encounter-with-god-goviral-edition/,https://www.ccf.org.ph/4ws-have-a-fresh-encounter-with-god-goviral-edition/,https://www.ccf.org.ph/4ws-have-a-fresh-encounter-with-god-goviral-edition/,34917,2024-08-28T02:25:59+00:00,4ws - Have A Fresh Encounter With God (GoViral Edition) - Christ's Commission Fellowship,3789,0,11,0,0,1,0,,
200,page,page-sitemap,https://www.ccf.org.ph/4ws-have-a-fresh-encounter-with-god/,https://www.ccf.org.ph/4ws-have-a-fresh-encounter-with-god/,https://www.ccf.org.ph/4ws-have-a-fresh-encounter-with-god/,34915,2024-08-28T02:25:45+00:00,4ws - Have A Fresh Encounter With God - Christ's Commission Fellowship,7546,0,12,0,0,1,0,,
200,page,page-sitemap,https://www.ccf.org.ph/4ws-honor-god-by-honoring-your-father-and-your-mother-goviral-edition/,https://www.ccf.org.ph/4ws-honor-god-by-honoring-your-father-and-your-mother-goviral-edition/,https://www.ccf.org.ph/4ws-honor-god-by-honoring-your-father-and-your-mother-goviral-edition/,40312,2026-05-06T00:36:11+00:00,4Ws - HONOR GOD BY HONORING YOUR FATHER AND YOUR MOTHER (GoViral Edition) - Christ's Commission Fellowship,4202,0,10,0,0,1,0,,
200,page,page-sitemap,https://www.ccf.org.ph/4ws-honor-god-by-honoring-your-father-and-your-mother/,https://www.ccf.org.ph/4ws-honor-god-by-honoring-your-father-and-your-mother/,https://www.ccf.org.ph/4ws-honor-god-by-honoring-your-father-and-your-mother/,40310,2026-05-06T00:36:44+00:00,4Ws - HONOR GOD BY HONORING YOUR FATHER AND YOUR MOTHER - Christ's Commission Fellowship,8462,0,11,0,0,1,0,,
200,page,page-sitemap,https://www.ccf.org.ph/4ws-honor-god-for-who-he-is-goviral-edition/,https://www.ccf.org.ph/4ws-honor-god-for-who-he-is-goviral-edition/,https://www.ccf.org.ph/4ws-honor-god-for-who-he-is-goviral-edition/,33591,2024-05-27T08:02:00+00:00,4ws - Honor God For Who He Is (GoViral Edition) - Christ's Commission Fellowship,3714,0,11,0,0,1,0,,
200,page,page-sitemap,https://www.ccf.org.ph/4ws-honor-god-for-who-he-is/,https://www.ccf.org.ph/4ws-honor-god-for-who-he-is/,https://www.ccf.org.ph/4ws-honor-god-for-who-he-is/,33587,2024-05-30T06:49:48+00:00,4ws - Honor God For Who He Is - Christ's Commission Fellowship,8733,0,12,0,0,1,0,,
200,page,page-sitemap,https://www.ccf.org.ph/4ws-how-god-develops-leaders-goviral-edition/,https://www.ccf.org.ph/4ws-how-god-develops-leaders-goviral-edition/,https://www.ccf.org.ph/4ws-how-god-develops-leaders-goviral-edition/,38752,2025-10-06T07:52:38+00:00,4Ws - How God Develops Leaders (GoViral Edition) - Christ's Commission Fellowship,4682,0,10,0,0,1,0,,
200,page,page-sitemap,https://www.ccf.org.ph/4ws-how-god-develops-leaders/,https://www.ccf.org.ph/4ws-how-god-develops-leaders/,https://www.ccf.org.ph/4ws-how-god-develops-leaders/,38751,2025-10-06T07:52:29+00:00,4Ws - How God Develops Leaders - Christ's Commission Fellowship,9898,0,11,0,0,1,0,,
200,page,page-sitemap,https://www.ccf.org.ph/4ws-if-god-why-evil-goviral-edition/,https://www.ccf.org.ph/4ws-if-god-why-evil-goviral-edition/,https://www.ccf.org.ph/4ws-if-god-why-evil-goviral-edition/,31984,2024-02-05T09:57:24+00:00,"4ws – If God, Why Evil (GoViral Edition) - Christ's Commission Fellowship",3050,0,11,0,0,1,0,,
200,page,page-sitemap,https://www.ccf.org.ph/4ws-jesus-in-every-home-goviral-edition/,https://www.ccf.org.ph/4ws-jesus-in-every-home-goviral-edition/,https://www.ccf.org.ph/4ws-jesus-in-every-home-goviral-edition/,38605,2025-09-15T05:14:05+00:00,4Ws - Jesus in Every Home (GoViral Edition) - Christ's Commission Fellowship,2988,0,10,0,0,1,0,,
200,page,page-sitemap,https://www.ccf.org.ph/4ws-jesus-in-every-home/,https://www.ccf.org.ph/4ws-jesus-in-every-home/,https://www.ccf.org.ph/4ws-jesus-in-every-home/,38604,2025-09-15T05:13:59+00:00,4Ws - Jesus in Every Home - Christ's Commission Fellowship,8106,0,11,0,0,1,0,,
200,page,page-sitemap,https://www.ccf.org.ph/4ws-jesus-is-coming-again-be-ready-goviral-edition/,https://www.ccf.org.ph/4ws-jesus-is-coming-again-be-ready-goviral-edition/,https://www.ccf.org.ph/4ws-jesus-is-coming-again-be-ready-goviral-edition/,35988,2024-12-02T05:40:38+00:00,"4ws - Jesus Is Coming Again, Be Ready! (GoViral Edition) - Christ's Commission Fellowship",4357,0,10,0,0,1,0,,
200,page,page-sitemap,https://www.ccf.org.ph/4ws-jesus-is-coming-again-be-ready-tagalog-version/,https://www.ccf.org.ph/4ws-jesus-is-coming-again-be-ready-tagalog-version/,https://www.ccf.org.ph/4ws-jesus-is-coming-again-be-ready-tagalog-version/,36032,2024-12-05T13:35:25+00:00,"4ws - Jesus Is Coming Again, Be Ready! (Tagalog Version) - Christ's Commission Fellowship",11526,0,11,0,0,1,0,,
200,page,page-sitemap,https://www.ccf.org.ph/4ws-jesus-is-coming-again-be-ready/,https://www.ccf.org.ph/4ws-jesus-is-coming-again-be-ready/,https://www.ccf.org.ph/4ws-jesus-is-coming-again-be-ready/,35989,2024-12-02T05:43:43+00:00,"4ws - Jesus Is Coming Again, Be Ready! - Christ's Commission Fellowship",9175,0,11,0,0,1,0,,
200,page,page-sitemap,https://www.ccf.org.ph/4ws-jesus-is-our-sure-hope-wait-on-him-goviral-edition/,https://www.ccf.org.ph/4ws-jesus-is-our-sure-hope-wait-on-him-goviral-edition/,https://www.ccf.org.ph/4ws-jesus-is-our-sure-hope-wait-on-him-goviral-edition/,31018,2024-02-05T10:00:41+00:00,"4ws – Jesus is Our Sure Hope, Wait on Him (GoViral Edition) - Christ's Commission Fellowship",4469,0,11,0,0,1,0,,
200,page,page-sitemap,https://www.ccf.org.ph/4ws-jesus-is-our-sure-hope-wait-on-him/,https://www.ccf.org.ph/4ws-jesus-is-our-sure-hope-wait-on-him/,https://www.ccf.org.ph/4ws-jesus-is-our-sure-hope-wait-on-him/,31017,2023-12-18T10:48:13+00:00,"4ws – Jesus is Our Sure Hope, Wait on Him - Christ's Commission Fellowship",9506,0,12,0,0,1,0,,
200,page,page-sitemap,https://www.ccf.org.ph/4ws-jesus-over-all-goviral-edition/,https://www.ccf.org.ph/4ws-jesus-over-all-goviral-edition/,https://www.ccf.org.ph/4ws-jesus-over-all-goviral-edition/,33848,2024-06-10T06:46:56+00:00,4ws - Jesus: Over All (GoViral Edition) - Christ's Commission Fellowship,3495,0,11,0,0,1,0,,
200,page,page-sitemap,https://www.ccf.org.ph/4ws-jesus-over-all/,https://www.ccf.org.ph/4ws-jesus-over-all/,https://www.ccf.org.ph/4ws-jesus-over-all/,33836,2024-06-13T06:36:53+00:00,4ws - Jesus: Over All - Christ's Commission Fellowship,8350,0,12,0,0,1,0,,
200,page,page-sitemap,https://www.ccf.org.ph/4ws-jesus-wants-to-use-you-mightily-goviral-edition/,https://www.ccf.org.ph/4ws-jesus-wants-to-use-you-mightily-goviral-edition/,https://www.ccf.org.ph/4ws-jesus-wants-to-use-you-mightily-goviral-edition/,38815,2025-10-13T06:50:02+00:00,4Ws - Jesus Wants To Use You Mightily (GoViral Edition) - Christ's Commission Fellowship,4943,0,10,0,0,1,0,,
200,page,page-sitemap,https://www.ccf.org.ph/4ws-jesus-wants-to-use-you-mightily/,https://www.ccf.org.ph/4ws-jesus-wants-to-use-you-mightily/,https://www.ccf.org.ph/4ws-jesus-wants-to-use-you-mightily/,38814,2025-10-13T06:49:54+00:00,4Ws - Jesus Wants To Use You Mightily - Christ's Commission Fellowship,9778,0,11,0,0,1,0,,
200,page,page-sitemap,https://www.ccf.org.ph/4ws-joy-in-godly-fellowship-goviral-edition/,https://www.ccf.org.ph/4ws-joy-in-godly-fellowship-goviral-edition/,https://www.ccf.org.ph/4ws-joy-in-godly-fellowship-goviral-edition/,36930,2025-03-03T03:39:59+00:00,4Ws - Joy in Godly Fellowship (GoViral Edition) - Christ's Commission Fellowship,4180,0,10,0,0,1,0,,
200,page,page-sitemap,https://www.ccf.org.ph/4ws-joy-in-godly-fellowship/,https://www.ccf.org.ph/4ws-joy-in-godly-fellowship/,https://www.ccf.org.ph/4ws-joy-in-godly-fellowship/,36934,2025-03-03T03:50:51+00:00,4Ws - Joy in Godly Fellowship - Christ's Commission Fellowship,9071,0,11,0,0,1,0,,
200,page,page-sitemap,https://www.ccf.org.ph/4ws-know-believe-live-the-gospel-goviral-edition/,https://www.ccf.org.ph/4ws-know-believe-live-the-gospel-goviral-edition/,https://www.ccf.org.ph/4ws-know-believe-live-the-gospel-goviral-edition/,29879,2024-02-05T10:10:02+00:00,"4Ws - Know, Believe, Live The Gospel (GoViral Edition) - Christ's Commission Fellowship",3873,0,11,0,0,1,0,,
200,page,page-sitemap,https://www.ccf.org.ph/4ws-know-believe-live-the-gospel/,https://www.ccf.org.ph/4ws-know-believe-live-the-gospel/,https://www.ccf.org.ph/4ws-know-believe-live-the-gospel/,29872,2023-12-21T06:13:15+00:00,"4Ws - Know, Believe, Live The Gospel - Christ's Commission Fellowship",8868,0,12,0,0,1,0,,
200,page,page-sitemap,https://www.ccf.org.ph/4ws-know-god-through-israel-and-prophecy-goviral-edition/,https://www.ccf.org.ph/4ws-know-god-through-israel-and-prophecy-goviral-edition/,https://www.ccf.org.ph/4ws-know-god-through-israel-and-prophecy-goviral-edition/,35852,2024-11-22T07:19:51+00:00,4ws - Know God Through Israel and Prophecy (GoViral Edition) - Christ's Commission Fellowship,4113,0,10,0,0,1,0,,
200,page,page-sitemap,https://www.ccf.org.ph/4ws-know-god-through-israel-and-prophecy-tagalog-version/,https://www.ccf.org.ph/4ws-know-god-through-israel-and-prophecy-tagalog-version/,https://www.ccf.org.ph/4ws-know-god-through-israel-and-prophecy-tagalog-version/,36017,2024-12-05T12:46:39+00:00,4ws - Know God Through Israel and Prophecy (Tagalog Version) - Christ's Commission Fellowship,11377,0,11,0,0,1,0,,
200,page,page-sitemap,https://www.ccf.org.ph/4ws-know-god-through-israel-and-prophecy/,https://www.ccf.org.ph/4ws-know-god-through-israel-and-prophecy/,https://www.ccf.org.ph/4ws-know-god-through-israel-and-prophecy/,35853,2024-11-22T07:24:46+00:00,4ws - Know God Through Israel and Prophecy - Christ's Commission Fellowship,9275,0,11,0,0,1,0,,
200,page,page-sitemap,https://www.ccf.org.ph/4ws-knowing-god-creator-of-family-live-as-gods-child-goviral-edition/,https://www.ccf.org.ph/4ws-knowing-god-creator-of-family-live-as-gods-child-goviral-edition/,https://www.ccf.org.ph/4ws-knowing-god-creator-of-family-live-as-gods-child-goviral-edition/,38523,2025-09-08T04:41:41+00:00,4Ws - KNOWING GOD: Creator of Family: Live as God’s Child (GoViral Edition) - Christ's Commission Fellowship,3652,0,10,0,0,1,0,,
200,page,page-sitemap,https://www.ccf.org.ph/4ws-knowing-god-creator-of-family-live-as-gods-child/,https://www.ccf.org.ph/4ws-knowing-god-creator-of-family-live-as-gods-child/,https://www.ccf.org.ph/4ws-knowing-god-creator-of-family-live-as-gods-child/,38522,2025-09-08T04:41:41+00:00,4Ws - KNOWING GOD: Creator of Family: Live as God’s Child - Christ's Commission Fellowship,8632,0,11,0,0,1,0,,
200,page,page-sitemap,https://www.ccf.org.ph/4ws-leading-from-broken-places-goviral-edition/,https://www.ccf.org.ph/4ws-leading-from-broken-places-goviral-edition/,https://www.ccf.org.ph/4ws-leading-from-broken-places-goviral-edition/,39683,2026-02-12T06:51:47+00:00,4Ws - Leading From Broken Places (GoViral Edition) - Christ's Commission Fellowship,4979,0,10,0,0,1,0,,
200,page,page-sitemap,https://www.ccf.org.ph/4ws-leading-from-broken-places/,https://www.ccf.org.ph/4ws-leading-from-broken-places/,https://www.ccf.org.ph/4ws-leading-from-broken-places/,39684,2026-02-12T06:51:51+00:00,4Ws - Leading From Broken Places - Christ's Commission Fellowship,10172,0,11,0,0,1,0,,
200,page,page-sitemap,https://www.ccf.org.ph/4ws-let-jesus-bring-you-from-darkness-to-light-goviral-edition/,https://www.ccf.org.ph/4ws-let-jesus-bring-you-from-darkness-to-light-goviral-edition/,https://www.ccf.org.ph/4ws-let-jesus-bring-you-from-darkness-to-light-goviral-edition/,39248,2025-12-22T06:05:06+00:00,4Ws - Let Jesus Bring You from Darkness to Light (GoViral Edition) - Christ's Commission Fellowship,4877,0,10,0,0,1,0,,
200,page,page-sitemap,https://www.ccf.org.ph/4ws-let-jesus-bring-you-from-darkness-to-light/,https://www.ccf.org.ph/4ws-let-jesus-bring-you-from-darkness-to-light/,https://www.ccf.org.ph/4ws-let-jesus-bring-you-from-darkness-to-light/,39247,2025-12-22T06:03:26+00:00,4Ws - Let Jesus Bring You from Darkness to Light - Christ's Commission Fellowship,9622,0,11,0,0,1,0,,
200,page,page-sitemap,https://www.ccf.org.ph/4ws-let-jesus-conquer-your-giants-goviral-edition/,https://www.ccf.org.ph/4ws-let-jesus-conquer-your-giants-goviral-edition/,https://www.ccf.org.ph/4ws-let-jesus-conquer-your-giants-goviral-edition/,35710,2024-11-04T08:50:21+00:00,4ws - Let Jesus Conquer Your Giants (GoViral Edition) - Christ's Commission Fellowship,4035,0,11,0,0,2,0,,
200,page,page-sitemap,https://www.ccf.org.ph/4ws-let-jesus-conquer-your-giants-tagalog-version/,https://www.ccf.org.ph/4ws-let-jesus-conquer-your-giants-tagalog-version/,https://www.ccf.org.ph/4ws-let-jesus-conquer-your-giants-tagalog-version/,36082,2024-12-10T00:21:24+00:00,4ws - Let Jesus Conquer your Giants (Tagalog Version) - Christ's Commission Fellowship,11305,0,12,0,0,2,0,,
200,page,page-sitemap,https://www.ccf.org.ph/4ws-let-jesus-conquer-your-giants/,https://www.ccf.org.ph/4ws-let-jesus-conquer-your-giants/,https://www.ccf.org.ph/4ws-let-jesus-conquer-your-giants/,35709,2024-11-04T08:48:42+00:00,4ws - Let Jesus Conquer Your Giants - Christ's Commission Fellowship,9188,0,12,0,0,2,0,,
200,page,page-sitemap,https://www.ccf.org.ph/4ws-limitless-god-unleash-his-power-goviral-edition/,https://www.ccf.org.ph/4ws-limitless-god-unleash-his-power-goviral-edition/,https://www.ccf.org.ph/4ws-limitless-god-unleash-his-power-goviral-edition/,38439,2025-09-01T07:31:44+00:00,"4Ws - Limitless God, Unleash His Power (GoViral Edition) - Christ's Commission Fellowship",4244,0,10,0,0,1,0,,
200,page,page-sitemap,https://www.ccf.org.ph/4ws-limitless-god-unleash-his-power/,https://www.ccf.org.ph/4ws-limitless-god-unleash-his-power/,https://www.ccf.org.ph/4ws-limitless-god-unleash-his-power/,38438,2025-09-01T08:42:55+00:00,"4Ws - Limitless God, Unleash His Power - Christ's Commission Fellowship",9105,0,11,0,0,1,0,,
200,page,page-sitemap,https://www.ccf.org.ph/4ws-live-a-life-of-worship-goviral-edition/,https://www.ccf.org.ph/4ws-live-a-life-of-worship-goviral-edition/,https://www.ccf.org.ph/4ws-live-a-life-of-worship-goviral-edition/,37632,2025-06-02T06:49:12+00:00,4Ws - LIVE A LIFE OF WORSHIP (GoViral Edition) - Christ's Commission Fellowship,3525,0,10,0,0,1,1,,
200,page,page-sitemap,https://www.ccf.org.ph/4ws-live-a-life-of-worship/,https://www.ccf.org.ph/4ws-live-a-life-of-worship/,https://www.ccf.org.ph/4ws-live-a-life-of-worship/,37631,2025-06-02T06:51:07+00:00,4Ws - LIVE A LIFE OF WORSHIP - Christ's Commission Fellowship,7683,0,11,0,0,1,1,,
200,page,page-sitemap,https://www.ccf.org.ph/4ws-live-for-eternity-now-goviral-edition/,https://www.ccf.org.ph/4ws-live-for-eternity-now-goviral-edition/,https://www.ccf.org.ph/4ws-live-for-eternity-now-goviral-edition/,29811,2024-02-05T10:06:02+00:00,4Ws - Live For Eternity Now (GoViral Edition) - Christ's Commission Fellowship,3801,0,11,0,0,1,0,,
200,page,page-sitemap,https://www.ccf.org.ph/4ws-live-for-eternity-now/,https://www.ccf.org.ph/4ws-live-for-eternity-now/,https://www.ccf.org.ph/4ws-live-for-eternity-now/,29802,2023-12-21T06:12:14+00:00,4Ws - Live For Eternity Now - Christ's Commission Fellowship,9115,0,12,0,0,1,0,,
200,page,page-sitemap,https://www.ccf.org.ph/4ws-live-for-your-fathers-pleasure-goviral-edition/,https://www.ccf.org.ph/4ws-live-for-your-fathers-pleasure-goviral-edition/,https://www.ccf.org.ph/4ws-live-for-your-fathers-pleasure-goviral-edition/,39367,2025-12-29T04:27:17+00:00,4Ws - Live for Your Father’s Pleasure (GoViral Edition) - Christ's Commission Fellowship,5008,0,10,0,0,1,0,,
200,page,page-sitemap,https://www.ccf.org.ph/4ws-live-for-your-fathers-pleasure/,https://www.ccf.org.ph/4ws-live-for-your-fathers-pleasure/,https://www.ccf.org.ph/4ws-live-for-your-fathers-pleasure/,39366,2025-12-29T04:26:50+00:00,4Ws - Live for Your Father’s Pleasure - Christ's Commission Fellowship,9981,0,11,0,0,1,0,,
200,page,page-sitemap,https://www.ccf.org.ph/4ws-live-out-gods-best-for-your-life-goviral-edition/,https://www.ccf.org.ph/4ws-live-out-gods-best-for-your-life-goviral-edition/,https://www.ccf.org.ph/4ws-live-out-gods-best-for-your-life-goviral-edition/,34035,2024-06-24T07:32:16+00:00,4ws - Live Out God's Best For Your Life (GoViral Edition) - Christ's Commission Fellowship,3048,0,11,0,0,1,0,,
200,page,page-sitemap,https://www.ccf.org.ph/4ws-live-out-gods-best-for-your-life-part-2-goviral-edition/,https://www.ccf.org.ph/4ws-live-out-gods-best-for-your-life-part-2-goviral-edition/,https://www.ccf.org.ph/4ws-live-out-gods-best-for-your-life-part-2-goviral-edition/,34100,2024-07-01T09:44:55+00:00,4ws - LIVE OUT GOD’S BEST FOR YOUR LIFE PART 2 (GoViral Edition) - Christ's Commission Fellowship,3953,0,11,0,0,1,0,,
200,page,page-sitemap,https://www.ccf.org.ph/4ws-live-out-gods-best-for-your-life-part-2/,https://www.ccf.org.ph/4ws-live-out-gods-best-for-your-life-part-2/,https://www.ccf.org.ph/4ws-live-out-gods-best-for-your-life-part-2/,34095,2024-07-01T09:43:39+00:00,4ws - LIVE OUT GOD’S BEST FOR YOUR LIFE PART 2 - Christ's Commission Fellowship,8989,0,12,0,0,1,0,,
200,page,page-sitemap,https://www.ccf.org.ph/4ws-live-out-gods-best-for-your-life/,https://www.ccf.org.ph/4ws-live-out-gods-best-for-your-life/,https://www.ccf.org.ph/4ws-live-out-gods-best-for-your-life/,34034,2024-06-24T07:22:46+00:00,4ws - Live Out God's Best For Your Life - Christ's Commission Fellowship,7839,0,12,0,0,1,0,,
200,page,page-sitemap,https://www.ccf.org.ph/4ws-live-out-love-joy-goviral-edition/,https://www.ccf.org.ph/4ws-live-out-love-joy-goviral-edition/,https://www.ccf.org.ph/4ws-live-out-love-joy-goviral-edition/,36809,2025-02-10T04:47:17+00:00,4ws - Live Out Love & Joy! (GoViral Edition) - Christ's Commission Fellowship,3957,0,10,0,0,1,0,,
200,page,page-sitemap,https://www.ccf.org.ph/4ws-live-out-love-joy/,https://www.ccf.org.ph/4ws-live-out-love-joy/,https://www.ccf.org.ph/4ws-live-out-love-joy/,36812,2025-02-10T04:53:07+00:00,4ws - Live Out Love & Joy! - Christ's Commission Fellowship,9090,0,11,0,0,1,0,,
200,page,page-sitemap,https://www.ccf.org.ph/4ws-live-to-make-a-difference-goviral-edition/,https://www.ccf.org.ph/4ws-live-to-make-a-difference-goviral-edition/,https://www.ccf.org.ph/4ws-live-to-make-a-difference-goviral-edition/,29894,2024-02-05T10:12:53+00:00,4ws - Live To Make A Difference (GoViral Edition) - Christ's Commission Fellowship,3695,0,11,0,0,1,0,,
200,page,page-sitemap,https://www.ccf.org.ph/4ws-live-to-make-a-difference/,https://www.ccf.org.ph/4ws-live-to-make-a-difference/,https://www.ccf.org.ph/4ws-live-to-make-a-difference/,29893,2023-12-21T06:15:17+00:00,4ws - Live To Make A Difference - Christ's Commission Fellowship,8478,0,12,0,0,1,0,,
200,page,page-sitemap,https://www.ccf.org.ph/4ws-live-wisely-in-light-of-eternity-goviral-edition/,https://www.ccf.org.ph/4ws-live-wisely-in-light-of-eternity-goviral-edition/,https://www.ccf.org.ph/4ws-live-wisely-in-light-of-eternity-goviral-edition/,39440,2026-01-05T13:28:00+00:00,4Ws - Live Wisely in Light of Eternity (GoViral Edition) - Christ's Commission Fellowship,5254,0,10,0,0,1,0,,
200,page,page-sitemap,https://www.ccf.org.ph/4ws-live-wisely-in-light-of-eternity/,https://www.ccf.org.ph/4ws-live-wisely-in-light-of-eternity/,https://www.ccf.org.ph/4ws-live-wisely-in-light-of-eternity/,39439,2026-01-05T13:27:42+00:00,4Ws - Live Wisely in Light of Eternity - Christ's Commission Fellowship,10126,0,11,0,0,1,0,,
200,page,page-sitemap,https://www.ccf.org.ph/4ws-live-your-purpose-go-beyond-2/,https://www.ccf.org.ph/4ws-live-your-purpose-go-beyond-2/,https://www.ccf.org.ph/4ws-live-your-purpose-go-beyond-2/,41360,2026-07-27T05:28:59+00:00,4Ws - LIVE YOUR PURPOSE: Go Beyond! - Christ's Commission Fellowship,9099,0,11,0,0,1,0,,
200,page,page-sitemap,https://www.ccf.org.ph/4ws-live-your-purpose-go-beyond-goviral-edition-2/,https://www.ccf.org.ph/4ws-live-your-purpose-go-beyond-goviral-edition-2/,https://www.ccf.org.ph/4ws-live-your-purpose-go-beyond-goviral-edition-2/,41361,2026-07-27T05:29:06+00:00,4Ws - LIVE YOUR PURPOSE: Go Beyond! (GoViral Edition) - Christ's Commission Fellowship,4482,0,10,0,0,1,0,,
200,page,page-sitemap,https://www.ccf.org.ph/4ws-live-your-purpose-go-beyond-goviral-edition/,https://www.ccf.org.ph/4ws-live-your-purpose-go-beyond-goviral-edition/,https://www.ccf.org.ph/4ws-live-your-purpose-go-beyond-goviral-edition/,41324,2026-07-20T06:27:26+00:00,4Ws - LIVE YOUR PURPOSE: GO BEYOND (GoViral Edition) - Christ's Commission Fellowship,5744,0,10,0,0,1,0,,
200,page,page-sitemap,https://www.ccf.org.ph/4ws-live-your-purpose-go-beyond/,https://www.ccf.org.ph/4ws-live-your-purpose-go-beyond/,https://www.ccf.org.ph/4ws-live-your-purpose-go-beyond/,41323,2026-07-20T05:56:30+00:00,4Ws - LIVE YOUR PURPOSE: GO BEYOND - Christ's Commission Fellowship,10635,0,11,0,0,1,0,,
200,page,page-sitemap,https://www.ccf.org.ph/4ws-live-your-purpose-share-like-jesus-goviral-edition/,https://www.ccf.org.ph/4ws-live-your-purpose-share-like-jesus-goviral-edition/,https://www.ccf.org.ph/4ws-live-your-purpose-share-like-jesus-goviral-edition/,41256,2026-07-13T03:35:27+00:00,4Ws - LIVE YOUR PURPOSE: Share Like Jesus (GoViral Edition) - Christ's Commission Fellowship,5234,0,10,0,0,1,0,,
200,page,page-sitemap,https://www.ccf.org.ph/4ws-live-your-purpose-share-like-jesus/,https://www.ccf.org.ph/4ws-live-your-purpose-share-like-jesus/,https://www.ccf.org.ph/4ws-live-your-purpose-share-like-jesus/,41255,2026-07-13T03:34:56+00:00,4Ws - LIVE YOUR PURPOSE: Share Like Jesus - Christ's Commission Fellowship,10328,0,11,0,0,1,0,,
200,page,page-sitemap,https://www.ccf.org.ph/4ws-living-the-intentional-life-goviral-edition/,https://www.ccf.org.ph/4ws-living-the-intentional-life-goviral-edition/,https://www.ccf.org.ph/4ws-living-the-intentional-life-goviral-edition/,31999,2024-02-05T09:54:23+00:00,4ws – Living The Intentional Life (GoViral Edition) - Christ's Commission Fellowship,2959,0,11,0,0,1,0,,
200,page,page-sitemap,https://www.ccf.org.ph/4ws-living-the-intentional-life/,https://www.ccf.org.ph/4ws-living-the-intentional-life/,https://www.ccf.org.ph/4ws-living-the-intentional-life/,31995,2024-02-05T09:57:22+00:00,4ws – Living The Intentional Life - Christ's Commission Fellowship,7650,0,12,0,0,1,0,,
200,page,page-sitemap,https://www.ccf.org.ph/4ws-love-and-joy-discover-the-connection-goviral-edition/,https://www.ccf.org.ph/4ws-love-and-joy-discover-the-connection-goviral-edition/,https://www.ccf.org.ph/4ws-love-and-joy-discover-the-connection-goviral-edition/,36753,2025-02-03T04:03:14+00:00,4ws - LOVE AND JOY: DISCOVER THE CONNECTION (GoViral Edition) - Christ's Commission Fellowship,3927,0,10,0,0,1,0,,
200,page,page-sitemap,https://www.ccf.org.ph/4ws-love-and-joy-discover-the-connection/,https://www.ccf.org.ph/4ws-love-and-joy-discover-the-connection/,https://www.ccf.org.ph/4ws-love-and-joy-discover-the-connection/,36755,2025-02-06T02:58:30+00:00,4ws - LOVE AND JOY: DISCOVER THE CONNECTION - Christ's Commission Fellowship,9152,0,11,0,0,1,0,,
200,page,page-sitemap,https://www.ccf.org.ph/4ws-love-fervently-goviral-edition/,https://www.ccf.org.ph/4ws-love-fervently-goviral-edition/,https://www.ccf.org.ph/4ws-love-fervently-goviral-edition/,32920,2024-03-04T09:58:23+00:00,4ws – Love Fervently (GoViral Edition) - Christ's Commission Fellowship,3069,0,11,0,0,1,0,,
200,page,page-sitemap,https://www.ccf.org.ph/4ws-love-fervently/,https://www.ccf.org.ph/4ws-love-fervently/,https://www.ccf.org.ph/4ws-love-fervently/,32919,2024-03-04T09:48:58+00:00,4ws – Love Fervently - Christ's Commission Fellowship,7598,0,12,0,0,1,0,,
200,page,page-sitemap,https://www.ccf.org.ph/4ws-love-god-dedicate-your-best-goviral-edition/,https://www.ccf.org.ph/4ws-love-god-dedicate-your-best-goviral-edition/,https://www.ccf.org.ph/4ws-love-god-dedicate-your-best-goviral-edition/,33451,2024-05-14T03:53:22+00:00,"4ws – Love God, Dedicate Your Best (GoViral Edition) - Christ's Commission Fellowship",4162,0,11,0,0,1,0,,
200,page,page-sitemap,https://www.ccf.org.ph/4ws-love-god-dedicate-your-best/,https://www.ccf.org.ph/4ws-love-god-dedicate-your-best/,https://www.ccf.org.ph/4ws-love-god-dedicate-your-best/,33450,2024-05-13T09:24:22+00:00,"4ws - Love God, Dedicate Your Best - Christ's Commission Fellowship",8168,0,12,0,0,1,0,,
200,page,page-sitemap,https://www.ccf.org.ph/4ws-love-god-even-when-we-fail-goviral-edition/,https://www.ccf.org.ph/4ws-love-god-even-when-we-fail-goviral-edition/,https://www.ccf.org.ph/4ws-love-god-even-when-we-fail-goviral-edition/,33332,2024-04-29T09:37:05+00:00,4ws – Love God Even When We Fail (GoViral Edition) - Christ's Commission Fellowship,2763,0,11,0,0,1,0,,
200,page,page-sitemap,https://www.ccf.org.ph/4ws-love-god-even-when-we-fail/,https://www.ccf.org.ph/4ws-love-god-even-when-we-fail/,https://www.ccf.org.ph/4ws-love-god-even-when-we-fail/,33331,2024-05-06T08:22:20+00:00,4ws – Love God Even When We Fail - Christ's Commission Fellowship,8241,0,12,0,0,1,0,,
200,page,page-sitemap,https://www.ccf.org.ph/4ws-love-god-love-others-goviral-edition/,https://www.ccf.org.ph/4ws-love-god-love-others-goviral-edition/,https://www.ccf.org.ph/4ws-love-god-love-others-goviral-edition/,34644,2024-07-29T07:02:15+00:00,"4ws - Love God, Love Others (GoViral Edition) - Christ's Commission Fellowship",3191,0,11,0,0,1,0,,
200,page,page-sitemap,https://www.ccf.org.ph/4ws-love-god-love-others/,https://www.ccf.org.ph/4ws-love-god-love-others/,https://www.ccf.org.ph/4ws-love-god-love-others/,34640,2024-07-29T06:43:26+00:00,"4ws - Love God, Love Others - Christ's Commission Fellowship",7295,0,12,0,0,1,0,,
200,page,page-sitemap,https://www.ccf.org.ph/4ws-love-is-abiding-in-god-goviral-edition/,https://www.ccf.org.ph/4ws-love-is-abiding-in-god-goviral-edition/,https://www.ccf.org.ph/4ws-love-is-abiding-in-god-goviral-edition/,32970,2024-03-11T07:21:16+00:00,4ws – Love is Abiding in God (GoViral Edition) - Christ's Commission Fellowship,2749,0,11,0,0,1,0,,
200,page,page-sitemap,https://www.ccf.org.ph/4ws-love-is-abiding-in-god/,https://www.ccf.org.ph/4ws-love-is-abiding-in-god/,https://www.ccf.org.ph/4ws-love-is-abiding-in-god/,32969,2024-03-11T07:20:32+00:00,4ws – Love is Abiding in God - Christ's Commission Fellowship,7256,0,12,0,0,1,0,,
200,page,page-sitemap,https://www.ccf.org.ph/4ws-love-is-action-goviral-edition/,https://www.ccf.org.ph/4ws-love-is-action-goviral-edition/,https://www.ccf.org.ph/4ws-love-is-action-goviral-edition/,32566,2024-02-19T09:47:47+00:00,4ws – Love Is Action (GoViral Edition) - Christ's Commission Fellowship,3532,0,11,0,0,1,0,,
200,page,page-sitemap,https://www.ccf.org.ph/4ws-love-is-action/,https://www.ccf.org.ph/4ws-love-is-action/,https://www.ccf.org.ph/4ws-love-is-action/,32565,2024-02-19T09:44:35+00:00,4ws – Love Is Action - Christ's Commission Fellowship,8928,0,12,0,0,1,0,,
200,page,page-sitemap,https://www.ccf.org.ph/4ws-love-is-passionate-goviral-edition/,https://www.ccf.org.ph/4ws-love-is-passionate-goviral-edition/,https://www.ccf.org.ph/4ws-love-is-passionate-goviral-edition/,33055,2024-03-25T09:21:02+00:00,4ws – Love Is Passionate (GoViral Edition) - Christ's Commission Fellowship,3150,0,11,0,0,1,0,,
200,page,page-sitemap,https://www.ccf.org.ph/4ws-love-is-passionate/,https://www.ccf.org.ph/4ws-love-is-passionate/,https://www.ccf.org.ph/4ws-love-is-passionate/,33054,2024-03-25T09:20:05+00:00,4ws – Love Is Passionate - Christ's Commission Fellowship,8332,0,12,0,0,1,0,,
200,page,page-sitemap,https://www.ccf.org.ph/4ws-love-jesus-above-all-goviral-edition/,https://www.ccf.org.ph/4ws-love-jesus-above-all-goviral-edition/,https://www.ccf.org.ph/4ws-love-jesus-above-all-goviral-edition/,36889,2025-02-24T05:19:37+00:00,4Ws - Love Jesus Above All (GoViral Edition) - Christ's Commission Fellowship,4223,0,10,0,0,1,0,,
200,page,page-sitemap,https://www.ccf.org.ph/4ws-love-jesus-above-all/,https://www.ccf.org.ph/4ws-love-jesus-above-all/,https://www.ccf.org.ph/4ws-love-jesus-above-all/,36888,2025-02-24T05:27:14+00:00,4ws - Love Jesus Above All - Christ's Commission Fellowship,8506,0,11,0,0,1,0,,
200,page,page-sitemap,https://www.ccf.org.ph/4ws-love-radically-goviral-edition/,https://www.ccf.org.ph/4ws-love-radically-goviral-edition/,https://www.ccf.org.ph/4ws-love-radically-goviral-edition/,32864,2024-02-26T07:40:12+00:00,4ws – Love Radically (GoViral Edition) - Christ's Commission Fellowship,4134,0,11,0,0,1,0,,
200,page,page-sitemap,https://www.ccf.org.ph/4ws-love-radically/,https://www.ccf.org.ph/4ws-love-radically/,https://www.ccf.org.ph/4ws-love-radically/,32863,2024-02-26T07:38:58+00:00,4ws – Love Radically - Christ's Commission Fellowship,8793,0,12,0,0,1,0,,
200,page,page-sitemap,https://www.ccf.org.ph/4ws-love-rediscovered-be-known-by-love-goviral-edition/,https://www.ccf.org.ph/4ws-love-rediscovered-be-known-by-love-goviral-edition/,https://www.ccf.org.ph/4ws-love-rediscovered-be-known-by-love-goviral-edition/,32441,2024-02-14T10:48:32+00:00,4ws – Love Rediscovered: Be Known By Love (GoViral Edition) - Christ's Commission Fellowship,3032,0,11,0,0,1,0,,
200,page,page-sitemap,https://www.ccf.org.ph/4ws-love-rediscovered-be-known-by-love/,https://www.ccf.org.ph/4ws-love-rediscovered-be-known-by-love/,https://www.ccf.org.ph/4ws-love-rediscovered-be-known-by-love/,32440,2024-02-14T10:48:15+00:00,4ws – Love Rediscovered: Be Known By Love - Christ's Commission Fellowship,8227,0,12,0,0,1,0,,
200,page,page-sitemap,https://www.ccf.org.ph/4ws-love-through-discipline-goviral-edition/,https://www.ccf.org.ph/4ws-love-through-discipline-goviral-edition/,https://www.ccf.org.ph/4ws-love-through-discipline-goviral-edition/,33004,2024-03-18T09:05:51+00:00,4ws – Love Through Discipline (GoViral Edition) - Christ's Commission Fellowship,4077,0,11,0,0,1,0,,
200,page,page-sitemap,https://www.ccf.org.ph/4ws-love-through-discipline/,https://www.ccf.org.ph/4ws-love-through-discipline/,https://www.ccf.org.ph/4ws-love-through-discipline/,33003,2024-03-18T09:04:27+00:00,4ws – Love Through Discipline - Christ's Commission Fellowship,8714,0,12,0,0,1,0,,
200,page,page-sitemap,https://www.ccf.org.ph/4ws-make-a-difference-goviral-edition/,https://www.ccf.org.ph/4ws-make-a-difference-goviral-edition/,https://www.ccf.org.ph/4ws-make-a-difference-goviral-edition/,34503,2024-07-15T06:46:01+00:00,4ws- Make A Difference! (GoViral Edition) - Christ's Commission Fellowship,4018,0,11,0,0,1,0,,
200,page,page-sitemap,https://www.ccf.org.ph/4ws-make-a-difference/,https://www.ccf.org.ph/4ws-make-a-difference/,https://www.ccf.org.ph/4ws-make-a-difference/,34501,2024-07-15T06:46:11+00:00,4ws- Make A Difference! - Christ's Commission Fellowship,9173,0,12,0,0,1,0,,
200,page,page-sitemap,https://www.ccf.org.ph/4ws-make-your-family-a-blessing-goviral-edition/,https://www.ccf.org.ph/4ws-make-your-family-a-blessing-goviral-edition/,https://www.ccf.org.ph/4ws-make-your-family-a-blessing-goviral-edition/,35110,2024-10-01T07:19:31+00:00,4ws - Make Your Family A Blessing (GoViral Edition) - Christ's Commission Fellowship,3879,0,11,0,0,1,0,,
200,page,page-sitemap,https://www.ccf.org.ph/4ws-make-your-family-a-blessing/,https://www.ccf.org.ph/4ws-make-your-family-a-blessing/,https://www.ccf.org.ph/4ws-make-your-family-a-blessing/,35106,2024-10-01T07:19:16+00:00,4ws - Make Your Family A Blessing - Christ's Commission Fellowship,7708,0,12,0,0,1,0,,
200,page,page-sitemap,https://www.ccf.org.ph/4ws-mary-christmas-receive-jesus-gods-sure-hope-goviral-edition/,https://www.ccf.org.ph/4ws-mary-christmas-receive-jesus-gods-sure-hope-goviral-edition/,https://www.ccf.org.ph/4ws-mary-christmas-receive-jesus-gods-sure-hope-goviral-edition/,30497,2024-02-05T10:03:00+00:00,4ws – Mary CHRISTmas! Receive Jesus: God’s Sure Hope (GoViral Edition) - Christ's Commission Fellowship,3632,0,11,0,0,1,0,,
200,page,page-sitemap,https://www.ccf.org.ph/4ws-mary-christmas-receive-jesus-gods-sure-hope/,https://www.ccf.org.ph/4ws-mary-christmas-receive-jesus-gods-sure-hope/,https://www.ccf.org.ph/4ws-mary-christmas-receive-jesus-gods-sure-hope/,30493,2023-12-04T10:36:27+00:00,4ws – Mary CHRISTmas! Receive Jesus: God’s Sure Hope - Christ's Commission Fellowship,8646,0,12,0,0,1,0,,
200,page,page-sitemap,https://www.ccf.org.ph/4ws-mission-driven-lifestyle-goviral-edition/,https://www.ccf.org.ph/4ws-mission-driven-lifestyle-goviral-edition/,https://www.ccf.org.ph/4ws-mission-driven-lifestyle-goviral-edition/,37673,2025-06-09T05:24:18+00:00,4Ws - MISSION-DRIVEN LIFESTYLE (GoViral Edition) - Christ's Commission Fellowship,4491,0,10,0,0,1,0,,
200,page,page-sitemap,https://www.ccf.org.ph/4ws-mission-driven-lifestyle/,https://www.ccf.org.ph/4ws-mission-driven-lifestyle/,https://www.ccf.org.ph/4ws-mission-driven-lifestyle/,37672,2025-06-13T01:35:29+00:00,4Ws - MISSION-DRIVEN LIFESTYLE - Christ's Commission Fellowship,9185,0,11,0,0,1,0,,
200,page,page-sitemap,https://www.ccf.org.ph/4ws-no-adultery-be-faithful-because-god-is-faithful-goviral-edition/,https://www.ccf.org.ph/4ws-no-adultery-be-faithful-because-god-is-faithful-goviral-edition/,https://www.ccf.org.ph/4ws-no-adultery-be-faithful-because-god-is-faithful-goviral-edition/,40383,2026-05-18T03:30:28+00:00,4Ws - No Adultery! Be Faithful Because God is Faithful (GoViral Edition) - Christ's Commission Fellowship,3714,0,10,0,0,1,0,,
200,page,page-sitemap,https://www.ccf.org.ph/4ws-no-adultery-be-faithful-because-god-is-faithful/,https://www.ccf.org.ph/4ws-no-adultery-be-faithful-because-god-is-faithful/,https://www.ccf.org.ph/4ws-no-adultery-be-faithful-because-god-is-faithful/,40381,2026-05-18T03:30:26+00:00,4Ws - No Adultery! Be Faithful Because God is Faithful - Christ's Commission Fellowship,7405,0,11,0,0,1,0,,
200,page,page-sitemap,https://www.ccf.org.ph/4ws-not-enough-time-how-to-live-in-the-last-days-goviral-edition/,https://www.ccf.org.ph/4ws-not-enough-time-how-to-live-in-the-last-days-goviral-edition/,https://www.ccf.org.ph/4ws-not-enough-time-how-to-live-in-the-last-days-goviral-edition/,36070,2024-12-09T07:23:01+00:00,4ws - NOT ENOUGH TIME: How to Live in the Last Days (GoViral Edition) - Christ's Commission Fellowship,4065,0,10,0,0,1,0,,
200,page,page-sitemap,https://www.ccf.org.ph/4ws-not-enough-time-how-to-live-in-the-last-days/,https://www.ccf.org.ph/4ws-not-enough-time-how-to-live-in-the-last-days/,https://www.ccf.org.ph/4ws-not-enough-time-how-to-live-in-the-last-days/,36069,2024-12-09T07:31:27+00:00,4ws - NOT ENOUGH TIME: How to Live in the Last Days - Christ's Commission Fellowship,7960,0,11,0,0,1,0,,
200,page,page-sitemap,https://www.ccf.org.ph/4ws-obey-and-be-blessed-goviral-edition/,https://www.ccf.org.ph/4ws-obey-and-be-blessed-goviral-edition/,https://www.ccf.org.ph/4ws-obey-and-be-blessed-goviral-edition/,34738,2024-08-05T06:19:20+00:00,4ws - Obey and Be Blessed! (GoViral Edition) - Christ's Commission Fellowship,3837,0,11,0,0,1,0,,
200,page,page-sitemap,https://www.ccf.org.ph/4ws-obey-and-be-blessed/,https://www.ccf.org.ph/4ws-obey-and-be-blessed/,https://www.ccf.org.ph/4ws-obey-and-be-blessed/,34734,2024-08-05T06:19:31+00:00,4ws - Obey and Be Blessed! - Christ's Commission Fellowship,9052,0,12,0,0,1,0,,
200,page,page-sitemap,https://www.ccf.org.ph/4ws-one-soul-at-a-time-one-step-at-a-time-goviral-edition/,https://www.ccf.org.ph/4ws-one-soul-at-a-time-one-step-at-a-time-goviral-edition/,https://www.ccf.org.ph/4ws-one-soul-at-a-time-one-step-at-a-time-goviral-edition/,38141,2025-07-28T04:28:32+00:00,4Ws - One Soul at a Time. One Step at a Time. (GoViral Edition) - Christ's Commission Fellowship,5203,0,10,0,0,1,0,,
200,page,page-sitemap,https://www.ccf.org.ph/4ws-one-soul-at-a-time-one-step-at-a-time/,https://www.ccf.org.ph/4ws-one-soul-at-a-time-one-step-at-a-time/,https://www.ccf.org.ph/4ws-one-soul-at-a-time-one-step-at-a-time/,38140,2025-07-28T04:10:56+00:00,4Ws - One Soul at a Time. One Step at a Time. - Christ's Commission Fellowship,10373,0,11,0,0,1,0,,
200,page,page-sitemap,https://www.ccf.org.ph/4ws-our-extraordinary-god-is-our-shepherd-follow-him-goviral-edition/,https://www.ccf.org.ph/4ws-our-extraordinary-god-is-our-shepherd-follow-him-goviral-edition/,https://www.ccf.org.ph/4ws-our-extraordinary-god-is-our-shepherd-follow-him-goviral-edition/,41928,2026-08-31T05:01:36+00:00,4Ws - OUR EXTRAORDINARY GOD IS OUR SHEPHERD: FOLLOW HIM! (GoViral Edition) - Christ's Commission Fellowship,3669,0,10,0,0,1,0,,
200,page,page-sitemap,https://www.ccf.org.ph/4ws-our-extraordinary-god-is-our-shepherd-follow-him/,https://www.ccf.org.ph/4ws-our-extraordinary-god-is-our-shepherd-follow-him/,https://www.ccf.org.ph/4ws-our-extraordinary-god-is-our-shepherd-follow-him/,41927,2026-08-31T04:59:22+00:00,4Ws - OUR EXTRAORDINARY GOD IS OUR SHEPHERD: FOLLOW HIM! - Christ's Commission Fellowship,9981,0,11,0,0,1,0,,
200,page,page-sitemap,https://www.ccf.org.ph/4ws-overcoming-the-challenge-goviral-edition/,https://www.ccf.org.ph/4ws-overcoming-the-challenge-goviral-edition/,https://www.ccf.org.ph/4ws-overcoming-the-challenge-goviral-edition/,34411,2024-07-08T11:03:02+00:00,4ws - Overcoming the Challenge (GoViral Edition) - Christ's Commission Fellowship,2518,0,11,0,0,1,0,,
200,page,page-sitemap,https://www.ccf.org.ph/4ws-overcoming-the-challenge/,https://www.ccf.org.ph/4ws-overcoming-the-challenge/,https://www.ccf.org.ph/4ws-overcoming-the-challenge/,34399,2024-07-08T11:03:13+00:00,4ws - Overcoming the Challenge - Christ's Commission Fellowship,7460,0,12,0,0,1,0,,
200,page,page-sitemap,https://www.ccf.org.ph/4ws-persevere-in-prayer-goviral-edition/,https://www.ccf.org.ph/4ws-persevere-in-prayer-goviral-edition/,https://www.ccf.org.ph/4ws-persevere-in-prayer-goviral-edition/,31838,2024-02-05T10:21:29+00:00,4ws – Persevere in Prayer (GoViral Edition) - Christ's Commission Fellowship,2940,0,11,0,0,1,0,,
200,page,page-sitemap,https://www.ccf.org.ph/4ws-persevere-in-prayer/,https://www.ccf.org.ph/4ws-persevere-in-prayer/,https://www.ccf.org.ph/4ws-persevere-in-prayer/,31837,2024-01-22T09:38:01+00:00,4ws – Persevere in Prayer - Christ's Commission Fellowship,7930,0,12,0,0,1,0,,
200,page,page-sitemap,https://www.ccf.org.ph/4ws-practicing-the-presence-of-god-rejoice-and-request-goviral-edition/,https://www.ccf.org.ph/4ws-practicing-the-presence-of-god-rejoice-and-request-goviral-edition/,https://www.ccf.org.ph/4ws-practicing-the-presence-of-god-rejoice-and-request-goviral-edition/,37517,2025-05-12T05:28:04+00:00,4Ws - PRACTICING THE PRESENCE OF GOD: Rejoice and Request! (GoViral Edition) - Christ's Commission Fellowship,3786,0,10,0,0,1,0,,
200,page,page-sitemap,https://www.ccf.org.ph/4ws-practicing-the-presence-of-god-rejoice-and-request/,https://www.ccf.org.ph/4ws-practicing-the-presence-of-god-rejoice-and-request/,https://www.ccf.org.ph/4ws-practicing-the-presence-of-god-rejoice-and-request/,37516,2025-05-12T05:32:21+00:00,4Ws - PRACTICING THE PRESENCE OF GOD: Rejoice and Request! - Christ's Commission Fellowship,8781,0,11,0,0,1,0,,
200,page,page-sitemap,https://www.ccf.org.ph/4ws-pray-in-awe-of-god-goviral-edition/,https://www.ccf.org.ph/4ws-pray-in-awe-of-god-goviral-edition/,https://www.ccf.org.ph/4ws-pray-in-awe-of-god-goviral-edition/,37829,2025-06-23T06:39:04+00:00,4Ws - Pray In Awe Of God (GoViral Edition) - Christ's Commission Fellowship,3971,0,10,0,0,1,0,,
200,page,page-sitemap,https://www.ccf.org.ph/4ws-pray-in-awe-of-god/,https://www.ccf.org.ph/4ws-pray-in-awe-of-god/,https://www.ccf.org.ph/4ws-pray-in-awe-of-god/,37830,2025-06-23T04:59:13+00:00,4Ws - Pray In Awe Of God - Christ's Commission Fellowship,8794,0,11,0,0,1,0,,
200,page,page-sitemap,https://www.ccf.org.ph/4ws-pray-with-humility-goviral-edition/,https://www.ccf.org.ph/4ws-pray-with-humility-goviral-edition/,https://www.ccf.org.ph/4ws-pray-with-humility-goviral-edition/,32249,2024-02-05T09:30:10+00:00,4ws – Pray With Humility (GoViral Edition) - Christ's Commission Fellowship,3621,0,11,0,0,1,0,,
200,page,page-sitemap,https://www.ccf.org.ph/4ws-pray-with-humility/,https://www.ccf.org.ph/4ws-pray-with-humility/,https://www.ccf.org.ph/4ws-pray-with-humility/,32248,2024-02-05T09:29:48+00:00,4ws – Pray With Humility - Christ's Commission Fellowship,8858,0,12,0,0,1,0,,
200,page,page-sitemap,https://www.ccf.org.ph/4ws-real-faith-experiences-gods-power-goviral-edition/,https://www.ccf.org.ph/4ws-real-faith-experiences-gods-power-goviral-edition/,https://www.ccf.org.ph/4ws-real-faith-experiences-gods-power-goviral-edition/,39939,2026-03-16T06:42:58+00:00,4Ws - REAL FAITH EXPERIENCES GOD’S POWER (GoViral Edition) - Christ's Commission Fellowship,5316,0,10,0,0,1,0,,
200,page,page-sitemap,https://www.ccf.org.ph/4ws-real-faith-experiences-gods-power/,https://www.ccf.org.ph/4ws-real-faith-experiences-gods-power/,https://www.ccf.org.ph/4ws-real-faith-experiences-gods-power/,39937,2026-03-16T06:42:50+00:00,4Ws - REAL FAITH EXPERIENCES GOD’S POWER - Christ's Commission Fellowship,10278,0,11,0,0,1,0,,
200,page,page-sitemap,https://www.ccf.org.ph/4ws-real-faith-is-devotion-to-god-goviral-edition/,https://www.ccf.org.ph/4ws-real-faith-is-devotion-to-god-goviral-edition/,https://www.ccf.org.ph/4ws-real-faith-is-devotion-to-god-goviral-edition/,39855,2026-03-01T14:03:25+00:00,4Ws - REAL FAITH IS DEVOTION TO GOD (GoViral Edition) - Christ's Commission Fellowship,4594,0,10,0,0,1,0,,
200,page,page-sitemap,https://www.ccf.org.ph/4ws-real-faith-is-devotion-to-god/,https://www.ccf.org.ph/4ws-real-faith-is-devotion-to-god/,https://www.ccf.org.ph/4ws-real-faith-is-devotion-to-god/,39857,2026-03-01T14:03:22+00:00,4Ws - REAL FAITH IS DEVOTION TO GOD - Christ's Commission Fellowship,9432,0,11,0,0,1,0,,
200,page,page-sitemap,https://www.ccf.org.ph/4ws-real-faith-loves-without-favoritism-goviral-edition/,https://www.ccf.org.ph/4ws-real-faith-loves-without-favoritism-goviral-edition/,https://www.ccf.org.ph/4ws-real-faith-loves-without-favoritism-goviral-edition/,39626,2026-01-26T05:36:23+00:00,4Ws - REAL FAITH LOVES WITHOUT FAVORITISM (GoViral Edition) - Christ's Commission Fellowship,5050,0,10,0,0,1,0,,
200,page,page-sitemap,https://www.ccf.org.ph/4ws-real-faith-loves-without-favoritism/,https://www.ccf.org.ph/4ws-real-faith-loves-without-favoritism/,https://www.ccf.org.ph/4ws-real-faith-loves-without-favoritism/,39625,2026-01-26T05:36:11+00:00,4Ws - REAL FAITH LOVES WITHOUT FAVORITISM - Christ's Commission Fellowship,10159,0,11,0,0,1,0,,
200,page,page-sitemap,https://www.ccf.org.ph/4ws-real-faith-obeys-gods-word-goviral-edition/,https://www.ccf.org.ph/4ws-real-faith-obeys-gods-word-goviral-edition/,https://www.ccf.org.ph/4ws-real-faith-obeys-gods-word-goviral-edition/,39593,2026-01-19T04:39:06+00:00,4Ws - REAL FAITH OBEYS GOD’S WORD (GoViral Edition) - Christ's Commission Fellowship,4561,0,10,0,0,1,0,,
200,page,page-sitemap,https://www.ccf.org.ph/4ws-real-faith-obeys-gods-word/,https://www.ccf.org.ph/4ws-real-faith-obeys-gods-word/,https://www.ccf.org.ph/4ws-real-faith-obeys-gods-word/,39592,2026-01-19T04:38:57+00:00,4Ws - REAL FAITH OBEYS GOD’S WORD - Christ's Commission Fellowship,9582,0,11,0,0,1,0,,
200,page,page-sitemap,https://www.ccf.org.ph/4ws-real-faith-surrenders-to-gods-sovereignty-goviral-edition/,https://www.ccf.org.ph/4ws-real-faith-surrenders-to-gods-sovereignty-goviral-edition/,https://www.ccf.org.ph/4ws-real-faith-surrenders-to-gods-sovereignty-goviral-edition/,39892,2026-03-09T05:52:11+00:00,4Ws - REAL FAITH SURRENDERS TO GOD’S SOVEREIGNTY (GoViral Edition) - Christ's Commission Fellowship,4851,0,10,0,0,1,0,,
200,page,page-sitemap,https://www.ccf.org.ph/4ws-real-faith-surrenders-to-gods-sovereignty/,https://www.ccf.org.ph/4ws-real-faith-surrenders-to-gods-sovereignty/,https://www.ccf.org.ph/4ws-real-faith-surrenders-to-gods-sovereignty/,39891,2026-03-09T05:52:05+00:00,4Ws - REAL FAITH SURRENDERS TO GOD’S SOVEREIGNTY - Christ's Commission Fellowship,7576,0,11,0,0,1,0,,
200,page,page-sitemap,https://www.ccf.org.ph/4ws-real-faith-tames-the-tongue-goviral-edition/,https://www.ccf.org.ph/4ws-real-faith-tames-the-tongue-goviral-edition/,https://www.ccf.org.ph/4ws-real-faith-tames-the-tongue-goviral-edition/,39788,2026-02-16T08:17:55+00:00,4Ws - REAL FAITH TAMES THE TONGUE (GoViral Edition) - Christ's Commission Fellowship,4936,0,10,0,0,1,0,,
200,page,page-sitemap,https://www.ccf.org.ph/4ws-real-faith-tames-the-tongue/,https://www.ccf.org.ph/4ws-real-faith-tames-the-tongue/,https://www.ccf.org.ph/4ws-real-faith-tames-the-tongue/,39786,2026-02-16T08:17:51+00:00,4Ws - REAL FAITH TAMES THE TONGUE - Christ's Commission Fellowship,9959,0,11,0,0,1,0,,
200,page,page-sitemap,https://www.ccf.org.ph/4ws-real-faith-triumphs-goviral-edition/,https://www.ccf.org.ph/4ws-real-faith-triumphs-goviral-edition/,https://www.ccf.org.ph/4ws-real-faith-triumphs-goviral-edition/,39525,2026-01-12T11:02:17+00:00,4Ws - REAL FAITH TRIUMPHS (GoViral Edition) - Christ's Commission Fellowship,4353,0,10,0,0,1,0,,
200,page,page-sitemap,https://www.ccf.org.ph/4ws-real-faith-triumphs/,https://www.ccf.org.ph/4ws-real-faith-triumphs/,https://www.ccf.org.ph/4ws-real-faith-triumphs/,39524,2026-01-12T11:02:27+00:00,4Ws - REAL FAITH TRIUMPHS - Christ's Commission Fellowship,9467,0,11,0,0,1,0,,
200,page,page-sitemap,https://www.ccf.org.ph/4ws-real-faith-walks-in-gods-wisdom-goviral-edition/,https://www.ccf.org.ph/4ws-real-faith-walks-in-gods-wisdom-goviral-edition/,https://www.ccf.org.ph/4ws-real-faith-walks-in-gods-wisdom-goviral-edition/,39823,2026-02-23T07:03:05+00:00,4Ws - REAL FAITH WALKS IN GOD’S WISDOM (GoViral Edition) - Christ's Commission Fellowship,4395,0,10,0,0,1,0,,
200,page,page-sitemap,https://www.ccf.org.ph/4ws-real-faith-walks-in-gods-wisdom/,https://www.ccf.org.ph/4ws-real-faith-walks-in-gods-wisdom/,https://www.ccf.org.ph/4ws-real-faith-walks-in-gods-wisdom/,39822,2026-02-23T07:03:00+00:00,4Ws - REAL FAITH WALKS IN GOD’S WISDOM - Christ's Commission Fellowship,8321,0,11,0,0,1,0,,
200,page,page-sitemap,https://www.ccf.org.ph/4ws-real-faith-works-goviral-edition/,https://www.ccf.org.ph/4ws-real-faith-works-goviral-edition/,https://www.ccf.org.ph/4ws-real-faith-works-goviral-edition/,39737,2026-02-09T08:13:13+00:00,4Ws - REAL FAITH WORKS (GoViral Edition) - Christ's Commission Fellowship,4932,0,10,0,0,1,0,,
200,page,page-sitemap,https://www.ccf.org.ph/4ws-real-faith-works/,https://www.ccf.org.ph/4ws-real-faith-works/,https://www.ccf.org.ph/4ws-real-faith-works/,39733,2026-02-09T08:13:10+00:00,4Ws - REAL FAITH WORKS - Christ's Commission Fellowship,10122,0,11,0,0,1,0,,
200,page,page-sitemap,https://www.ccf.org.ph/4ws-real-people-real-impact-daniel-no-compromise-goviral-edition/,https://www.ccf.org.ph/4ws-real-people-real-impact-daniel-no-compromise-goviral-edition/,https://www.ccf.org.ph/4ws-real-people-real-impact-daniel-no-compromise-goviral-edition/,37046,2025-03-17T04:45:19+00:00,"4Ws - REAL PEOPLE, REAL IMPACT – DANIEL: NO COMPROMISE! (GoViral Edition) - Christ's Commission Fellowship",4809,0,10,0,0,1,0,,
200,page,page-sitemap,https://www.ccf.org.ph/4ws-real-people-real-impact-daniel-no-compromise/,https://www.ccf.org.ph/4ws-real-people-real-impact-daniel-no-compromise/,https://www.ccf.org.ph/4ws-real-people-real-impact-daniel-no-compromise/,37047,2025-03-25T07:01:01+00:00,"4Ws - REAL PEOPLE, REAL IMPACT – DANIEL: NO COMPROMISE! - Christ's Commission Fellowship",10053,0,11,0,0,1,0,,
200,page,page-sitemap,https://www.ccf.org.ph/4ws-real-people-real-impact-esther-how-to-multiply-gods-favor-goviral-edition/,https://www.ccf.org.ph/4ws-real-people-real-impact-esther-how-to-multiply-gods-favor-goviral-edition/,https://www.ccf.org.ph/4ws-real-people-real-impact-esther-how-to-multiply-gods-favor-goviral-edition/,37226,2025-04-07T06:05:51+00:00,"4Ws - REAL PEOPLE, REAL IMPACT – ESTHER: HOW TO MULTIPLY GOD’S FAVOR (GoViral Edition) - Christ's Commission Fellowship",5471,0,10,0,0,1,0,,
200,page,page-sitemap,https://www.ccf.org.ph/4ws-real-people-real-impact-esther-how-to-multiply-gods-favor/,https://www.ccf.org.ph/4ws-real-people-real-impact-esther-how-to-multiply-gods-favor/,https://www.ccf.org.ph/4ws-real-people-real-impact-esther-how-to-multiply-gods-favor/,37223,2025-04-07T06:21:28+00:00,"4Ws - REAL PEOPLE, REAL IMPACT – ESTHER: HOW TO MULTIPLY GOD’S FAVOR - Christ's Commission Fellowship",10365,0,11,0,0,1,0,,
200,page,page-sitemap,https://www.ccf.org.ph/4ws-real-people-real-impact-jesus-let-his-life-transform-yours-goviral-edition/,https://www.ccf.org.ph/4ws-real-people-real-impact-jesus-let-his-life-transform-yours-goviral-edition/,https://www.ccf.org.ph/4ws-real-people-real-impact-jesus-let-his-life-transform-yours-goviral-edition/,37326,2025-04-21T04:05:52+00:00,"4Ws - REAL PEOPLE, REAL IMPACT - JESUS: LET HIS LIFE TRANSFORM YOURS (GoViral Edition) - Christ's Commission Fellowship",4126,0,10,0,0,1,0,,
200,page,page-sitemap,https://www.ccf.org.ph/4ws-real-people-real-impact-jesus-let-his-life-transform-yours/,https://www.ccf.org.ph/4ws-real-people-real-impact-jesus-let-his-life-transform-yours/,https://www.ccf.org.ph/4ws-real-people-real-impact-jesus-let-his-life-transform-yours/,37325,2025-04-21T04:10:18+00:00,"4Ws - REAL PEOPLE, REAL IMPACT - JESUS: LET HIS LIFE TRANSFORM YOURS - Christ's Commission Fellowship",9067,0,11,0,0,1,0,,
200,page,page-sitemap,https://www.ccf.org.ph/4ws-real-people-real-impact-samson-practice-self-control-goviral-edition/,https://www.ccf.org.ph/4ws-real-people-real-impact-samson-practice-self-control-goviral-edition/,https://www.ccf.org.ph/4ws-real-people-real-impact-samson-practice-self-control-goviral-edition/,37265,2025-04-14T05:19:57+00:00,"4Ws - REAL PEOPLE, REAL IMPACT – SAMSON: PRACTICE SELF-CONTROL (GoViral Edition) - Christ's Commission Fellowship",3918,0,10,0,0,1,0,,
200,page,page-sitemap,https://www.ccf.org.ph/4ws-real-people-real-impact-samson-practice-self-control/,https://www.ccf.org.ph/4ws-real-people-real-impact-samson-practice-self-control/,https://www.ccf.org.ph/4ws-real-people-real-impact-samson-practice-self-control/,37264,2025-04-14T05:22:33+00:00,"4Ws - REAL PEOPLE, REAL IMPACT – SAMSON: PRACTICE SELF-CONTROL - Christ's Commission Fellowship",9108,0,11,0,0,1,0,,
200,page,page-sitemap,https://www.ccf.org.ph/4ws-real-people-real-impact-zacchaeus-breakthrough-goviral-edition/,https://www.ccf.org.ph/4ws-real-people-real-impact-zacchaeus-breakthrough-goviral-edition/,https://www.ccf.org.ph/4ws-real-people-real-impact-zacchaeus-breakthrough-goviral-edition/,37139,2025-03-24T05:57:41+00:00,"4Ws - REAL PEOPLE, REAL IMPACT – ZACCHAEUS: BREAKTHROUGH (GoViral Edition) - Christ's Commission Fellowship",3943,0,10,0,0,1,0,,
200,page,page-sitemap,https://www.ccf.org.ph/4ws-real-people-real-impact-zacchaeus-breakthrough/,https://www.ccf.org.ph/4ws-real-people-real-impact-zacchaeus-breakthrough/,https://www.ccf.org.ph/4ws-real-people-real-impact-zacchaeus-breakthrough/,37138,2025-03-24T06:02:54+00:00,"4Ws - REAL PEOPLE, REAL IMPACT – ZACCHAEUS: BREAKTHROUGH - Christ's Commission Fellowship",9159,0,11,0,0,1,0,,
200,page,page-sitemap,https://www.ccf.org.ph/4ws-rejoice-our-future-is-glorious-goviral-edition/,https://www.ccf.org.ph/4ws-rejoice-our-future-is-glorious-goviral-edition/,https://www.ccf.org.ph/4ws-rejoice-our-future-is-glorious-goviral-edition/,36223,2024-12-16T06:41:20+00:00,4ws - Rejoice! Our Future Is Glorious (GoViral Edition) - Christ's Commission Fellowship,4942,0,10,0,0,1,1,,
200,page,page-sitemap,https://www.ccf.org.ph/4ws-rejoice-our-future-is-glorious/,https://www.ccf.org.ph/4ws-rejoice-our-future-is-glorious/,https://www.ccf.org.ph/4ws-rejoice-our-future-is-glorious/,36224,2024-12-16T06:46:13+00:00,4ws - Rejoice! Our Future Is Glorious - Christ's Commission Fellowship,9786,0,11,0,0,1,1,,
200,page,page-sitemap,https://www.ccf.org.ph/4ws-rescue-and-response-goviral-edition/,https://www.ccf.org.ph/4ws-rescue-and-response-goviral-edition/,https://www.ccf.org.ph/4ws-rescue-and-response-goviral-edition/,33158,2024-04-08T07:42:41+00:00,4ws – Rescue and Response (GoViral Edition) - Christ's Commission Fellowship,4653,0,11,0,0,1,0,,
200,page,page-sitemap,https://www.ccf.org.ph/4ws-rescue-and-response/,https://www.ccf.org.ph/4ws-rescue-and-response/,https://www.ccf.org.ph/4ws-rescue-and-response/,33157,2024-04-08T07:34:14+00:00,4ws – Rescue and Response - Christ's Commission Fellowship,9469,0,12,0,0,1,0,,
200,page,page-sitemap,https://www.ccf.org.ph/4ws-s-e-e-family-as-jesus-does-goviral-edition/,https://www.ccf.org.ph/4ws-s-e-e-family-as-jesus-does-goviral-edition/,https://www.ccf.org.ph/4ws-s-e-e-family-as-jesus-does-goviral-edition/,35234,2024-10-01T07:21:08+00:00,4ws - S.E.E. Family as Jesus Does (GoViral Edition) - Christ's Commission Fellowship,2732,0,11,0,0,1,0,,
200,page,page-sitemap,https://www.ccf.org.ph/4ws-s-e-e-family-as-jesus-does/,https://www.ccf.org.ph/4ws-s-e-e-family-as-jesus-does/,https://www.ccf.org.ph/4ws-s-e-e-family-as-jesus-does/,35233,2024-10-01T07:15:22+00:00,4ws - S.E.E. Family as Jesus Does - Christ's Commission Fellowship,6687,0,12,0,0,1,0,,
200,page,page-sitemap,https://www.ccf.org.ph/4ws-saving-faith-thats-passed-on-goviral-edition/,https://www.ccf.org.ph/4ws-saving-faith-thats-passed-on-goviral-edition/,https://www.ccf.org.ph/4ws-saving-faith-thats-passed-on-goviral-edition/,38639,2025-09-27T03:13:56+00:00,4Ws - SAVING FAITH THAT’S PASSED ON (GoViral Edition) - Christ's Commission Fellowship,3998,0,10,0,0,1,0,,
200,page,page-sitemap,https://www.ccf.org.ph/4ws-saving-faith-thats-passed-on/,https://www.ccf.org.ph/4ws-saving-faith-thats-passed-on/,https://www.ccf.org.ph/4ws-saving-faith-thats-passed-on/,38638,2025-09-27T03:13:29+00:00,4Ws - SAVING FAITH THAT’S PASSED ON - Christ's Commission Fellowship,8669,0,11,0,0,1,0,,
200,page,page-sitemap,https://www.ccf.org.ph/4ws-seek-god-today-goviral-edition/,https://www.ccf.org.ph/4ws-seek-god-today-goviral-edition/,https://www.ccf.org.ph/4ws-seek-god-today-goviral-edition/,35617,2024-10-21T14:02:59+00:00,4ws - SEEK GOD TODAY! (GoViral Edition) - Christ's Commission Fellowship,3471,0,11,0,0,2,0,,
200,page,page-sitemap,https://www.ccf.org.ph/4ws-seek-god-today-tagalog-version/,https://www.ccf.org.ph/4ws-seek-god-today-tagalog-version/,https://www.ccf.org.ph/4ws-seek-god-today-tagalog-version/,35895,2024-11-22T12:04:48+00:00,4ws - Seek God Today! (Tagalog Version) - Christ's Commission Fellowship,10233,0,11,0,0,1,0,,
200,page,page-sitemap,https://www.ccf.org.ph/4ws-seek-god-today/,https://www.ccf.org.ph/4ws-seek-god-today/,https://www.ccf.org.ph/4ws-seek-god-today/,35596,2024-10-21T06:46:38+00:00,4ws - SEEK GOD TODAY! - Christ's Commission Fellowship,8328,0,12,0,0,2,0,,
200,page,page-sitemap,https://www.ccf.org.ph/4ws-spirit-comes-church-goes-goviral-edition/,https://www.ccf.org.ph/4ws-spirit-comes-church-goes-goviral-edition/,https://www.ccf.org.ph/4ws-spirit-comes-church-goes-goviral-edition/,40119,2026-04-13T06:10:01+00:00,"4Ws - Spirit Comes, Church Goes (GoViral Edition) - Christ's Commission Fellowship",5241,0,10,0,0,1,0,,
200,page,page-sitemap,https://www.ccf.org.ph/4ws-spirit-comes-church-goes/,https://www.ccf.org.ph/4ws-spirit-comes-church-goes/,https://www.ccf.org.ph/4ws-spirit-comes-church-goes/,40118,2026-04-13T06:09:48+00:00,"4Ws - Spirit Comes, Church Goes - Christ's Commission Fellowship",9155,0,11,0,0,1,0,,
200,page,page-sitemap,https://www.ccf.org.ph/4ws-stop-looking-listen-god-is-enough-goviral-edition/,https://www.ccf.org.ph/4ws-stop-looking-listen-god-is-enough-goviral-edition/,https://www.ccf.org.ph/4ws-stop-looking-listen-god-is-enough-goviral-edition/,40828,2026-06-08T04:25:14+00:00,4Ws - STOP LOOKING. LISTEN: God is Enough (GoViral Edition) - Christ's Commission Fellowship,4112,0,10,0,0,1,0,,
200,page,page-sitemap,https://www.ccf.org.ph/4ws-stop-looking-listen-god-is-enough/,https://www.ccf.org.ph/4ws-stop-looking-listen-god-is-enough/,https://www.ccf.org.ph/4ws-stop-looking-listen-god-is-enough/,40827,2026-06-11T03:13:10+00:00,4Ws - STOP LOOKING. LISTEN: God is Enough - Christ's Commission Fellowship,8819,0,11,0,0,1,0,,
200,page,page-sitemap,https://www.ccf.org.ph/4ws-surrender-your-needs-through-prayer-goviral-edition/,https://www.ccf.org.ph/4ws-surrender-your-needs-through-prayer-goviral-edition/,https://www.ccf.org.ph/4ws-surrender-your-needs-through-prayer-goviral-edition/,31508,2024-02-05T10:20:22+00:00,4ws – Surrender Your Needs Through Prayer (GoViral Edition) - Christ's Commission Fellowship,3055,0,11,0,0,1,0,,
200,page,page-sitemap,https://www.ccf.org.ph/4ws-surrender-your-needs-through-prayer/,https://www.ccf.org.ph/4ws-surrender-your-needs-through-prayer/,https://www.ccf.org.ph/4ws-surrender-your-needs-through-prayer/,31507,2024-01-15T09:59:14+00:00,4ws – Surrender Your Needs Through Prayer - Christ's Commission Fellowship,8156,0,12,0,0,1,0,,
200,page,page-sitemap,https://www.ccf.org.ph/4ws-the-family-that-flourishes-goviral-edition/,https://www.ccf.org.ph/4ws-the-family-that-flourishes-goviral-edition/,https://www.ccf.org.ph/4ws-the-family-that-flourishes-goviral-edition/,35189,2024-10-01T07:20:49+00:00,4ws - The Family That Flourishes (GoViral Edition) - Christ's Commission Fellowship,3118,0,11,0,0,1,0,,
200,page,page-sitemap,https://www.ccf.org.ph/4ws-the-family-that-flourishes/,https://www.ccf.org.ph/4ws-the-family-that-flourishes/,https://www.ccf.org.ph/4ws-the-family-that-flourishes/,35196,2024-10-01T07:20:33+00:00,4ws - The Family That Flourishes - Christ's Commission Fellowship,8259,0,12,0,0,1,0,,
200,page,page-sitemap,https://www.ccf.org.ph/4ws-the-gospel-sets-us-free-goviral-edition/,https://www.ccf.org.ph/4ws-the-gospel-sets-us-free-goviral-edition/,https://www.ccf.org.ph/4ws-the-gospel-sets-us-free-goviral-edition/,39142,2025-12-01T07:48:21+00:00,4Ws - THE GOSPEL SETS US FREE (GoViral Edition) - Christ's Commission Fellowship,4546,0,10,0,0,1,0,,
200,page,page-sitemap,https://www.ccf.org.ph/4ws-the-gospel-sets-us-free/,https://www.ccf.org.ph/4ws-the-gospel-sets-us-free/,https://www.ccf.org.ph/4ws-the-gospel-sets-us-free/,39141,2025-12-01T07:45:21+00:00,4Ws - THE GOSPEL SETS US FREE - Christ's Commission Fellowship,9586,0,11,0,0,1,0,,
200,page,page-sitemap,https://www.ccf.org.ph/4ws-the-law-leads-us-to-christ-goviral-edition/,https://www.ccf.org.ph/4ws-the-law-leads-us-to-christ-goviral-edition/,https://www.ccf.org.ph/4ws-the-law-leads-us-to-christ-goviral-edition/,39109,2025-11-24T05:43:14+00:00,4Ws - THE LAW LEADS US TO CHRIST (GoViral Edition) - Christ's Commission Fellowship,4912,0,10,0,0,1,0,,
200,page,page-sitemap,https://www.ccf.org.ph/4ws-the-law-leads-us-to-christ/,https://www.ccf.org.ph/4ws-the-law-leads-us-to-christ/,https://www.ccf.org.ph/4ws-the-law-leads-us-to-christ/,39108,2025-11-24T05:43:05+00:00,4Ws - THE LAW LEADS US TO CHRIST - Christ's Commission Fellowship,8728,0,11,0,0,1,0,,
200,page,page-sitemap,https://www.ccf.org.ph/4ws-the-love-driven-life-goviral-edition/,https://www.ccf.org.ph/4ws-the-love-driven-life-goviral-edition/,https://www.ccf.org.ph/4ws-the-love-driven-life-goviral-edition/,29932,2024-02-05T10:11:41+00:00,4ws – The Love-Driven Life (GoViral Edition) - Christ's Commission Fellowship,4154,0,11,0,0,1,0,,
200,page,page-sitemap,https://www.ccf.org.ph/4ws-the-love-driven-life/,https://www.ccf.org.ph/4ws-the-love-driven-life/,https://www.ccf.org.ph/4ws-the-love-driven-life/,29931,2023-12-21T06:14:54+00:00,4ws – The Love-Driven Life - Christ's Commission Fellowship,8158,0,12,0,0,1,0,,
200,page,page-sitemap,https://www.ccf.org.ph/4ws-the-ordinary-person-god-uses-goviral-edition/,https://www.ccf.org.ph/4ws-the-ordinary-person-god-uses-goviral-edition/,https://www.ccf.org.ph/4ws-the-ordinary-person-god-uses-goviral-edition/,41390,2026-08-03T04:15:21+00:00,4Ws - The Ordinary Person God Uses (GoViral Edition) - Christ's Commission Fellowship,4508,0,10,0,0,1,0,,
200,page,page-sitemap,https://www.ccf.org.ph/4ws-the-ordinary-person-god-uses/,https://www.ccf.org.ph/4ws-the-ordinary-person-god-uses/,https://www.ccf.org.ph/4ws-the-ordinary-person-god-uses/,41389,2026-08-03T04:15:17+00:00,4Ws - The Ordinary Person God Uses - Christ's Commission Fellowship,9198,0,11,0,0,1,0,,
200,page,page-sitemap,https://www.ccf.org.ph/4ws-the-resurrection-love-brings-hope-goviral-edition/,https://www.ccf.org.ph/4ws-the-resurrection-love-brings-hope-goviral-edition/,https://www.ccf.org.ph/4ws-the-resurrection-love-brings-hope-goviral-edition/,33093,2024-04-01T09:18:27+00:00,4ws – The Resurrection: Love Brings Hope (GoViral Edition) - Christ's Commission Fellowship,4155,0,11,0,0,1,0,,
200,page,page-sitemap,https://www.ccf.org.ph/4ws-the-resurrection-love-brings-hope/,https://www.ccf.org.ph/4ws-the-resurrection-love-brings-hope/,https://www.ccf.org.ph/4ws-the-resurrection-love-brings-hope/,33092,2024-04-01T09:19:50+00:00,4ws – The Resurrection: Love Brings Hope - Christ's Commission Fellowship,9194,0,12,0,0,1,0,,
200,page,page-sitemap,https://www.ccf.org.ph/4ws-the-significance-of-the-resurrection-goviral-edition/,https://www.ccf.org.ph/4ws-the-significance-of-the-resurrection-goviral-edition/,https://www.ccf.org.ph/4ws-the-significance-of-the-resurrection-goviral-edition/,40062,2026-04-06T06:26:42+00:00,4Ws - The Significance of the Resurrection (GoViral Edition) - Christ's Commission Fellowship,5274,0,10,0,0,1,0,,
200,page,page-sitemap,https://www.ccf.org.ph/4ws-the-significance-of-the-resurrection/,https://www.ccf.org.ph/4ws-the-significance-of-the-resurrection/,https://www.ccf.org.ph/4ws-the-significance-of-the-resurrection/,40061,2026-04-06T06:42:58+00:00,4Ws - The Significance of the Resurrection - Christ's Commission Fellowship,10212,0,12,0,0,2,0,,
200,page,page-sitemap,https://www.ccf.org.ph/4ws-the-unfathomable-love-of-god-goviral-edition/,https://www.ccf.org.ph/4ws-the-unfathomable-love-of-god-goviral-edition/,https://www.ccf.org.ph/4ws-the-unfathomable-love-of-god-goviral-edition/,33222,2024-04-15T09:17:38+00:00,4ws – The Unfathomable Love of God (GoViral Edition) - Christ's Commission Fellowship,2668,0,11,0,0,1,0,,
200,page,page-sitemap,https://www.ccf.org.ph/4ws-the-unfathomable-love-of-god/,https://www.ccf.org.ph/4ws-the-unfathomable-love-of-god/,https://www.ccf.org.ph/4ws-the-unfathomable-love-of-god/,33221,2024-04-15T09:07:49+00:00,4ws – The Unfathomable Love of God - Christ's Commission Fellowship,7796,0,12,0,0,1,0,,
200,page,page-sitemap,https://www.ccf.org.ph/4ws-the-whys-of-gods-blessing-goviral-edition/,https://www.ccf.org.ph/4ws-the-whys-of-gods-blessing-goviral-edition/,https://www.ccf.org.ph/4ws-the-whys-of-gods-blessing-goviral-edition/,34575,2024-07-22T07:08:05+00:00,4ws - The why's of God’s Blessing (GoViral Edition) - Christ's Commission Fellowship,3263,0,11,0,0,1,0,,
200,page,page-sitemap,https://www.ccf.org.ph/4ws-the-whys-of-gods-blessing/,https://www.ccf.org.ph/4ws-the-whys-of-gods-blessing/,https://www.ccf.org.ph/4ws-the-whys-of-gods-blessing/,34573,2024-07-22T06:53:32+00:00,4ws - The why's of God’s Blessing - Christ's Commission Fellowship,8504,0,12,0,0,1,0,,
200,page,page-sitemap,https://www.ccf.org.ph/4ws-together-lets-abound-in-gods-work-goviral-edition/,https://www.ccf.org.ph/4ws-together-lets-abound-in-gods-work-goviral-edition/,https://www.ccf.org.ph/4ws-together-lets-abound-in-gods-work-goviral-edition/,29925,2024-02-05T10:05:01+00:00,"4ws - Together, Let's Abound in God's Work (GoViral Edition) - Christ's Commission Fellowship",4359,0,11,0,0,1,0,,
200,page,page-sitemap,https://www.ccf.org.ph/4ws-together-lets-abound-in-gods-work/,https://www.ccf.org.ph/4ws-together-lets-abound-in-gods-work/,https://www.ccf.org.ph/4ws-together-lets-abound-in-gods-work/,29924,2023-12-21T06:11:14+00:00,"4ws - Together, Let's Abound in God's Work - Christ's Commission Fellowship",9507,0,12,0,0,1,0,,
200,page,page-sitemap,https://www.ccf.org.ph/4ws-true-prayer-drives-out-fear-goviral-edition/,https://www.ccf.org.ph/4ws-true-prayer-drives-out-fear-goviral-edition/,https://www.ccf.org.ph/4ws-true-prayer-drives-out-fear-goviral-edition/,37894,2025-06-30T05:46:41+00:00,4Ws - True Prayer Drives Out Fear (GoViral Edition) - Christ's Commission Fellowship,3731,0,10,0,0,1,0,,
200,page,page-sitemap,https://www.ccf.org.ph/4ws-true-prayer-drives-out-fear/,https://www.ccf.org.ph/4ws-true-prayer-drives-out-fear/,https://www.ccf.org.ph/4ws-true-prayer-drives-out-fear/,37893,2025-06-30T05:46:23+00:00,4Ws - True Prayer Drives Out Fear - Christ's Commission Fellowship,8496,0,11,0,0,1,0,,
200,page,page-sitemap,https://www.ccf.org.ph/4ws-true-worship-get-real-goviral-edition/,https://www.ccf.org.ph/4ws-true-worship-get-real-goviral-edition/,https://www.ccf.org.ph/4ws-true-worship-get-real-goviral-edition/,37387,2025-04-28T07:16:49+00:00,4Ws - TRUE WORSHIP: GET R.E.A.L! (GoViral Edition) - Christ's Commission Fellowship,3542,0,10,0,0,1,0,,
200,page,page-sitemap,https://www.ccf.org.ph/4ws-true-worship-get-real/,https://www.ccf.org.ph/4ws-true-worship-get-real/,https://www.ccf.org.ph/4ws-true-worship-get-real/,37386,2025-04-28T07:19:56+00:00,4Ws - TRUE WORSHIP: GET R.E.A.L! - Christ's Commission Fellowship,8395,0,11,0,0,1,0,,
200,page,page-sitemap,https://www.ccf.org.ph/4ws-truth-live-it-pass-it-goviral-edition/,https://www.ccf.org.ph/4ws-truth-live-it-pass-it-goviral-edition/,https://www.ccf.org.ph/4ws-truth-live-it-pass-it-goviral-edition/,35429,2024-10-14T06:07:06+00:00,"4Ws - TRUTH: LIVE IT, PASS IT (GoViral Edition) - Christ's Commission Fellowship",3379,0,11,0,0,2,0,,
200,page,page-sitemap,https://www.ccf.org.ph/4ws-truth-live-it-pass-it-tagalog-version/,https://www.ccf.org.ph/4ws-truth-live-it-pass-it-tagalog-version/,https://www.ccf.org.ph/4ws-truth-live-it-pass-it-tagalog-version/,35909,2024-11-22T12:26:01+00:00,"4ws - TRUTH: LIVE IT, PASS IT (Tagalog Version) - Christ's Commission Fellowship",10633,0,11,0,0,1,0,,
200,page,page-sitemap,https://www.ccf.org.ph/4ws-truth-live-it-pass-it/,https://www.ccf.org.ph/4ws-truth-live-it-pass-it/,https://www.ccf.org.ph/4ws-truth-live-it-pass-it/,35430,2024-10-14T06:08:45+00:00,"4Ws - TRUTH: LIVE IT, PASS IT - Christ's Commission Fellowship",8169,0,12,0,0,2,0,,
200,page,page-sitemap,https://www.ccf.org.ph/4ws-turn-your-fear-into-faith-goviral-edition/,https://www.ccf.org.ph/4ws-turn-your-fear-into-faith-goviral-edition/,https://www.ccf.org.ph/4ws-turn-your-fear-into-faith-goviral-edition/,38889,2025-10-28T11:23:44+00:00,4Ws - TURN YOUR FEAR INTO FAITH (GoViral Edition) - Christ's Commission Fellowship,5351,0,10,0,0,1,0,,
200,page,page-sitemap,https://www.ccf.org.ph/4ws-turn-your-fear-into-faith/,https://www.ccf.org.ph/4ws-turn-your-fear-into-faith/,https://www.ccf.org.ph/4ws-turn-your-fear-into-faith/,38888,2025-10-28T11:23:01+00:00,4Ws - TURN YOUR FEAR INTO FAITH - Christ's Commission Fellowship,10208,0,11,0,0,1,0,,
200,page,page-sitemap,https://www.ccf.org.ph/4ws-understanding-the-loaves-and-fish-goviral-edition/,https://www.ccf.org.ph/4ws-understanding-the-loaves-and-fish-goviral-edition/,https://www.ccf.org.ph/4ws-understanding-the-loaves-and-fish-goviral-edition/,36659,2025-01-27T05:12:09+00:00,4ws - Understanding the loaves and fish (GoViral Edition) - Christ's Commission Fellowship,4026,0,10,0,0,1,0,,
200,page,page-sitemap,https://www.ccf.org.ph/4ws-understanding-the-loaves-and-fish/,https://www.ccf.org.ph/4ws-understanding-the-loaves-and-fish/,https://www.ccf.org.ph/4ws-understanding-the-loaves-and-fish/,36658,2025-01-27T05:17:11+00:00,4ws - Understanding the loaves and fish - Christ's Commission Fellowship,8858,0,11,0,0,1,0,,
200,page,page-sitemap,https://www.ccf.org.ph/4ws-unleash-gods-power-pray-goviral-edition/,https://www.ccf.org.ph/4ws-unleash-gods-power-pray-goviral-edition/,https://www.ccf.org.ph/4ws-unleash-gods-power-pray-goviral-edition/,31357,2024-02-05T10:19:15+00:00,"4ws – Unleash God's Power, Pray! (GoViral Edition) - Christ's Commission Fellowship",3164,0,11,0,0,1,0,,
200,page,page-sitemap,https://www.ccf.org.ph/4ws-unleash-gods-power-pray/,https://www.ccf.org.ph/4ws-unleash-gods-power-pray/,https://www.ccf.org.ph/4ws-unleash-gods-power-pray/,31356,2024-01-08T10:47:56+00:00,"4ws – Unleash God's Power, Pray! - Christ's Commission Fellowship",8235,0,12,0,0,1,0,,
200,page,page-sitemap,https://www.ccf.org.ph/4ws-volunteer-serve-god-joyfully-goviral-edition/,https://www.ccf.org.ph/4ws-volunteer-serve-god-joyfully-goviral-edition/,https://www.ccf.org.ph/4ws-volunteer-serve-god-joyfully-goviral-edition/,34811,2024-08-12T11:34:12+00:00,"4ws - Volunteer, Serve God Joyfully! (GoViral Edition) - Christ's Commission Fellowship",3227,0,11,0,0,1,0,,
200,page,page-sitemap,https://www.ccf.org.ph/4ws-volunteer-serve-god-joyfully/,https://www.ccf.org.ph/4ws-volunteer-serve-god-joyfully/,https://www.ccf.org.ph/4ws-volunteer-serve-god-joyfully/,34802,2024-08-12T10:39:42+00:00,"4ws - Volunteer, Serve God Joyfully! - Christ's Commission Fellowship",8256,0,12,0,0,2,0,,
200,page,page-sitemap,https://www.ccf.org.ph/4ws-when-life-doesnt-make-sense-worship-god-goviral-edition/,https://www.ccf.org.ph/4ws-when-life-doesnt-make-sense-worship-god-goviral-edition/,https://www.ccf.org.ph/4ws-when-life-doesnt-make-sense-worship-god-goviral-edition/,37458,2025-05-08T08:50:21+00:00,"4Ws - WHEN LIFE DOESN’T MAKE SENSE, WORSHIP GOD! (GoViral Edition) - Christ's Commission Fellowship",3425,0,10,0,0,1,0,,
200,page,page-sitemap,https://www.ccf.org.ph/4ws-when-life-doesnt-make-sense-worship-god/,https://www.ccf.org.ph/4ws-when-life-doesnt-make-sense-worship-god/,https://www.ccf.org.ph/4ws-when-life-doesnt-make-sense-worship-god/,37457,2025-05-07T09:52:15+00:00,"4Ws - WHEN LIFE DOESN’T MAKE SENSE, WORSHIP GOD! - Christ's Commission Fellowship",8410,0,11,0,0,1,0,,
200,page,page-sitemap,https://www.ccf.org.ph/4ws-work-out-your-salvation-a-journey-of-love-and-joy-goviral-edition/,https://www.ccf.org.ph/4ws-work-out-your-salvation-a-journey-of-love-and-joy-goviral-edition/,https://www.ccf.org.ph/4ws-work-out-your-salvation-a-journey-of-love-and-joy-goviral-edition/,36844,2025-02-17T08:30:17+00:00,4Ws - WORK OUT YOUR SALVATION: A JOURNEY OF LOVE AND JOY! (GoViral Edition) - Christ's Commission Fellowship,4118,0,10,0,0,1,0,,
200,page,page-sitemap,https://www.ccf.org.ph/4ws-work-out-your-salvation-a-journey-of-love-and-joy/,https://www.ccf.org.ph/4ws-work-out-your-salvation-a-journey-of-love-and-joy/,https://www.ccf.org.ph/4ws-work-out-your-salvation-a-journey-of-love-and-joy/,36845,2025-02-21T07:32:44+00:00,4Ws - WORK OUT YOUR SALVATION: A JOURNEY OF LOVE AND JOY! - Christ's Commission Fellowship,9012,0,11,0,0,1,0,,
200,page,page-sitemap,https://www.ccf.org.ph/4ws-worship-god-wholeheartedly-goviral-edition/,https://www.ccf.org.ph/4ws-worship-god-wholeheartedly-goviral-edition/,https://www.ccf.org.ph/4ws-worship-god-wholeheartedly-goviral-edition/,40924,2026-06-22T03:56:50+00:00,4Ws - WORSHIP GOD WHOLEHEARTEDLY (GoViral Edition) - Christ's Commission Fellowship,3926,0,10,0,0,1,0,,
200,page,page-sitemap,https://www.ccf.org.ph/4ws-worship-god-wholeheartedly/,https://www.ccf.org.ph/4ws-worship-god-wholeheartedly/,https://www.ccf.org.ph/4ws-worship-god-wholeheartedly/,40923,2026-06-22T03:54:56+00:00,4Ws - WORSHIP GOD WHOLEHEARTEDLY - Christ's Commission Fellowship,8539,0,11,0,0,1,0,,
200,page,page-sitemap,https://www.ccf.org.ph/4ws-worship-god-with-a-heart-that-is-in-awe-goviral-edition/,https://www.ccf.org.ph/4ws-worship-god-with-a-heart-that-is-in-awe-goviral-edition/,https://www.ccf.org.ph/4ws-worship-god-with-a-heart-that-is-in-awe-goviral-edition/,40877,2026-06-15T03:07:01+00:00,4Ws - WORSHIP GOD WITH A HEART THAT IS IN AWE (GoViral Edition) - Christ's Commission Fellowship,4800,0,10,0,0,1,0,,
200,page,page-sitemap,https://www.ccf.org.ph/4ws-worship-god-with-a-heart-that-is-in-awe/,https://www.ccf.org.ph/4ws-worship-god-with-a-heart-that-is-in-awe/,https://www.ccf.org.ph/4ws-worship-god-with-a-heart-that-is-in-awe/,40876,2026-06-15T03:06:57+00:00,4Ws - WORSHIP GOD WITH A HEART THAT IS IN AWE - Christ's Commission Fellowship,8612,0,11,0,0,1,0,,
200,page,page-sitemap,https://www.ccf.org.ph/4ws-worship-god-with-your-whole-being-goviral-edition/,https://www.ccf.org.ph/4ws-worship-god-with-your-whole-being-goviral-edition/,https://www.ccf.org.ph/4ws-worship-god-with-your-whole-being-goviral-edition/,41142,2026-06-29T04:13:54+00:00,4Ws - WORSHIP GOD WITH YOUR WHOLE BEING (GoViral Edition) - Christ's Commission Fellowship,4998,0,10,0,0,1,0,,
200,page,page-sitemap,https://www.ccf.org.ph/4ws-worship-god-with-your-whole-being/,https://www.ccf.org.ph/4ws-worship-god-with-your-whole-being/,https://www.ccf.org.ph/4ws-worship-god-with-your-whole-being/,41141,2026-06-29T04:13:48+00:00,4Ws - WORSHIP GOD WITH YOUR WHOLE BEING - Christ's Commission Fellowship,9888,0,11,0,0,1,0,,
200,page,page-sitemap,https://www.ccf.org.ph/4ws-worship-sets-you-free-goviral-edition/,https://www.ccf.org.ph/4ws-worship-sets-you-free-goviral-edition/,https://www.ccf.org.ph/4ws-worship-sets-you-free-goviral-edition/,33401,2024-05-06T08:10:26+00:00,4ws – Worship Sets You Free! (GoViral Edition) - Christ's Commission Fellowship,3380,0,11,0,0,1,0,,
200,page,page-sitemap,https://www.ccf.org.ph/4ws-worship-sets-you-free/,https://www.ccf.org.ph/4ws-worship-sets-you-free/,https://www.ccf.org.ph/4ws-worship-sets-you-free/,33397,2024-05-06T08:08:51+00:00,4ws – Worship Sets You Free! - Christ's Commission Fellowship,7798,0,12,0,0,1,0,,
200,page,page-sitemap,https://www.ccf.org.ph/4ws-worship-the-true-god-goviral-edition/,https://www.ccf.org.ph/4ws-worship-the-true-god-goviral-edition/,https://www.ccf.org.ph/4ws-worship-the-true-god-goviral-edition/,40193,2026-04-20T04:43:49+00:00,4Ws - Worship The True God (GoViral Edition) - Christ's Commission Fellowship,3973,0,10,0,0,1,0,,
200,page,page-sitemap,https://www.ccf.org.ph/4ws-worship-the-true-god-honor-his-name-honor-his-sabbath-day-goviral-edition/,https://www.ccf.org.ph/4ws-worship-the-true-god-honor-his-name-honor-his-sabbath-day-goviral-edition/,https://www.ccf.org.ph/4ws-worship-the-true-god-honor-his-name-honor-his-sabbath-day-goviral-edition/,40272,2026-04-27T04:01:43+00:00,4Ws - Worship The True God: Honor His Name; Honor His Sabbath Day (GoViral Edition) - Christ's Commission Fellowship,4420,0,10,0,0,1,0,,
200,page,page-sitemap,https://www.ccf.org.ph/4ws-worship-the-true-god-honor-his-name-honor-his-sabbath-day/,https://www.ccf.org.ph/4ws-worship-the-true-god-honor-his-name-honor-his-sabbath-day/,https://www.ccf.org.ph/4ws-worship-the-true-god-honor-his-name-honor-his-sabbath-day/,40271,2026-04-27T04:01:39+00:00,4Ws - Worship The True God: Honor His Name; Honor His Sabbath Day - Christ's Commission Fellowship,8826,0,11,0,0,1,0,,
200,page,page-sitemap,https://www.ccf.org.ph/4ws-worship-the-true-god/,https://www.ccf.org.ph/4ws-worship-the-true-god/,https://www.ccf.org.ph/4ws-worship-the-true-god/,40192,2026-04-20T05:14:47+00:00,4Ws - Worship The True God - Christ's Commission Fellowship,8741,0,11,0,0,1,0,,
200,page,page-sitemap,https://www.ccf.org.ph/4ws/,https://www.ccf.org.ph/4ws/,https://www.ccf.org.ph/4ws/,8795,2026-08-31T05:09:20+00:00,4Ws Small Groups Guide - Christ's Commission Fellowship,49383,101,93,0,0,869,0,,
200,page,page-sitemap,https://www.ccf.org.ph/52-week-scripture/,https://www.ccf.org.ph/52-week-scripture/,https://www.ccf.org.ph/52-week-scripture/,24590,2026-08-29T18:13:39+00:00,52 Week Scripture - Christ's Commission Fellowship,9043,6,1,0,0,191,0,,
200,page,page-sitemap,https://www.ccf.org.ph/accept-jesus/,https://www.ccf.org.ph/accept-jesus/,https://www.ccf.org.ph/accept-jesus/,18326,2021-03-10T07:55:19+00:00,Button Response - Accept Jesus - Christ's Commission Fellowship,77,1,0,0,0,0,0,,
200,page,page-sitemap,https://www.ccf.org.ph/ai/,https://www.ccf.org.ph/ai/,https://www.ccf.org.ph/ai/,40731,2026-05-28T09:07:10+00:00,AI Assistant - Christ's Commission Fellowship,364,2,1,0,0,1,0,,
200,page,page-sitemap,https://www.ccf.org.ph/articles/,https://www.ccf.org.ph/articles/,https://www.ccf.org.ph/articles/,11954,2023-12-15T03:23:08+00:00,Articles - Christ's Commission Fellowship,2401,8,11,0,0,12,0,,
200,page,page-sitemap,https://www.ccf.org.ph/back-end-give-updated/,https://www.ccf.org.ph/back-end-give-updated/,https://www.ccf.org.ph/back-end-give-updated/,21876,2021-03-10T03:25:36+00:00,Give Test Page - Christ's Commission Fellowship,582,1,1,0,0,0,0,,
200,page,page-sitemap,https://www.ccf.org.ph/be-prayed-for/,https://www.ccf.org.ph/be-prayed-for/,https://www.ccf.org.ph/be-prayed-for/,18338,2021-03-10T07:56:09+00:00,Button Response - Be prayed for - Christ's Commission Fellowship,77,1,0,0,0,0,0,,
200,page,page-sitemap,https://www.ccf.org.ph/beyond/,https://www.ccfbeyond.org/,https://www.ccfbeyond.org/,,2024-04-03T06:07:12+00:00,CCF Beyond (Discipling the Nations),1662,8,10,0,0,0,10,,
200,page,page-sitemap,https://www.ccf.org.ph/beyond/connect/,https://www.ccfbeyond.org/,https://www.ccfbeyond.org/,,2023-12-15T03:46:27+00:00,CCF Beyond (Discipling the Nations),1662,8,10,0,0,0,10,,
200,page,page-sitemap,https://www.ccf.org.ph/beyond/give/,https://www.ccf.org.ph/beyond/give/,https://www.ccf.org.ph/beyond/give/,28851,2024-01-06T08:09:20+00:00,Beyond Give - Christ's Commission Fellowship,974,2,4,0,0,2,4,,
200,page,page-sitemap,https://www.ccf.org.ph/beyond/pray/,https://www.ccfbeyond.org/,https://www.ccfbeyond.org/,,2024-01-06T08:05:45+00:00,CCF Beyond (Discipling the Nations),1662,8,10,0,0,0,10,,
200,page,page-sitemap,https://www.ccf.org.ph/beyond/stories-and-articles/,https://www.ccfbeyond.org/,https://www.ccfbeyond.org/,,2023-12-19T01:33:24+00:00,CCF Beyond (Discipling the Nations),1662,8,10,0,0,0,10,,
200,page,page-sitemap,https://www.ccf.org.ph/button-response-first-time-guest/,https://www.ccf.org.ph/button-response-first-time-guest/,https://www.ccf.org.ph/button-response-first-time-guest/,22845,2021-03-10T07:56:47+00:00,Button Response - First Time Guest - Christ's Commission Fellowship,89,1,0,0,0,0,0,,
200,page,page-sitemap,https://www.ccf.org.ph/careers/,https://www.ccf.org.ph/careers/,https://www.ccf.org.ph/careers/,18665,2026-07-31T02:29:32+00:00,Careers - Christ's Commission Fellowship,32728,1,1,0,0,0,0,,
200,page,page-sitemap,https://www.ccf.org.ph/chronicle/,https://www.ccf.org.ph/chronicle/,https://www.ccf.org.ph/chronicle/,16634,2026-08-07T16:19:00+00:00,Chronicle - Christ's Commission Fellowship,17968,78,79,0,0,302,0,,
200,page,page-sitemap,https://www.ccf.org.ph/church-announcement/,https://www.ccf.org.ph/church-announcement/,https://www.ccf.org.ph/church-announcement/,18980,2020-07-18T02:29:35+00:00,Church Announcement - Christ's Commission Fellowship,19,1,2,0,0,0,0,,
200,page,page-sitemap,https://www.ccf.org.ph/communities/,https://www.ccf.org.ph/communities/,https://www.ccf.org.ph/communities/,18550,2025-01-28T05:49:00+00:00,Communities - Christ's Commission Fellowship,3528,10,9,0,0,0,16,,
200,page,page-sitemap,https://www.ccf.org.ph/contact-us/,https://www.ccf.org.ph/contact-us/,https://www.ccf.org.ph/contact-us/,18656,2023-12-19T01:17:01+00:00,Contact Us - Christ's Commission Fellowship,595,5,3,0,0,1,0,,
200,page,page-sitemap,https://www.ccf.org.ph/dgroup-project/,https://www.ccf.org.ph/dgroup-project/,https://www.ccf.org.ph/dgroup-project/,40417,2026-08-26T16:01:18+00:00,Dgroup Project - Christ's Commission Fellowship,2119,7,10,0,0,8,0,,
200,page,page-sitemap,https://www.ccf.org.ph/dgroup/,https://www.ccf.org.ph/dgroup/,https://www.ccf.org.ph/dgroup/,18539,2024-04-05T03:22:37+00:00,Dgroup - Christ's Commission Fellowship,1662,7,2,0,0,0,1,,
200,page,page-sitemap,https://www.ccf.org.ph/discipleship-journey-2023/,https://www.ccf.org.ph/discipleship-journey-2023/,https://www.ccf.org.ph/discipleship-journey-2023/,29097,2024-07-10T09:48:18+00:00,Discipleship Journey - Christ's Commission Fellowship,637,0,58,3,0,5,6,,
200,page,page-sitemap,https://www.ccf.org.ph/discipleship-journey-2024-faqs/,https://www.ccf.org.ph/discipleship-journey-2024-faqs/,https://www.ccf.org.ph/discipleship-journey-2024-faqs/,34321,2024-07-09T10:26:21+00:00,Discipleship Journey 2024-FAQS - Christ's Commission Fellowship,6443,0,1,0,0,3,0,,
200,page,page-sitemap,https://www.ccf.org.ph/discipleship-journey-2024-old/,https://www.ccf.org.ph/discipleship-journey-2024-old/,https://www.ccf.org.ph/discipleship-journey-2024-old/,34128,2025-03-17T05:01:36+00:00,Discipleship Journey 2024 - Christ's Commission Fellowship,0,0,1,0,0,4,8,server_html_empty,
200,page,page-sitemap,https://www.ccf.org.ph/discipleship-journey-faqs-2023/,https://www.ccf.org.ph/discipleship-journey-faqs-2023/,https://www.ccf.org.ph/discipleship-journey-faqs-2023/,29404,2024-07-10T09:48:30+00:00,Discipleship Journey FAQs - Christ's Commission Fellowship,7074,0,3,0,0,3,0,,
200,page,page-sitemap,https://www.ccf.org.ph/discipleship-journey-test-2023/,https://www.ccf.org.ph/discipleship-journey-test-2023/,https://www.ccf.org.ph/discipleship-journey-test-2023/,29434,2024-07-10T09:48:09+00:00,Discipleship Journey Test - Christ's Commission Fellowship,0,0,19,0,0,1,0,server_html_empty,
200,page,page-sitemap,https://www.ccf.org.ph/discipleship-journey-test-2024/,https://www.ccf.org.ph/discipleship-journey-test-2024/,https://www.ccf.org.ph/discipleship-journey-test-2024/,34382,2024-07-09T10:27:11+00:00,Discipleship Journey Test 2024 - Christ's Commission Fellowship,0,0,1,0,0,1,0,server_html_empty,
200,page,page-sitemap,https://www.ccf.org.ph/discipleship-journey/,https://www.ccf.org.ph/discipleship-journey/,https://www.ccf.org.ph/discipleship-journey/,36975,2026-04-22T07:21:25+00:00,Discipleship Journey - Christ's Commission Fellowship,133,0,1,0,0,4,10,,
200,page,page-sitemap,https://www.ccf.org.ph/discussion-questions/,https://www.ccf.org.ph/discussion-questions/,https://www.ccf.org.ph/discussion-questions/,27744,2026-08-03T01:39:32+00:00,Discussion Questions - Christ's Commission Fellowship,11620,47,47,0,0,180,0,,
200,page,page-sitemap,https://www.ccf.org.ph/dj-go-intro/,https://www.ccf.org.ph/dj-go-intro/,https://www.ccf.org.ph/dj-go-intro/,38326,2025-08-20T11:42:31+00:00,DJ GO - Intro - Christ's Commission Fellowship,376,0,1,0,0,1,0,,
200,page,page-sitemap,https://www.ccf.org.ph/djgo-2v/,https://www.ccf.org.ph/djgo-2v/,https://www.ccf.org.ph/djgo-2v/,38351,2025-08-23T05:47:16+00:00,DJGO Edify - Christ's Commission Fellowship,781,0,1,0,0,0,2,,
200,page,page-sitemap,https://www.ccf.org.ph/djgo-4i/,https://www.ccf.org.ph/djgo-4i/,https://www.ccf.org.ph/djgo-4i/,38371,2025-08-23T05:48:08+00:00,DJGO Empower - Christ's Commission Fellowship,1272,0,1,0,0,1,3,,
200,page,page-sitemap,https://www.ccf.org.ph/djgo-g3/,https://www.ccf.org.ph/djgo-g3/,https://www.ccf.org.ph/djgo-g3/,38362,2025-08-23T05:47:27+00:00,DJGO Equip - Christ's Commission Fellowship,1205,0,1,0,0,1,4,,
200,page,page-sitemap,https://www.ccf.org.ph/djgo-u1/,https://www.ccf.org.ph/djgo-u1/,https://www.ccf.org.ph/djgo-u1/,38329,2025-08-23T05:46:53+00:00,DJGO Engage - Christ's Commission Fellowship,1399,0,1,0,0,0,0,,
200,page,page-sitemap,https://www.ccf.org.ph/djgoscan1/,https://www.ccf.org.ph/djgoscan1/,https://www.ccf.org.ph/djgoscan1/,38355,2025-08-22T08:29:43+00:00,djgoscan1 - Christ's Commission Fellowship,0,0,0,0,0,0,0,server_html_empty,
200,page,page-sitemap,https://www.ccf.org.ph/dleaders-corner-login-test/,https://www.ccf.org.ph/dleaders-corner-login-test/,https://www.ccf.org.ph/dleaders-corner-login-test/,23629,2021-03-10T03:20:53+00:00,Dleaders Corner Login test - Christ's Commission Fellowship,1543,4,8,1,0,5,3,,
200,page,page-sitemap,https://www.ccf.org.ph/dleaders-corner/,https://www.ccf.org.ph/dleaders-corner/,https://www.ccf.org.ph/dleaders-corner/,23310,2026-04-29T05:02:36+00:00,Dleaders Corner - Christ's Commission Fellowship,4771,11,80,6,0,13,25,,
200,page,page-sitemap,https://www.ccf.org.ph/dleaders-corner/discipleship-materials/,https://www.ccf.org.ph/dleaders-corner/discipleship-materials/,https://www.ccf.org.ph/dleaders-corner/discipleship-materials/,23367,2021-03-10T13:10:50+00:00,Discipleship Materials - Christ's Commission Fellowship,1664,0,2,0,0,0,21,,
200,page,page-sitemap,https://www.ccf.org.ph/dleaders-corner/faqs/,https://www.ccf.org.ph/dleaders-corner/faqs/,https://www.ccf.org.ph/dleaders-corner/faqs/,23335,2021-04-21T12:19:01+00:00,Dleaders FAQs - Christ's Commission Fellowship,24224,70,2,0,0,1,3,,
200,page,page-sitemap,https://www.ccf.org.ph/dleaders-corner/login/,https://www.ccf.org.ph/dleaders-corner/login/,https://www.ccf.org.ph/dleaders-corner/login/,24357,2026-04-17T10:31:12+00:00,Login - Christ's Commission Fellowship,273,0,1,0,0,0,0,,
200,page,page-sitemap,https://www.ccf.org.ph/dleaders-corner/restricted/,https://www.ccf.org.ph/dleaders-corner/restricted/,https://www.ccf.org.ph/dleaders-corner/restricted/,24363,2021-05-25T09:26:58+00:00,Restricted - Christ's Commission Fellowship,186,0,1,0,0,0,0,,
200,page,page-sitemap,https://www.ccf.org.ph/dleaders-corner/test-homepage/,https://www.ccf.org.ph/dleaders-corner/test-homepage/,https://www.ccf.org.ph/dleaders-corner/test-homepage/,24353,2021-04-24T02:59:15+00:00,Test homepage - Christ's Commission Fellowship,1519,5,9,3,0,7,4,,
200,page,page-sitemap,https://www.ccf.org.ph/dleaders-corner/test-login/,https://www.ccf.org.ph/dleaders-corner/test-login/,https://www.ccf.org.ph/dleaders-corner/test-login/,25443,2021-04-23T06:43:25+00:00,Test login - Christ's Commission Fellowship,236,0,1,0,0,0,1,,
200,page,page-sitemap,https://www.ccf.org.ph/dleaders-corner/test-restricted/,https://www.ccf.org.ph/dleaders-corner/test-restricted/,https://www.ccf.org.ph/dleaders-corner/test-restricted/,25451,2021-04-23T04:24:43+00:00,Test Restricted - Christ's Commission Fellowship,238,0,1,0,0,0,2,,
200,page,page-sitemap,https://www.ccf.org.ph/dmembers-corner/,https://www.ccf.org.ph/dmembers-corner/,https://www.ccf.org.ph/dmembers-corner/,30822,2026-04-16T10:35:35+00:00,Dmembers Corner - Christ's Commission Fellowship,6130,0,72,2,1,11,19,,
200,page,page-sitemap,https://www.ccf.org.ph/dmembers-corner/login/,https://www.ccf.org.ph/dmembers-corner/login/,https://www.ccf.org.ph/dmembers-corner/login/,31787,2026-04-17T10:33:28+00:00,Login - Christ's Commission Fellowship,248,0,1,0,0,0,0,,
200,page,page-sitemap,https://www.ccf.org.ph/dmembers-corner/restricted/,https://www.ccf.org.ph/dmembers-corner/restricted/,https://www.ccf.org.ph/dmembers-corner/restricted/,31786,2024-01-24T10:28:14+00:00,Restricted - Christ's Commission Fellowship,186,0,1,0,0,0,0,,
200,page,page-sitemap,https://www.ccf.org.ph/elevate-serve/,https://www.ccf.org.ph/elevate-serve/,https://www.ccf.org.ph/elevate-serve/,28294,2024-02-16T13:24:01+00:00,Elevate - Serve - Christ's Commission Fellowship,4096,1,6,1,0,0,5,,
200,page,page-sitemap,https://www.ccf.org.ph/elevate-support-2024/,https://www.ccf.org.ph/elevate-support-2024/,https://www.ccf.org.ph/elevate-support-2024/,34532,2024-08-28T10:14:28+00:00,Elevate Support - 2024 - Christ's Commission Fellowship,233,0,1,0,0,0,6,,
200,page,page-sitemap,https://www.ccf.org.ph/elevate-support/,https://www.ccf.org.ph/elevate-support/,https://www.ccf.org.ph/elevate-support/,28300,2024-08-28T09:56:25+00:00,Elevate - Support - Christ's Commission Fellowship,1061,0,14,0,0,1,6,,
200,page,page-sitemap,https://www.ccf.org.ph/elevate/,https://www.ccf.org.ph/elevate/,https://www.ccf.org.ph/elevate/,28139,2024-03-19T02:08:45+00:00,Elevate - Christ's Commission Fellowship,943,0,6,1,0,2,3,,
200,page,page-sitemap,https://www.ccf.org.ph/evangelifestyle-project/,https://www.ccf.org.ph/evangelifestyle-project/,https://www.ccf.org.ph/evangelifestyle-project/,41742,2026-08-19T03:38:53+00:00,Project Evangelifestyle - Christ's Commission Fellowship,644,4,7,0,2,10,0,,
200,page,page-sitemap,https://www.ccf.org.ph/give-billing-information/,https://www.ccf.org.ph/give-billing-information/,https://www.ccf.org.ph/give-billing-information/,22594,2021-03-10T03:17:16+00:00,Give - Billing Information - Christ's Commission Fellowship,353,2,0,0,0,2,0,,
200,page,page-sitemap,https://www.ccf.org.ph/give-test-new-payment-gateway/,https://www.ccf.org.ph/give-test-new-payment-gateway/,https://www.ccf.org.ph/give-test-new-payment-gateway/,22891,2021-04-16T12:50:38+00:00,Give - Test New Payment Gateway - Christ's Commission Fellowship,4305,4,4,0,0,0,0,,
200,page,page-sitemap,https://www.ccf.org.ph/give-through-gcash/,https://give-form.ccf.org.ph/,,,2020-08-06T10:43:20+00:00,"CCF Give - Give via Bank, Bills Payment, Debit, or Credit Card",0,0,0,0,0,0,0,server_html_empty; canonical_missing; client_rendered_giving_handoff; see giving-dynamic.json,
200,page,page-sitemap,https://www.ccf.org.ph/give-transaction-response/,https://www.ccf.org.ph/give-transaction-response/,https://www.ccf.org.ph/give-transaction-response/,23926,2021-07-08T06:34:34+00:00,Give Transaction Response - Christ's Commission Fellowship,480,0,1,0,0,2,0,,
200,page,page-sitemap,https://www.ccf.org.ph/give/,https://give-form.ccf.org.ph/,,,2024-12-18T07:42:37+00:00,"CCF Give - Give via Bank, Bills Payment, Debit, or Credit Card",0,0,0,0,0,0,0,server_html_empty; canonical_missing; client_rendered_giving_handoff; see giving-dynamic.json,
200,page,page-sitemap,https://www.ccf.org.ph/give/bank-transfer-transaction-successful/,https://give-form.ccf.org.ph/,,,2021-03-08T20:35:36+00:00,"CCF Give - Give via Bank, Bills Payment, Debit, or Credit Card",0,0,0,0,0,0,0,server_html_empty; canonical_missing; client_rendered_giving_handoff; see giving-dynamic.json,
200,page,page-sitemap,https://www.ccf.org.ph/give/banktransfer-bdo-mobile/,https://www.ccf.org.ph/give/banktransfer-bdo-mobile/,https://www.ccf.org.ph/give/banktransfer-bdo-mobile/,16808,2021-02-20T14:45:31+00:00,Give through Bank Transfer / Direct Bank Deposit: BDO Mobile App - Christ's Commission Fellowship,677,6,6,0,0,1,0,,
200,page,page-sitemap,https://www.ccf.org.ph/give/banktransfer-bdo-website/,https://www.ccf.org.ph/give/banktransfer-bdo-website/,https://www.ccf.org.ph/give/banktransfer-bdo-website/,16835,2021-02-20T14:45:37+00:00,Give Through Bank Transfer / Direct Bank Deposit: BDO Website - Christ's Commission Fellowship,723,6,6,0,0,1,1,,
200,page,page-sitemap,https://www.ccf.org.ph/give/banktransfer-bpi-mobile/,https://www.ccf.org.ph/give/banktransfer-bpi-mobile/,https://www.ccf.org.ph/give/banktransfer-bpi-mobile/,16720,2021-02-20T14:45:42+00:00,Give through Bank Transfer / Direct Bank Deposit: BPI Mobile App - Christ's Commission Fellowship,712,6,5,0,0,1,0,,
200,page,page-sitemap,https://www.ccf.org.ph/give/banktransfer-bpi-website/,https://www.ccf.org.ph/give/banktransfer-bpi-website/,https://www.ccf.org.ph/give/banktransfer-bpi-website/,16743,2021-02-20T14:45:59+00:00,Give through Bank Transfer / Direct Bank Deposit: BPI Website - Christ's Commission Fellowship,698,6,5,0,0,1,1,,
200,page,page-sitemap,https://www.ccf.org.ph/give/banktransfer-metrobank-mobile/,https://www.ccf.org.ph/give/banktransfer-metrobank-mobile/,https://www.ccf.org.ph/give/banktransfer-metrobank-mobile/,16856,2021-02-20T14:46:01+00:00,Give Through Bank Transfer / Direct Bank Deposit: Metrobank Mobile App - Christ's Commission Fellowship,559,4,6,0,0,1,0,,
200,page,page-sitemap,https://www.ccf.org.ph/give/banktransfer-metrobank-website/,https://www.ccf.org.ph/give/banktransfer-metrobank-website/,https://www.ccf.org.ph/give/banktransfer-metrobank-website/,16841,2021-02-20T14:46:06+00:00,Give Through Bank Transfer / Direct Bank Deposit: Metrobank Website - Christ's Commission Fellowship,613,4,5,0,0,1,1,,
200,page,page-sitemap,https://www.ccf.org.ph/give/banktransfer-psbank-mobile/,https://www.ccf.org.ph/give/banktransfer-psbank-mobile/,https://www.ccf.org.ph/give/banktransfer-psbank-mobile/,16890,2021-02-20T14:46:10+00:00,Give Through Bank Transfer / Direct Bank Deposit: PSBank Mobile App - Christ's Commission Fellowship,884,4,8,0,0,1,0,,
200,page,page-sitemap,https://www.ccf.org.ph/give/banktransfer-psbank-website/,https://www.ccf.org.ph/give/banktransfer-psbank-website/,https://www.ccf.org.ph/give/banktransfer-psbank-website/,16883,2021-02-20T14:46:14+00:00,Give Through Bank Transfer / Direct Bank Deposit: PSBank Website - Christ's Commission Fellowship,935,4,7,0,0,1,1,,
200,page,page-sitemap,https://www.ccf.org.ph/give/banktransfer-rcbc-mobile/,https://www.ccf.org.ph/give/banktransfer-rcbc-mobile/,https://www.ccf.org.ph/give/banktransfer-rcbc-mobile/,16911,2021-02-20T14:46:20+00:00,Give Through Bank Transfer / Direct Bank Deposit: RCBC Mobile App - Christ's Commission Fellowship,1010,4,12,0,0,1,0,,
200,page,page-sitemap,https://www.ccf.org.ph/give/banktransfer-rcbc-website/,https://www.ccf.org.ph/give/banktransfer-rcbc-website/,https://www.ccf.org.ph/give/banktransfer-rcbc-website/,16928,2021-02-20T14:46:25+00:00,Give Through Bank Transfer / Direct Bank Deposit: RCBC Website - Christ's Commission Fellowship,584,4,7,0,0,1,1,,
200,page,page-sitemap,https://www.ccf.org.ph/give/banktransfer-securitybank-mobile/,https://www.ccf.org.ph/give/banktransfer-securitybank-mobile/,https://www.ccf.org.ph/give/banktransfer-securitybank-mobile/,16821,2021-02-20T14:46:30+00:00,Give through Bank Transfer / Direct Bank Deposit: Security Bank Mobile App - Christ's Commission Fellowship,804,6,7,0,0,1,0,,
200,page,page-sitemap,https://www.ccf.org.ph/give/banktransfer-securitybank-website/,https://www.ccf.org.ph/give/banktransfer-securitybank-website/,https://www.ccf.org.ph/give/banktransfer-securitybank-website/,16848,2021-02-20T14:46:34+00:00,Give Through Bank Transfer / Direct Bank Deposit: Security Bank Website - Christ's Commission Fellowship,982,6,5,0,0,1,1,,
200,page,page-sitemap,https://www.ccf.org.ph/give/banktransfer-unionbank-mobile/,https://www.ccf.org.ph/give/banktransfer-unionbank-mobile/,https://www.ccf.org.ph/give/banktransfer-unionbank-mobile/,16864,2021-02-20T14:46:40+00:00,Give Through Bank Transfer / Direct Bank Deposit: Union Bank Mobile App - Christ's Commission Fellowship,603,4,7,0,0,1,0,,
200,page,page-sitemap,https://www.ccf.org.ph/give/banktransfer-unionbank-website/,https://www.ccf.org.ph/give/banktransfer-unionbank-website/,https://www.ccf.org.ph/give/banktransfer-unionbank-website/,16860,2021-02-20T14:46:45+00:00,Give Through Bank Transfer / Direct Bank Deposit: Union Bank Website - Christ's Commission Fellowship,637,4,5,0,0,1,1,,
200,page,page-sitemap,https://www.ccf.org.ph/give/bills-payment-tutorial/,https://give-form.ccf.org.ph/,,,2024-04-03T03:00:05+00:00,"CCF Give - Give via Bank, Bills Payment, Debit, or Credit Card",0,0,0,0,0,0,0,server_html_empty; canonical_missing; client_rendered_giving_handoff; see giving-dynamic.json,
200,page,page-sitemap,https://www.ccf.org.ph/give/cancel/,https://www.ccf.org.ph/give/cancel/,https://www.ccf.org.ph/give/cancel/,11296,2021-03-10T07:43:14+00:00,Give Online Transaction Cancel - Christ's Commission Fellowship,61,0,0,0,0,2,0,,
200,page,page-sitemap,https://www.ccf.org.ph/give/failed/,https://www.ccf.org.ph/give/failed/,https://www.ccf.org.ph/give/failed/,12501,2021-03-10T07:42:01+00:00,Give Online Transaction Failed - Christ's Commission Fellowship,58,0,0,0,0,2,0,,
200,page,page-sitemap,https://www.ccf.org.ph/give/faqs/,https://www.ccf.org.ph/give/faqs/,https://www.ccf.org.ph/give/faqs/,26792,2024-01-20T07:39:04+00:00,Give FAQs - Christ's Commission Fellowship,6704,11,0,0,0,2,2,,
200,page,page-sitemap,https://www.ccf.org.ph/give/payment-gateway-transaction-successful/,https://www.ccf.org.ph/give/payment-gateway-transaction-successful/,https://www.ccf.org.ph/give/payment-gateway-transaction-successful/,21625,2021-03-08T20:34:55+00:00,Payment Gateway - Online Transaction Successful - Christ's Commission Fellowship,128,0,0,0,0,2,0,,
200,page,page-sitemap,https://www.ccf.org.ph/give/return/,https://www.ccf.org.ph/give/return/,https://www.ccf.org.ph/give/return/,11279,2021-03-08T20:36:08+00:00,Give Online Transaction Successful - Christ's Commission Fellowship,128,0,0,0,0,2,0,,
200,page,page-sitemap,https://www.ccf.org.ph/going-for-the-greatest-purpose-goviral-edition/,https://www.ccf.org.ph/going-for-the-greatest-purpose-goviral-edition/,https://www.ccf.org.ph/going-for-the-greatest-purpose-goviral-edition/,38037,2025-07-14T04:52:33+00:00,GOING FOR THE GREATEST PURPOSE (GoViral Edition) - Christ's Commission Fellowship,3953,0,10,0,0,1,0,,
200,page,page-sitemap,https://www.ccf.org.ph/going-for-the-greatest-purpose/,https://www.ccf.org.ph/going-for-the-greatest-purpose/,https://www.ccf.org.ph/going-for-the-greatest-purpose/,38036,2025-07-14T04:52:01+00:00,GOING FOR THE GREATEST PURPOSE - Christ's Commission Fellowship,8935,0,11,0,0,1,0,,
200,page,page-sitemap,https://www.ccf.org.ph/home-fellowship-project/,https://www.ccf.org.ph/home-fellowship-project/,https://www.ccf.org.ph/home-fellowship-project/,41762,2026-08-19T03:35:29+00:00,Project Home Fellowship - Christ's Commission Fellowship,754,3,8,0,2,10,0,,
200,page,page-sitemap,https://www.ccf.org.ph/intercede/,https://www.ccf.org.ph/intercede/,https://www.ccf.org.ph/intercede/,40944,2026-07-05T03:46:58+00:00,Intercede Midyear Prayer & Fasting 2026 - Christ's Commission Fellowship,2212,1,1,1,1,6,5,,
200,page,page-sitemap,https://www.ccf.org.ph/jesus-is-our-sure-hope-worship-him-goviral-edition/,https://www.ccf.org.ph/jesus-is-our-sure-hope-worship-him-goviral-edition/,https://www.ccf.org.ph/jesus-is-our-sure-hope-worship-him-goviral-edition/,31137,2023-12-25T11:34:16+00:00,Jesus Is Our Sure Hope: Worship Him (GoViral Edition) - Christ's Commission Fellowship,3354,0,10,0,0,1,0,,
200,page,page-sitemap,https://www.ccf.org.ph/jesus-is-our-sure-hope-worship-him/,https://www.ccf.org.ph/jesus-is-our-sure-hope-worship-him/,https://www.ccf.org.ph/jesus-is-our-sure-hope-worship-him/,31156,2023-12-25T12:19:09+00:00,Jesus Is Our Sure Hope: Worship Him - Christ's Commission Fellowship,8358,0,12,0,0,1,0,,
200,page,page-sitemap,https://www.ccf.org.ph/join-a-community/,https://www.ccf.org.ph/join-a-community/,https://www.ccf.org.ph/join-a-community/,17470,2021-03-10T07:57:21+00:00,Button Response - Join A Community - Christ's Commission Fellowship,84,1,0,0,0,0,0,,
200,page,page-sitemap,https://www.ccf.org.ph/know-more-about-jesus/,https://www.ccf.org.ph/know-more-about-jesus/,https://www.ccf.org.ph/know-more-about-jesus/,17475,2021-03-10T07:57:45+00:00,Button Response - Know More About Jesus - Christ's Commission Fellowship,78,1,0,0,0,0,0,,
200,page,page-sitemap,https://www.ccf.org.ph/lifegoals-project/,https://www.ccf.org.ph/lifegoals-project/,https://www.ccf.org.ph/lifegoals-project/,40478,2026-08-19T02:17:33+00:00,Project Lifegoals - Christ's Commission Fellowship,761,3,11,0,1,9,0,,
200,page,page-sitemap,https://www.ccf.org.ph/live-page-test/,https://www.ccf.org.ph/live-page-test/,https://www.ccf.org.ph/live-page-test/,25954,2021-05-21T02:16:36+00:00,Live page test - Christ's Commission Fellowship,1430,11,3,2,0,23,1,,
200,page,page-sitemap,https://www.ccf.org.ph/live/,https://www.ccf.org.ph/live/,https://www.ccf.org.ph/live/,18533,2026-08-31T05:08:17+00:00,Worship Online - Christ's Commission Fellowship,3181,11,24,3,0,49,1,,
200,page,page-sitemap,https://www.ccf.org.ph/live/broadcast-channels/,https://www.ccf.org.ph/live/broadcast-channels/,https://www.ccf.org.ph/live/broadcast-channels/,25460,2026-07-03T10:00:28+00:00,Broadcast Channels - Christ's Commission Fellowship,1154,0,5,0,0,0,5,,
200,page,page-sitemap,https://www.ccf.org.ph/maintenance-page-cc/,https://www.ccf.org.ph/maintenance-page-cc/,https://www.ccf.org.ph/maintenance-page-cc/,34483,2024-07-13T08:25:23+00:00,Maintenance Page - CC - Christ's Commission Fellowship,30,1,0,0,0,0,0,,
200,page,page-sitemap,https://www.ccf.org.ph/meet-the-team/,https://www.ccf.org.ph/meet-the-team/,https://www.ccf.org.ph/meet-the-team/,26939,2026-03-13T09:53:57+00:00,Meet the Team - Christ's Commission Fellowship,5486,0,0,0,0,0,0,,
200,page,page-sitemap,https://www.ccf.org.ph/messages/,https://www.ccf.org.ph/messages/,https://www.ccf.org.ph/messages/,212,2026-05-23T17:55:08+00:00,Messages - Christ's Commission Fellowship,1061,1,21,0,0,24,0,,
200,page,page-sitemap,https://www.ccf.org.ph/motivate-project/,https://www.ccf.org.ph/motivate-project/,https://www.ccf.org.ph/motivate-project/,40527,2026-08-19T02:20:04+00:00,Project Motivate - Christ's Commission Fellowship,838,3,15,0,2,10,0,,
200,page,page-sitemap,https://www.ccf.org.ph/motivate-test/,https://www.ccf.org.ph/motivate-test/,https://www.ccf.org.ph/motivate-test/,22431,2021-04-21T12:11:47+00:00,Motivate test - Christ's Commission Fellowship,7319,34,32,9,0,18,8,,
200,page,page-sitemap,https://www.ccf.org.ph/motivate-workbook-downloads/,https://www.ccf.org.ph/motivate-workbook-downloads/,https://www.ccf.org.ph/motivate-workbook-downloads/,22394,2020-09-22T11:42:07+00:00,Motivate Workbook Downloads - Christ's Commission Fellowship,95,1,0,0,0,0,0,,
200,page,page-sitemap,https://www.ccf.org.ph/motivate/,https://www.ccf.org.ph/motivate/,https://www.ccf.org.ph/motivate/,21603,2026-03-26T01:21:51+00:00,Motivate - Christ's Commission Fellowship,7626,34,34,9,0,19,8,,
200,page,page-sitemap,https://www.ccf.org.ph/motivate/join-a-dgroup/,https://www.ccf.org.ph/motivate/join-a-dgroup/,https://www.ccf.org.ph/motivate/join-a-dgroup/,22235,2020-09-15T12:30:59+00:00,Join a Dgroup - Christ's Commission Fellowship,67,1,0,0,0,0,0,,
200,page,page-sitemap,https://www.ccf.org.ph/new-give-submit-sandbox/,https://www.ccf.org.ph/new-give-submit-sandbox/,https://www.ccf.org.ph/new-give-submit-sandbox/,24697,2021-03-10T07:34:08+00:00,New Give Submit Sandbox - Christ's Commission Fellowship,0,0,0,0,0,0,0,server_html_empty,
200,page,page-sitemap,https://www.ccf.org.ph/new-give-submit/,https://www.ccf.org.ph/new-give-submit/,https://www.ccf.org.ph/new-give-submit/,23966,2021-03-10T07:36:38+00:00,New Give Submit - Christ's Commission Fellowship,0,0,0,0,0,0,0,server_html_empty,
200,page,page-sitemap,https://www.ccf.org.ph/others/,https://www.ccf.org.ph/others/,https://www.ccf.org.ph/others/,15747,2020-10-01T08:28:23+00:00,Others - Christ's Commission Fellowship,161,3,0,0,0,3,0,,
200,page,page-sitemap,https://www.ccf.org.ph/our-position/,https://www.ccf.org.ph/our-position/,https://www.ccf.org.ph/our-position/,23121,2021-03-14T06:22:19+00:00,Our Position - Christ's Commission Fellowship,167,6,0,0,0,0,0,,
200,page,page-sitemap,https://www.ccf.org.ph/our-position/position-on-healing/,https://www.ccf.org.ph/our-position/position-on-healing/,https://www.ccf.org.ph/our-position/position-on-healing/,22886,2020-11-18T16:26:13+00:00,Position on Healing - Christ's Commission Fellowship,41549,7,0,0,0,0,0,,
200,page,page-sitemap,https://www.ccf.org.ph/our-position/position-on-theological-systems/,https://www.ccf.org.ph/our-position/position-on-theological-systems/,https://www.ccf.org.ph/our-position/position-on-theological-systems/,23136,2020-11-18T10:44:45+00:00,position on theological systems - Christ's Commission Fellowship,38170,41,1,0,0,0,0,,
200,page,page-sitemap,https://www.ccf.org.ph/our-position/position-on-tithing-and-giving/,https://www.ccf.org.ph/our-position/position-on-tithing-and-giving/,https://www.ccf.org.ph/our-position/position-on-tithing-and-giving/,24029,2021-04-10T06:29:43+00:00,Position on Tithing and Giving - Christ's Commission Fellowship,84,1,0,1,0,0,0,,
200,page,page-sitemap,https://www.ccf.org.ph/our-position/sogie-bill/,https://www.ccf.org.ph/our-position/sogie-bill/,https://www.ccf.org.ph/our-position/sogie-bill/,15750,2020-11-18T09:27:01+00:00,position on sogie bill and lgbtq - Christ's Commission Fellowship,3499,1,0,0,0,0,0,,
200,page,page-sitemap,https://www.ccf.org.ph/podcast-download/,https://www.ccf.org.ph/podcast-download/,https://www.ccf.org.ph/podcast-download/,22391,2021-03-10T07:46:12+00:00,Podcast download - Christ's Commission Fellowship,0,0,0,0,0,0,0,server_html_empty,
200,page,page-sitemap,https://www.ccf.org.ph/podcast/,https://www.ccf.org.ph/podcast/,https://www.ccf.org.ph/podcast/,21323,2026-08-05T08:15:57+00:00,Podcast - Christ's Commission Fellowship,1369,65,65,0,0,0,0,,
200,page,page-sitemap,https://www.ccf.org.ph/previous-52-week-scripture-uat/,https://www.ccf.org.ph/previous-52-week-scripture-uat/,https://www.ccf.org.ph/previous-52-week-scripture-uat/,32285,2024-02-21T00:45:20+00:00,Previous 52 Week Scripture - Christ's Commission Fellowship,3992,2,1,0,0,96,0,,
200,page,page-sitemap,https://www.ccf.org.ph/privacy-policy/,https://www.ccf.org.ph/privacy-policy/,https://www.ccf.org.ph/privacy-policy/,14087,2023-11-30T11:09:25+00:00,Privacy Policy - Christ's Commission Fellowship,8734,13,1,0,0,0,1,,
200,page,page-sitemap,https://www.ccf.org.ph/ready-set-go/,https://www.ccf.org.ph/ready-set-go/,https://www.ccf.org.ph/ready-set-go/,23511,2020-11-21T01:34:01+00:00,Ready Set Go - Christ's Commission Fellowship,4425,3,21,0,0,0,15,,
200,page,page-sitemap,https://www.ccf.org.ph/real-people-real-impact-judah-go-back-to-god-goviral-edition/,https://www.ccf.org.ph/real-people-real-impact-judah-go-back-to-god-goviral-edition/,https://www.ccf.org.ph/real-people-real-impact-judah-go-back-to-god-goviral-edition/,37174,2025-04-07T06:16:54+00:00,"4Ws - REAL PEOPLE, REAL IMPACT – JUDAH: GO BACK TO GOD (GoViral Edition) - Christ's Commission Fellowship",4077,0,10,0,0,1,0,,
200,page,page-sitemap,https://www.ccf.org.ph/real-people-real-impact-judah-go-back-to-god/,https://www.ccf.org.ph/real-people-real-impact-judah-go-back-to-god/,https://www.ccf.org.ph/real-people-real-impact-judah-go-back-to-god/,37175,2025-04-07T06:17:03+00:00,"4Ws - REAL PEOPLE, REAL IMPACT – JUDAH: GO BACK TO GOD - Christ's Commission Fellowship",9005,0,11,0,0,1,0,,
200,page,page-sitemap,https://www.ccf.org.ph/resources/,https://www.ccf.org.ph/resources/,https://www.ccf.org.ph/resources/,18548,2026-08-11T03:57:08+00:00,Growth Materials - Christ's Commission Fellowship,10894,43,37,0,29,1,59,,
200,page,page-sitemap,https://www.ccf.org.ph/response-to-the-ravi-zacharias-report/,https://www.ccf.org.ph/response-to-the-ravi-zacharias-report/,https://www.ccf.org.ph/response-to-the-ravi-zacharias-report/,24770,2021-03-14T10:04:58+00:00,The Ravi Zacharias Case: 14 Foundational Lessons - Christ's Commission Fellowship,10579,1,0,0,0,0,0,,
200,page,page-sitemap,https://www.ccf.org.ph/talk-to-someone-about-jesus/,https://www.ccf.org.ph/talk-to-someone-about-jesus/,https://www.ccf.org.ph/talk-to-someone-about-jesus/,17428,2021-03-10T07:58:04+00:00,Button Response - Talk to someone about Jesus - Christ's Commission Fellowship,77,1,0,0,0,0,0,,
200,page,page-sitemap,https://www.ccf.org.ph/terms-and-conditions/,https://www.ccf.org.ph/terms-and-conditions/,https://www.ccf.org.ph/terms-and-conditions/,19760,2020-09-23T08:34:47+00:00,Terms and Conditions - Christ's Commission Fellowship,6418,12,1,0,0,0,0,,
200,page,page-sitemap,https://www.ccf.org.ph/translation/,https://www.ccf.org.ph/translation/,https://www.ccf.org.ph/translation/,41419,2026-08-08T02:25:46+00:00,CCF Live Translation,509,0,1,0,0,0,2,,
200,page,page-sitemap,https://www.ccf.org.ph/true-life-retreat-project/,https://www.ccf.org.ph/true-life-retreat-project/,https://www.ccf.org.ph/true-life-retreat-project/,40496,2026-08-19T02:18:19+00:00,Project True Life Retreat - Christ's Commission Fellowship,903,4,14,0,3,11,0,,
200,page,page-sitemap,https://www.ccf.org.ph/where-we-are-v2/,https://www.ccf.org.ph/where-we-are-v2/,https://www.ccf.org.ph/where-we-are-v2/,41886,2026-09-02T08:29:56+00:00,Where We Are v2 - Christ's Commission Fellowship,173,1,0,0,0,0,0,,
200,page,page-sitemap,https://www.ccf.org.ph/where-we-are-v3/,https://www.ccf.org.ph/where-we-are-v3/,https://www.ccf.org.ph/where-we-are-v3/,41904,2026-09-02T08:39:42+00:00,Where We Are v3 - Christ's Commission Fellowship,173,1,0,0,0,0,0,,
200,page,page-sitemap,https://www.ccf.org.ph/where-we-are/,https://www.ccf.org.ph/where-we-are/,https://www.ccf.org.ph/where-we-are/,35530,2026-08-29T08:33:13+00:00,Where We Are - Christ's Commission Fellowship,65,1,0,0,0,0,0,,
200,page,page-sitemap,https://www.ccf.org.ph/who-we-are/,https://www.ccf.org.ph/who-we-are/,https://www.ccf.org.ph/who-we-are/,18700,2023-12-15T06:21:17+00:00,Who We Are - Christ's Commission Fellowship,10335,10,12,0,0,0,0,,
200,page,page-sitemap,https://www.ccf.org.ph/youth-project/,https://www.ccf.org.ph/youth-project/,https://www.ccf.org.ph/youth-project/,40514,2026-08-19T02:19:06+00:00,Project Youth - Christ's Commission Fellowship,417,3,7,0,3,11,0,,
200,post,post-sitemap,https://www.ccf.org.ph/blog/a-heart-for-the-world/,https://www.ccf.org.ph/blog/a-heart-for-the-world/,https://www.ccf.org.ph/blog/a-heart-for-the-world/,10900,2026-05-23T09:13:09+00:00,A Heart for the World - Christ's Commission Fellowship,2834,1,1,0,0,3,0,,
200,post,post-sitemap,https://www.ccf.org.ph/blog/choosing-to-forgive1/,https://www.ccf.org.ph/blog/choosing-to-forgive1/,https://www.ccf.org.ph/blog/choosing-to-forgive1/,13106,2026-05-23T09:15:17+00:00,Choosing to Forgive - Christ's Commission Fellowship,4214,1,1,0,0,3,0,,
200,post,post-sitemap,https://www.ccf.org.ph/blog/digital-evangelism-sharing-the-gospel-through-social-media/,https://www.ccf.org.ph/blog/digital-evangelism-sharing-the-gospel-through-social-media/,https://www.ccf.org.ph/blog/digital-evangelism-sharing-the-gospel-through-social-media/,13924,2026-05-23T09:14:35+00:00,Digital Evangelism: Sharing the Gospel through Social Media - Christ's Commission Fellowship,3270,1,2,0,0,3,2,,
200,post,post-sitemap,https://www.ccf.org.ph/blog/dont-forget-get-dressed/,https://www.ccf.org.ph/blog/dont-forget-get-dressed/,https://www.ccf.org.ph/blog/dont-forget-get-dressed/,13018,2026-05-23T09:15:39+00:00,Don't forget to get dressed! - Christ's Commission Fellowship,2550,1,1,0,0,3,0,,
200,post,post-sitemap,https://www.ccf.org.ph/blog/dont-waste-time-put-god-first2/,https://www.ccf.org.ph/blog/dont-waste-time-put-god-first2/,https://www.ccf.org.ph/blog/dont-waste-time-put-god-first2/,12882,2026-05-23T09:15:54+00:00,Don’t Waste TIME – Put GOD First - Christ's Commission Fellowship,5901,1,1,0,0,3,0,,
200,post,post-sitemap,https://www.ccf.org.ph/blog/expose-eliminate-dangerous-side-blessings/,https://www.ccf.org.ph/blog/expose-eliminate-dangerous-side-blessings/,https://www.ccf.org.ph/blog/expose-eliminate-dangerous-side-blessings/,12553,2026-05-23T09:16:23+00:00,Expose and Eliminate the Dangerous Side of Blessings - Christ's Commission Fellowship,4190,1,2,0,0,3,0,,
200,post,post-sitemap,https://www.ccf.org.ph/blog/falling-love-beware-myths/,https://www.ccf.org.ph/blog/falling-love-beware-myths/,https://www.ccf.org.ph/blog/falling-love-beware-myths/,11132,2026-05-23T09:13:34+00:00,Falling in Love (Beware of the Myths) - Christ's Commission Fellowship,3928,1,1,0,0,3,0,,
200,post,post-sitemap,https://www.ccf.org.ph/blog/fasting-and-prayer/,https://www.ccf.org.ph/blog/fasting-and-prayer/,https://www.ccf.org.ph/blog/fasting-and-prayer/,12364,2026-05-23T09:16:38+00:00,"""Fasting and Prayer"" - Christ's Commission Fellowship",3096,1,1,0,0,3,0,,
200,post,post-sitemap,https://www.ccf.org.ph/blog/fasting-prayer-spiritual-breakthrough1/,https://www.ccf.org.ph/blog/fasting-prayer-spiritual-breakthrough1/,https://www.ccf.org.ph/blog/fasting-prayer-spiritual-breakthrough1/,13214,2026-05-23T09:15:10+00:00,Fasting and Prayer for the Spiritual Breakthrough - Christ's Commission Fellowship,3157,1,1,0,0,3,0,,
200,post,post-sitemap,https://www.ccf.org.ph/blog/fathers-day-story/,https://www.ccf.org.ph/blog/fathers-day-story/,https://www.ccf.org.ph/blog/fathers-day-story/,11917,2026-05-23T09:16:46+00:00,A Father’s Day Story - Christ's Commission Fellowship,3746,1,1,0,0,3,0,,
200,post,post-sitemap,https://www.ccf.org.ph/blog/jesus-not-enough1/,https://www.ccf.org.ph/blog/jesus-not-enough1/,https://www.ccf.org.ph/blog/jesus-not-enough1/,12910,2026-05-23T09:15:47+00:00,“When Jesus is Not Enough” - Christ's Commission Fellowship,3974,1,1,0,0,3,0,,
200,post,post-sitemap,https://www.ccf.org.ph/blog/joy-in-god/,https://www.ccf.org.ph/blog/joy-in-god/,https://www.ccf.org.ph/blog/joy-in-god/,13561,2026-05-23T09:14:55+00:00,Joy in God - Christ's Commission Fellowship,2402,1,1,0,0,3,0,,
200,post,post-sitemap,https://www.ccf.org.ph/blog/keeping-joyful-marriage/,https://www.ccf.org.ph/blog/keeping-joyful-marriage/,https://www.ccf.org.ph/blog/keeping-joyful-marriage/,10836,2026-05-23T09:09:20+00:00,Keeping A Joyful Marriage - Christ's Commission Fellowship,3535,2,1,0,0,3,0,,
200,post,post-sitemap,https://www.ccf.org.ph/blog/know-god-loves-need-money/,https://www.ccf.org.ph/blog/know-god-loves-need-money/,https://www.ccf.org.ph/blog/know-god-loves-need-money/,12518,2026-05-23T09:16:31+00:00,“I Know God Loves Me… But I Need Money.” - Christ's Commission Fellowship,4683,1,1,0,0,3,0,,
200,post,post-sitemap,https://www.ccf.org.ph/blog/know-true-love/,https://www.ccf.org.ph/blog/know-true-love/,https://www.ccf.org.ph/blog/know-true-love/,11041,2026-05-23T09:13:26+00:00,How Do You Know It's True Love? - Christ's Commission Fellowship,3267,1,1,0,0,3,0,,
200,post,post-sitemap,https://www.ccf.org.ph/blog/lifes-two-important-questions/,https://www.ccf.org.ph/blog/lifes-two-important-questions/,https://www.ccf.org.ph/blog/lifes-two-important-questions/,12636,2026-05-23T09:16:08+00:00,Life's Two Most Important Questions - Christ's Commission Fellowship,5079,1,1,0,0,3,0,,
200,post,post-sitemap,https://www.ccf.org.ph/blog/love-and-suffering/,https://www.ccf.org.ph/blog/love-and-suffering/,https://www.ccf.org.ph/blog/love-and-suffering/,11157,2026-05-23T09:13:42+00:00,Love and suffering - Christ's Commission Fellowship,3315,1,1,0,0,3,0,,
200,post,post-sitemap,https://www.ccf.org.ph/blog/love-in-the-workplace/,https://www.ccf.org.ph/blog/love-in-the-workplace/,https://www.ccf.org.ph/blog/love-in-the-workplace/,11865,2026-05-23T09:16:58+00:00,Love in the Workplace - Christ's Commission Fellowship,4762,1,2,0,0,3,0,,
200,post,post-sitemap,https://www.ccf.org.ph/blog/modeling-right-priorities-roles/,https://www.ccf.org.ph/blog/modeling-right-priorities-roles/,https://www.ccf.org.ph/blog/modeling-right-priorities-roles/,11768,2026-05-23T09:14:04+00:00,Modeling the Right Priorities and Roles - Christ's Commission Fellowship,5579,1,1,0,0,3,0,,
200,post,post-sitemap,https://www.ccf.org.ph/blog/next-time-2/,https://www.ccf.org.ph/blog/next-time-2/,https://www.ccf.org.ph/blog/next-time-2/,11698,2026-05-23T09:13:55+00:00,"""Next Time..."" - Christ's Commission Fellowship",3283,1,1,0,0,3,0,,
200,post,post-sitemap,https://www.ccf.org.ph/blog/not-secret-fruitful-ministry/,https://www.ccf.org.ph/blog/not-secret-fruitful-ministry/,https://www.ccf.org.ph/blog/not-secret-fruitful-ministry/,13293,2026-05-23T09:15:31+00:00,A (Not-So) Secret to Being More Fruitful in Ministry - Christ's Commission Fellowship,4603,1,1,0,0,3,0,,
200,post,post-sitemap,https://www.ccf.org.ph/blog/resurrection-changes-life/,https://www.ccf.org.ph/blog/resurrection-changes-life/,https://www.ccf.org.ph/blog/resurrection-changes-life/,13583,2026-05-23T09:14:42+00:00,The Resurrection Changes Life - Christ's Commission Fellowship,4018,1,1,0,0,3,0,,
200,post,post-sitemap,https://www.ccf.org.ph/blog/share-jesus-today/,https://www.ccf.org.ph/blog/share-jesus-today/,https://www.ccf.org.ph/blog/share-jesus-today/,13492,2026-05-23T09:15:04+00:00,Who Should You Share Jesus With Today? - Christ's Commission Fellowship,3198,1,1,0,0,3,0,,
200,post,post-sitemap,https://www.ccf.org.ph/blog/the-landmine-of-anger/,https://www.ccf.org.ph/blog/the-landmine-of-anger/,https://www.ccf.org.ph/blog/the-landmine-of-anger/,12856,2026-05-23T09:16:01+00:00,The Landmine of Anger - Christ's Commission Fellowship,5232,1,1,0,0,3,0,,
200,post,post-sitemap,https://www.ccf.org.ph/blog/the-last-supper1/,https://www.ccf.org.ph/blog/the-last-supper1/,https://www.ccf.org.ph/blog/the-last-supper1/,13573,2026-05-23T09:14:49+00:00,The Last Supper - Christ's Commission Fellowship,2353,1,1,0,0,3,0,,
200,post,post-sitemap,https://www.ccf.org.ph/blog/volunteer-2/,https://www.ccf.org.ph/blog/volunteer-2/,https://www.ccf.org.ph/blog/volunteer-2/,11821,2026-05-23T09:17:06+00:00,"""Volunteering"" - Christ's Commission Fellowship",2635,1,1,0,0,3,0,,
200,post,post-sitemap,https://www.ccf.org.ph/blog/who-does-god-want-you-to-love-today/,https://www.ccf.org.ph/blog/who-does-god-want-you-to-love-today/,https://www.ccf.org.ph/blog/who-does-god-want-you-to-love-today/,10956,2026-05-23T09:13:18+00:00,Who does God want you to love today? - Christ's Commission Fellowship,2883,1,1,0,0,3,1,,
200,post,post-sitemap,https://www.ccf.org.ph/blog/work-matters/,https://www.ccf.org.ph/blog/work-matters/,https://www.ccf.org.ph/blog/work-matters/,13290,2026-05-23T09:15:23+00:00,Work Matters - Christ's Commission Fellowship,4847,1,1,0,0,3,0,,
200,sermon,sermon-sitemap,https://www.ccf.org.ph/message/50-shades-love/,https://www.ccf.org.ph/message/50-shades-love/,https://www.ccf.org.ph/message/50-shades-love/,13332,2018-05-24T07:34:27+00:00,50 Shades of Love - Christ's Commission Fellowship,97,1,1,0,0,2,0,,
200,sermon,sermon-sitemap,https://www.ccf.org.ph/message/a-father-like-no-other-am-runthrough/,https://www.ccf.org.ph/message/a-father-like-no-other-am-runthrough/,https://www.ccf.org.ph/message/a-father-like-no-other-am-runthrough/,26397,2021-06-23T09:26:23+00:00,A Father Like No Other - AM - Runthrough - Christ's Commission Fellowship,120,1,1,1,0,2,0,,
200,sermon,sermon-sitemap,https://www.ccf.org.ph/message/a-father-like-no-other-am/,https://www.ccf.org.ph/message/a-father-like-no-other-am/,https://www.ccf.org.ph/message/a-father-like-no-other-am/,26361,2021-06-25T10:50:05+00:00,A Father Like No Other - AM - Christ's Commission Fellowship,95,1,1,1,0,2,0,,
200,sermon,sermon-sitemap,https://www.ccf.org.ph/message/a-father-like-no-other-pm-runthrough/,https://www.ccf.org.ph/message/a-father-like-no-other-pm-runthrough/,https://www.ccf.org.ph/message/a-father-like-no-other-pm-runthrough/,26398,2021-06-23T09:54:15+00:00,A Father Like No Other - PM - Runthrough - Christ's Commission Fellowship,120,1,1,1,0,2,0,,
200,sermon,sermon-sitemap,https://www.ccf.org.ph/message/a-father-like-no-other-pm/,https://www.ccf.org.ph/message/a-father-like-no-other-pm/,https://www.ccf.org.ph/message/a-father-like-no-other-pm/,26362,2021-06-21T03:23:59+00:00,A Father Like No Other - PM - Christ's Commission Fellowship,95,1,1,1,0,2,0,,
200,sermon,sermon-sitemap,https://www.ccf.org.ph/message/a-life-changing-prayer-am-runthrough/,https://www.ccf.org.ph/message/a-life-changing-prayer-am-runthrough/,https://www.ccf.org.ph/message/a-life-changing-prayer-am-runthrough/,33761,2024-06-05T01:59:09+00:00,A Life-Changing Prayer - AM - Runthrough - Christ's Commission Fellowship,395,1,1,1,0,2,2,,
200,sermon,sermon-sitemap,https://www.ccf.org.ph/message/a-life-changing-prayer-pm-runthrough/,https://www.ccf.org.ph/message/a-life-changing-prayer-pm-runthrough/,https://www.ccf.org.ph/message/a-life-changing-prayer-pm-runthrough/,33762,2024-06-05T02:00:00+00:00,A Life-Changing Prayer - PM - Runthrough - Christ's Commission Fellowship,521,1,1,1,0,2,2,,
200,sermon,sermon-sitemap,https://www.ccf.org.ph/message/a-life-of-worship-honor-god-am-runthrough/,https://www.ccf.org.ph/message/a-life-of-worship-honor-god-am-runthrough/,https://www.ccf.org.ph/message/a-life-of-worship-honor-god-am-runthrough/,33554,2024-05-22T11:56:02+00:00,A Life of Worship: Honor God! - AM - Runthrough - Christ's Commission Fellowship,397,1,1,1,0,2,2,,
200,sermon,sermon-sitemap,https://www.ccf.org.ph/message/a-life-of-worship-honor-god-am/,https://www.ccf.org.ph/message/a-life-of-worship-honor-god-am/,https://www.ccf.org.ph/message/a-life-of-worship-honor-god-am/,33509,2024-05-19T14:16:49+00:00,A Life Of Worship: Honor God! - AM - Christ's Commission Fellowship,233,1,1,1,0,2,0,,
200,sermon,sermon-sitemap,https://www.ccf.org.ph/message/a-life-of-worship-honor-god-pm-runthrough/,https://www.ccf.org.ph/message/a-life-of-worship-honor-god-pm-runthrough/,https://www.ccf.org.ph/message/a-life-of-worship-honor-god-pm-runthrough/,33553,2024-05-22T11:56:46+00:00,A Life of Worship: Honor God! - PM - Runthrough - Christ's Commission Fellowship,455,1,1,1,0,2,2,,
200,sermon,sermon-sitemap,https://www.ccf.org.ph/message/a-life-of-worship-honor-god-pm/,https://www.ccf.org.ph/message/a-life-of-worship-honor-god-pm/,https://www.ccf.org.ph/message/a-life-of-worship-honor-god-pm/,33513,2024-05-19T14:18:27+00:00,A Life Of Worship: Honor God! - PM - Christ's Commission Fellowship,304,1,1,1,0,2,0,,
200,sermon,sermon-sitemap,https://www.ccf.org.ph/message/a-picture-of-the-full-life-am/,https://www.ccf.org.ph/message/a-picture-of-the-full-life-am/,https://www.ccf.org.ph/message/a-picture-of-the-full-life-am/,27366,2023-10-28T19:17:39+00:00,A Picture of the Full Life - AM - Christ's Commission Fellowship,347,1,1,1,0,2,0,,
200,sermon,sermon-sitemap,https://www.ccf.org.ph/message/a-picture-of-the-full-life-pm/,https://www.ccf.org.ph/message/a-picture-of-the-full-life-pm/,https://www.ccf.org.ph/message/a-picture-of-the-full-life-pm/,27368,2023-10-28T19:17:56+00:00,A Picture of the Full Life - PM - Christ's Commission Fellowship,407,1,1,1,0,2,0,,
200,sermon,sermon-sitemap,https://www.ccf.org.ph/message/a-true-new-beginning-am/,https://www.ccf.org.ph/message/a-true-new-beginning-am/,https://www.ccf.org.ph/message/a-true-new-beginning-am/,27339,2023-10-28T18:53:21+00:00,A True New Beginning - AM - Christ's Commission Fellowship,314,1,1,1,0,2,0,,
200,sermon,sermon-sitemap,https://www.ccf.org.ph/message/a-true-new-beginning-pm/,https://www.ccf.org.ph/message/a-true-new-beginning-pm/,https://www.ccf.org.ph/message/a-true-new-beginning-pm/,27341,2023-10-28T18:53:28+00:00,A True New Beginning - PM - Christ's Commission Fellowship,294,1,1,1,0,2,0,,
200,sermon,sermon-sitemap,https://www.ccf.org.ph/message/abide-in-his-love/,https://www.ccf.org.ph/message/abide-in-his-love/,https://www.ccf.org.ph/message/abide-in-his-love/,10448,2017-12-28T06:22:21+00:00,Abide In His Love - Christ's Commission Fellowship,603,1,1,0,0,2,0,,
200,sermon,sermon-sitemap,https://www.ccf.org.ph/message/addictions-destroy-replace-afn/,https://www.ccf.org.ph/message/addictions-destroy-replace-afn/,https://www.ccf.org.ph/message/addictions-destroy-replace-afn/,12265,2017-07-28T02:52:46+00:00,"Addictions Destroy, Replace Them - Christ's Commission Fellowship",562,1,1,0,0,2,0,,
200,sermon,sermon-sitemap,https://www.ccf.org.ph/message/addictions-destroy-replace/,https://www.ccf.org.ph/message/addictions-destroy-replace/,https://www.ccf.org.ph/message/addictions-destroy-replace/,12264,2017-07-28T02:53:17+00:00,"Addictions Destroy, Replace Them - Christ's Commission Fellowship",562,1,1,0,0,2,0,,
200,sermon,sermon-sitemap,https://www.ccf.org.ph/message/adonai-is-lord-am/,https://www.ccf.org.ph/message/adonai-is-lord-am/,https://www.ccf.org.ph/message/adonai-is-lord-am/,24457,2021-04-20T05:39:30+00:00,Adonai is Lord - AM - Christ's Commission Fellowship,99,1,1,1,0,2,0,,
200,sermon,sermon-sitemap,https://www.ccf.org.ph/message/adonai-is-lord-pm/,https://www.ccf.org.ph/message/adonai-is-lord-pm/,https://www.ccf.org.ph/message/adonai-is-lord-pm/,24458,2021-04-20T05:40:31+00:00,Adonai is Lord - PM - Christ's Commission Fellowship,99,1,1,1,0,2,0,,
200,sermon,sermon-sitemap,https://www.ccf.org.ph/message/affirmation-am/,https://www.ccf.org.ph/message/affirmation-am/,https://www.ccf.org.ph/message/affirmation-am/,23018,2021-04-20T08:02:03+00:00,Affirmation - AM - Christ's Commission Fellowship,95,1,1,1,0,2,0,,
200,sermon,sermon-sitemap,https://www.ccf.org.ph/message/affirmation-pm/,https://www.ccf.org.ph/message/affirmation-pm/,https://www.ccf.org.ph/message/affirmation-pm/,23019,2021-04-20T08:02:42+00:00,Affirmation - PM - Christ's Commission Fellowship,96,1,1,1,0,2,0,,
200,sermon,sermon-sitemap,https://www.ccf.org.ph/message/all-for-christ-be-ready/,https://www.ccf.org.ph/message/all-for-christ-be-ready/,https://www.ccf.org.ph/message/all-for-christ-be-ready/,15701,2019-09-08T01:34:38+00:00,CCF 35th Anniversary Message - All For Christ: Be Ready! - Christ's Commission Fellowship,506,1,1,0,0,2,0,,
200,sermon,sermon-sitemap,https://www.ccf.org.ph/message/are-you-a-faithful-witness/,https://www.ccf.org.ph/message/are-you-a-faithful-witness/,https://www.ccf.org.ph/message/are-you-a-faithful-witness/,14735,2019-01-21T01:00:21+00:00,Are You A Faithful Witness? - Christ's Commission Fellowship,435,1,1,0,0,2,0,,
200,sermon,sermon-sitemap,https://www.ccf.org.ph/message/are-you-living-on-empty-am-runthrough/,https://www.ccf.org.ph/message/are-you-living-on-empty-am-runthrough/,https://www.ccf.org.ph/message/are-you-living-on-empty-am-runthrough/,28732,2023-11-03T16:08:09+00:00,Are You Living On Empty? - AM - Runthrough - Christ's Commission Fellowship,396,1,1,1,0,2,1,,
200,sermon,sermon-sitemap,https://www.ccf.org.ph/message/are-you-living-on-empty-am/,https://www.ccf.org.ph/message/are-you-living-on-empty-am/,https://www.ccf.org.ph/message/are-you-living-on-empty-am/,28081,2023-10-30T23:03:40+00:00,Are You Living On Empty? - AM - Christ's Commission Fellowship,408,1,1,1,0,2,0,,
200,sermon,sermon-sitemap,https://www.ccf.org.ph/message/are-you-living-on-empty-pm-runthrough/,https://www.ccf.org.ph/message/are-you-living-on-empty-pm-runthrough/,https://www.ccf.org.ph/message/are-you-living-on-empty-pm-runthrough/,28733,2023-11-03T16:08:23+00:00,Are You Living On Empty? - PM - Runthrough - Christ's Commission Fellowship,429,1,1,1,0,2,1,,
200,sermon,sermon-sitemap,https://www.ccf.org.ph/message/are-you-living-on-empty-pm/,https://www.ccf.org.ph/message/are-you-living-on-empty-pm/,https://www.ccf.org.ph/message/are-you-living-on-empty-pm/,28083,2023-10-30T23:03:58+00:00,Are You Living On Empty? - PM - Christ's Commission Fellowship,401,1,1,1,0,2,0,,
200,sermon,sermon-sitemap,https://www.ccf.org.ph/message/are-you-ready-am-runthrough/,https://www.ccf.org.ph/message/are-you-ready-am-runthrough/,https://www.ccf.org.ph/message/are-you-ready-am-runthrough/,26492,2021-07-01T07:24:58+00:00,Are You Ready? - AM - Runthrough - Christ's Commission Fellowship,112,1,1,1,0,2,0,,
200,sermon,sermon-sitemap,https://www.ccf.org.ph/message/are-you-ready-am/,https://www.ccf.org.ph/message/are-you-ready-am/,https://www.ccf.org.ph/message/are-you-ready-am/,26463,2021-06-28T00:41:44+00:00,Are You Ready? - AM - Christ's Commission Fellowship,87,1,1,1,0,2,0,,
200,sermon,sermon-sitemap,https://www.ccf.org.ph/message/are-you-ready-pm-runthrough/,https://www.ccf.org.ph/message/are-you-ready-pm-runthrough/,https://www.ccf.org.ph/message/are-you-ready-pm-runthrough/,26493,2021-07-07T12:10:32+00:00,Are You Ready? - PM - Runthrough - Christ's Commission Fellowship,112,1,1,1,0,2,0,,
200,sermon,sermon-sitemap,https://www.ccf.org.ph/message/are-you-ready-pm/,https://www.ccf.org.ph/message/are-you-ready-pm/,https://www.ccf.org.ph/message/are-you-ready-pm/,26464,2021-06-28T00:40:48+00:00,Are You Ready? - PM - Christ's Commission Fellowship,87,1,1,1,0,2,0,,
200,sermon,sermon-sitemap,https://www.ccf.org.ph/message/authentic-worship-am-runthrough/,https://www.ccf.org.ph/message/authentic-worship-am-runthrough/,https://www.ccf.org.ph/message/authentic-worship-am-runthrough/,28692,2023-11-03T15:28:29+00:00,Authentic Worship - AM - Runthrough - Christ's Commission Fellowship,320,1,1,1,0,2,1,,
200,sermon,sermon-sitemap,https://www.ccf.org.ph/message/authentic-worship-am/,https://www.ccf.org.ph/message/authentic-worship-am/,https://www.ccf.org.ph/message/authentic-worship-am/,28253,2023-10-31T12:16:24+00:00,Authentic Worship - AM - Christ's Commission Fellowship,366,1,1,1,0,2,0,,
200,sermon,sermon-sitemap,https://www.ccf.org.ph/message/authentic-worship-pm-runthrough/,https://www.ccf.org.ph/message/authentic-worship-pm-runthrough/,https://www.ccf.org.ph/message/authentic-worship-pm-runthrough/,28690,2023-11-03T15:29:18+00:00,Authentic Worship - PM - Runthrough - Christ's Commission Fellowship,357,1,1,1,0,2,1,,
200,sermon,sermon-sitemap,https://www.ccf.org.ph/message/authentic-worship-pm/,https://www.ccf.org.ph/message/authentic-worship-pm/,https://www.ccf.org.ph/message/authentic-worship-pm/,28252,2023-10-31T12:16:39+00:00,Authentic Worship - PM - Christ's Commission Fellowship,448,1,1,1,0,2,0,,
200,sermon,sermon-sitemap,https://www.ccf.org.ph/message/bad-news-deny-or-do-something-about-it-am-runthrough/,https://www.ccf.org.ph/message/bad-news-deny-or-do-something-about-it-am-runthrough/,https://www.ccf.org.ph/message/bad-news-deny-or-do-something-about-it-am-runthrough/,28783,2023-11-03T16:47:30+00:00,Bad News: Deny or Do Something About it - AM - Runthrough - Christ's Commission Fellowship,341,1,1,1,0,2,1,,
200,sermon,sermon-sitemap,https://www.ccf.org.ph/message/bad-news-deny-or-do-something-about-it-am/,https://www.ccf.org.ph/message/bad-news-deny-or-do-something-about-it-am/,https://www.ccf.org.ph/message/bad-news-deny-or-do-something-about-it-am/,27978,2023-10-30T17:38:40+00:00,BAD NEWS: Deny or Do Something About It - AM - Christ's Commission Fellowship,350,1,1,1,0,2,0,,
200,sermon,sermon-sitemap,https://www.ccf.org.ph/message/bad-news-deny-or-do-something-about-it-pm-runthrough/,https://www.ccf.org.ph/message/bad-news-deny-or-do-something-about-it-pm-runthrough/,https://www.ccf.org.ph/message/bad-news-deny-or-do-something-about-it-pm-runthrough/,28784,2023-11-03T16:48:17+00:00,Bad News: Deny or Do Something About it - PM - Runthrough - Christ's Commission Fellowship,391,1,1,1,0,2,1,,
200,sermon,sermon-sitemap,https://www.ccf.org.ph/message/bad-news-deny-or-do-something-about-it-pm/,https://www.ccf.org.ph/message/bad-news-deny-or-do-something-about-it-pm/,https://www.ccf.org.ph/message/bad-news-deny-or-do-something-about-it-pm/,27980,2023-10-30T17:38:37+00:00,BAD NEWS: Deny or Do Something About It - PM - Christ's Commission Fellowship,309,1,1,1,0,2,0,,
200,sermon,sermon-sitemap,https://www.ccf.org.ph/message/battle-strong-walk-by-faith-am/,https://www.ccf.org.ph/message/battle-strong-walk-by-faith-am/,https://www.ccf.org.ph/message/battle-strong-walk-by-faith-am/,27294,2023-10-28T18:19:57+00:00,Battle Strong: Walk by Faith - AM - Christ's Commission Fellowship,343,1,1,1,0,2,0,,
200,sermon,sermon-sitemap,https://www.ccf.org.ph/message/battle-strong-walk-by-faith-pm/,https://www.ccf.org.ph/message/battle-strong-walk-by-faith-pm/,https://www.ccf.org.ph/message/battle-strong-walk-by-faith-pm/,27295,2023-10-28T18:20:12+00:00,Battle Strong: Walk by Faith - PM - Christ's Commission Fellowship,363,1,1,1,0,2,0,,
200,sermon,sermon-sitemap,https://www.ccf.org.ph/message/be-a-blessing-with-your-words-am-runthrough/,https://www.ccf.org.ph/message/be-a-blessing-with-your-words-am-runthrough/,https://www.ccf.org.ph/message/be-a-blessing-with-your-words-am-runthrough/,28741,2023-11-03T16:15:23+00:00,Be A Blessing With Your Words - AM - Runthrough - Christ's Commission Fellowship,320,1,1,1,0,2,1,,
200,sermon,sermon-sitemap,https://www.ccf.org.ph/message/be-a-blessing-with-your-words-am/,https://www.ccf.org.ph/message/be-a-blessing-with-your-words-am/,https://www.ccf.org.ph/message/be-a-blessing-with-your-words-am/,28062,2023-10-30T22:28:19+00:00,Be A Blessing With Your Words - AM - Christ's Commission Fellowship,333,1,1,1,0,2,0,,
200,sermon,sermon-sitemap,https://www.ccf.org.ph/message/be-a-blessing-with-your-words-pm-runthrough/,https://www.ccf.org.ph/message/be-a-blessing-with-your-words-pm-runthrough/,https://www.ccf.org.ph/message/be-a-blessing-with-your-words-pm-runthrough/,28742,2023-11-03T16:15:56+00:00,Be A Blessing With Your Words - PM - Runthrough - Christ's Commission Fellowship,352,1,1,1,0,2,1,,
200,sermon,sermon-sitemap,https://www.ccf.org.ph/message/be-a-blessing-with-your-words-pm/,https://www.ccf.org.ph/message/be-a-blessing-with-your-words-pm/,https://www.ccf.org.ph/message/be-a-blessing-with-your-words-pm/,28065,2023-10-30T22:28:42+00:00,Be A Blessing With Your Words - PM - Christ's Commission Fellowship,366,1,1,1,0,2,0,,
200,sermon,sermon-sitemap,https://www.ccf.org.ph/message/be-a-change-maker-with-a-strong-heart-am/,https://www.ccf.org.ph/message/be-a-change-maker-with-a-strong-heart-am/,https://www.ccf.org.ph/message/be-a-change-maker-with-a-strong-heart-am/,27226,2023-10-28T17:26:52+00:00,Be A Change Maker With A Strong Heart - AM - Christ's Commission Fellowship,374,1,1,1,0,2,0,,
200,sermon,sermon-sitemap,https://www.ccf.org.ph/message/be-a-change-maker-with-a-strong-heart-pm/,https://www.ccf.org.ph/message/be-a-change-maker-with-a-strong-heart-pm/,https://www.ccf.org.ph/message/be-a-change-maker-with-a-strong-heart-pm/,27225,2023-10-28T17:27:17+00:00,Be A Change Maker With A Strong Heart - PM - Christ's Commission Fellowship,389,1,1,1,0,2,0,,
200,sermon,sermon-sitemap,https://www.ccf.org.ph/message/be-a-faithful-witness-2/,https://www.ccf.org.ph/message/be-a-faithful-witness-2/,https://www.ccf.org.ph/message/be-a-faithful-witness-2/,15805,2019-09-23T01:00:53+00:00,Be a Faithful Witness - Christ's Commission Fellowship,428,1,1,0,0,2,0,,
200,sermon,sermon-sitemap,https://www.ccf.org.ph/message/be-a-faithful-witness/,https://www.ccf.org.ph/message/be-a-faithful-witness/,https://www.ccf.org.ph/message/be-a-faithful-witness/,15803,2019-09-23T01:00:04+00:00,Be A Faithful Witness - Christ's Commission Fellowship,427,1,1,0,0,2,0,,
200,sermon,sermon-sitemap,https://www.ccf.org.ph/message/be-a-life-giver/,https://www.ccf.org.ph/message/be-a-life-giver/,https://www.ccf.org.ph/message/be-a-life-giver/,14325,2018-09-22T06:13:26+00:00,Be a Life Giver - Christ's Commission Fellowship,95,1,1,0,0,2,0,,
200,sermon,sermon-sitemap,https://www.ccf.org.ph/message/be-a-peacemaker/,https://www.ccf.org.ph/message/be-a-peacemaker/,https://www.ccf.org.ph/message/be-a-peacemaker/,14138,2018-09-22T05:56:33+00:00,Be a Peacemaker - Christ's Commission Fellowship,95,1,1,0,0,2,0,,
200,sermon,sermon-sitemap,https://www.ccf.org.ph/message/be-an-influencer-for-christ-be-salt-light-am-runthrough/,https://www.ccf.org.ph/message/be-an-influencer-for-christ-be-salt-light-am-runthrough/,https://www.ccf.org.ph/message/be-an-influencer-for-christ-be-salt-light-am-runthrough/,35168,2024-09-19T02:04:39+00:00,Be An Influencer for Christ: Be Salt & Light - AM - Runthrough - Christ's Commission Fellowship,461,1,1,1,0,2,2,,
200,sermon,sermon-sitemap,https://www.ccf.org.ph/message/be-an-influencer-for-christ-be-salt-light-am/,https://www.ccf.org.ph/message/be-an-influencer-for-christ-be-salt-light-am/,https://www.ccf.org.ph/message/be-an-influencer-for-christ-be-salt-light-am/,35145,2024-09-22T15:35:33+00:00,Be An Influencer for Christ: Be Salt & Light - AM - Christ's Commission Fellowship,354,1,1,1,0,2,0,,
200,sermon,sermon-sitemap,https://www.ccf.org.ph/message/be-an-influencer-for-christ-be-salt-light-pm-runthrough/,https://www.ccf.org.ph/message/be-an-influencer-for-christ-be-salt-light-pm-runthrough/,https://www.ccf.org.ph/message/be-an-influencer-for-christ-be-salt-light-pm-runthrough/,35169,2024-09-19T02:07:01+00:00,Be An Influencer for Christ: Be Salt & Light - PM - Runthrough - Christ's Commission Fellowship,501,1,1,1,0,2,2,,
200,sermon,sermon-sitemap,https://www.ccf.org.ph/message/be-an-influencer-for-christ-be-salt-light-pm/,https://www.ccf.org.ph/message/be-an-influencer-for-christ-be-salt-light-pm/,https://www.ccf.org.ph/message/be-an-influencer-for-christ-be-salt-light-pm/,35146,2024-09-22T15:33:42+00:00,Be An Influencer for Christ: Be Salt & Light - PM - Christ's Commission Fellowship,373,1,1,1,0,2,0,,
200,sermon,sermon-sitemap,https://www.ccf.org.ph/message/be-an-influencer-for-god-am/,https://www.ccf.org.ph/message/be-an-influencer-for-god-am/,https://www.ccf.org.ph/message/be-an-influencer-for-god-am/,25776,2021-04-26T03:25:17+00:00,Be an Influencer for God - AM - Christ's Commission Fellowship,97,1,1,1,0,2,0,,
200,sermon,sermon-sitemap,https://www.ccf.org.ph/message/be-an-influencer-for-god-pm/,https://www.ccf.org.ph/message/be-an-influencer-for-god-pm/,https://www.ccf.org.ph/message/be-an-influencer-for-god-pm/,25779,2021-04-26T03:24:13+00:00,Be an Influencer for God - PM - Christ's Commission Fellowship,96,1,1,1,0,2,0,,
200,sermon,sermon-sitemap,https://www.ccf.org.ph/message/be-broken-be-blessed-2/,https://www.ccf.org.ph/message/be-broken-be-blessed-2/,https://www.ccf.org.ph/message/be-broken-be-blessed-2/,15944,2019-10-21T01:00:28+00:00,"Be Broken, Be Blessed - Christ's Commission Fellowship",402,1,1,0,0,2,0,,
200,sermon,sermon-sitemap,https://www.ccf.org.ph/message/be-broken-be-blessed/,https://www.ccf.org.ph/message/be-broken-be-blessed/,https://www.ccf.org.ph/message/be-broken-be-blessed/,15945,2019-10-21T01:00:35+00:00,"Be Broken, Be Blessed - Christ's Commission Fellowship",402,1,1,0,0,2,0,,
200,sermon,sermon-sitemap,https://www.ccf.org.ph/message/be-courageous-2/,https://www.ccf.org.ph/message/be-courageous-2/,https://www.ccf.org.ph/message/be-courageous-2/,14844,2019-03-04T01:00:57+00:00,Be Courageous - Christ's Commission Fellowship,93,1,1,0,0,2,0,,
200,sermon,sermon-sitemap,https://www.ccf.org.ph/message/be-courageous/,https://www.ccf.org.ph/message/be-courageous/,https://www.ccf.org.ph/message/be-courageous/,14842,2019-03-04T01:00:06+00:00,Be Courageous - Christ's Commission Fellowship,93,1,1,0,0,2,0,,
200,sermon,sermon-sitemap,https://www.ccf.org.ph/message/be-faithful-be-victorious-am/,https://www.ccf.org.ph/message/be-faithful-be-victorious-am/,https://www.ccf.org.ph/message/be-faithful-be-victorious-am/,27276,2023-10-28T18:04:02+00:00,"Be Faithful, Be Victorious - AM - Christ's Commission Fellowship",408,1,1,1,0,2,0,,
200,sermon,sermon-sitemap,https://www.ccf.org.ph/message/be-faithful-be-victorious-pm/,https://www.ccf.org.ph/message/be-faithful-be-victorious-pm/,https://www.ccf.org.ph/message/be-faithful-be-victorious-pm/,27275,2023-10-28T18:04:15+00:00,"Be Faithful, Be Victorious - PM - Christ's Commission Fellowship",427,1,1,1,0,2,0,,
200,sermon,sermon-sitemap,https://www.ccf.org.ph/message/be-faithful-to-the-end/,https://www.ccf.org.ph/message/be-faithful-to-the-end/,https://www.ccf.org.ph/message/be-faithful-to-the-end/,15876,2019-10-07T01:00:11+00:00,Be Faithful to the End - Christ's Commission Fellowship,286,1,1,0,0,2,0,,
200,sermon,sermon-sitemap,https://www.ccf.org.ph/message/be-full-of-mercy-afn/,https://www.ccf.org.ph/message/be-full-of-mercy-afn/,https://www.ccf.org.ph/message/be-full-of-mercy-afn/,14084,2018-09-22T05:53:38+00:00,Be Full Of Mercy - Christ's Commission Fellowship,96,1,1,0,0,2,0,,
200,sermon,sermon-sitemap,https://www.ccf.org.ph/message/be-full-of-mercy/,https://www.ccf.org.ph/message/be-full-of-mercy/,https://www.ccf.org.ph/message/be-full-of-mercy/,14085,2018-09-22T05:53:43+00:00,Be Full Of Mercy - Christ's Commission Fellowship,96,1,1,0,0,2,0,,
200,sermon,sermon-sitemap,https://www.ccf.org.ph/message/be-gentle-afn/,https://www.ccf.org.ph/message/be-gentle-afn/,https://www.ccf.org.ph/message/be-gentle-afn/,14020,2018-09-22T05:50:40+00:00,Be Gentle - Christ's Commission Fellowship,89,1,1,0,0,2,0,,
200,sermon,sermon-sitemap,https://www.ccf.org.ph/message/be-gentle/,https://www.ccf.org.ph/message/be-gentle/,https://www.ccf.org.ph/message/be-gentle/,14013,2018-09-22T05:50:35+00:00,Be Gentle - Christ's Commission Fellowship,89,1,1,0,0,2,0,,
200,sermon,sermon-sitemap,https://www.ccf.org.ph/message/be-genuine-not-fake-am-runthrough/,https://www.ccf.org.ph/message/be-genuine-not-fake-am-runthrough/,https://www.ccf.org.ph/message/be-genuine-not-fake-am-runthrough/,28717,2023-11-03T15:56:39+00:00,"Be Genuine, Not Fake - AM - Runthrough - Christ's Commission Fellowship",389,1,1,1,0,2,1,,
200,sermon,sermon-sitemap,https://www.ccf.org.ph/message/be-genuine-not-fake-am/,https://www.ccf.org.ph/message/be-genuine-not-fake-am/,https://www.ccf.org.ph/message/be-genuine-not-fake-am/,28111,2023-10-31T00:43:07+00:00,"Be Genuine, Not Fake - AM - Christ's Commission Fellowship",293,1,1,1,0,2,0,,
200,sermon,sermon-sitemap,https://www.ccf.org.ph/message/be-genuine-not-fake-pm-runthrough/,https://www.ccf.org.ph/message/be-genuine-not-fake-pm-runthrough/,https://www.ccf.org.ph/message/be-genuine-not-fake-pm-runthrough/,28720,2023-11-03T15:57:14+00:00,"Be Genuine, Not Fake - PM - Runthrough - Christ's Commission Fellowship",379,1,1,1,0,2,1,,
200,sermon,sermon-sitemap,https://www.ccf.org.ph/message/be-genuine-not-fake-pm/,https://www.ccf.org.ph/message/be-genuine-not-fake-pm/,https://www.ccf.org.ph/message/be-genuine-not-fake-pm/,28112,2023-10-31T00:43:21+00:00,"Be Genuine, Not Fake - PM - Christ's Commission Fellowship",332,1,1,1,0,2,0,,
200,sermon,sermon-sitemap,https://www.ccf.org.ph/message/be-gods-missionary-am-runthrough/,https://www.ccf.org.ph/message/be-gods-missionary-am-runthrough/,https://www.ccf.org.ph/message/be-gods-missionary-am-runthrough/,28760,2023-11-03T16:28:31+00:00,Be God's Missionary - AM - Runthrough - Christ's Commission Fellowship,352,1,1,1,0,2,1,,
200,sermon,sermon-sitemap,https://www.ccf.org.ph/message/be-gods-missionary-am/,https://www.ccf.org.ph/message/be-gods-missionary-am/,https://www.ccf.org.ph/message/be-gods-missionary-am/,28025,2023-10-30T21:10:23+00:00,Be God's Missionary - AM - Christ's Commission Fellowship,293,1,1,1,0,2,0,,
200,sermon,sermon-sitemap,https://www.ccf.org.ph/message/be-gods-missionary-pm-runthrough/,https://www.ccf.org.ph/message/be-gods-missionary-pm-runthrough/,https://www.ccf.org.ph/message/be-gods-missionary-pm-runthrough/,28761,2023-11-03T16:29:11+00:00,Be God's Missionary - PM - Runthrough - Christ's Commission Fellowship,413,1,1,1,0,2,1,,
200,sermon,sermon-sitemap,https://www.ccf.org.ph/message/be-gods-missionary-pm/,https://www.ccf.org.ph/message/be-gods-missionary-pm/,https://www.ccf.org.ph/message/be-gods-missionary-pm/,28026,2023-10-30T21:10:39+00:00,Be God's Missionary - PM - Christ's Commission Fellowship,402,1,1,1,0,2,0,,
200,sermon,sermon-sitemap,https://www.ccf.org.ph/message/be-grateful-for-gods-sovereign-grace-am/,https://www.ccf.org.ph/message/be-grateful-for-gods-sovereign-grace-am/,https://www.ccf.org.ph/message/be-grateful-for-gods-sovereign-grace-am/,27902,2023-10-30T07:28:07+00:00,Be Grateful for God's Sovereign Grace - AM - Christ's Commission Fellowship,354,1,1,1,0,2,0,,
200,sermon,sermon-sitemap,https://www.ccf.org.ph/message/be-grateful-for-gods-sovereign-grace-pm/,https://www.ccf.org.ph/message/be-grateful-for-gods-sovereign-grace-pm/,https://www.ccf.org.ph/message/be-grateful-for-gods-sovereign-grace-pm/,27903,2023-10-30T07:28:31+00:00,Be Grateful for God's Sovereign Grace - PM - Christ's Commission Fellowship,363,1,1,1,0,2,0,,
200,sermon,sermon-sitemap,https://www.ccf.org.ph/message/be-inexplicably-generous/,https://www.ccf.org.ph/message/be-inexplicably-generous/,https://www.ccf.org.ph/message/be-inexplicably-generous/,14873,2019-03-11T01:00:59+00:00,Be Inexplicably Generous - Christ's Commission Fellowship,479,1,1,0,0,2,0,,
200,sermon,sermon-sitemap,https://www.ccf.org.ph/message/be-intentional-am/,https://www.ccf.org.ph/message/be-intentional-am/,https://www.ccf.org.ph/message/be-intentional-am/,25432,2021-04-05T04:16:26+00:00,Be Intentional - AM - Christ's Commission Fellowship,99,1,1,1,0,2,0,,
200,sermon,sermon-sitemap,https://www.ccf.org.ph/message/be-intentional-pm/,https://www.ccf.org.ph/message/be-intentional-pm/,https://www.ccf.org.ph/message/be-intentional-pm/,25433,2021-04-05T04:25:08+00:00,Be Intentional - PM - Christ's Commission Fellowship,98,1,1,1,0,2,0,,
200,sermon,sermon-sitemap,https://www.ccf.org.ph/message/be-ready-for-the-inevitable/,https://www.ccf.org.ph/message/be-ready-for-the-inevitable/,https://www.ccf.org.ph/message/be-ready-for-the-inevitable/,17377,2021-07-27T05:32:49+00:00,Be Ready for the Inevitable - AM - Christ's Commission Fellowship,112,1,1,1,0,2,0,,
200,sermon,sermon-sitemap,https://www.ccf.org.ph/message/be-ready-for-the-kings-return-am-runthrough/,https://www.ccf.org.ph/message/be-ready-for-the-kings-return-am-runthrough/,https://www.ccf.org.ph/message/be-ready-for-the-kings-return-am-runthrough/,28721,2023-11-03T15:57:53+00:00,Be Ready For The King's Return - AM - Runthrough - Christ's Commission Fellowship,363,1,1,1,0,2,1,,
200,sermon,sermon-sitemap,https://www.ccf.org.ph/message/be-ready-for-the-kings-return-am/,https://www.ccf.org.ph/message/be-ready-for-the-kings-return-am/,https://www.ccf.org.ph/message/be-ready-for-the-kings-return-am/,28107,2023-10-31T00:38:39+00:00,Be Ready For The King's Return - AM - Christ's Commission Fellowship,369,1,1,1,0,2,0,,
200,sermon,sermon-sitemap,https://www.ccf.org.ph/message/be-ready-for-the-kings-return-pm-runthrough/,https://www.ccf.org.ph/message/be-ready-for-the-kings-return-pm-runthrough/,https://www.ccf.org.ph/message/be-ready-for-the-kings-return-pm-runthrough/,28722,2023-11-03T15:58:33+00:00,Be Ready For The King's Return - PM - Runthrough - Christ's Commission Fellowship,384,1,1,1,0,2,1,,
200,sermon,sermon-sitemap,https://www.ccf.org.ph/message/be-ready-for-the-kings-return-pm/,https://www.ccf.org.ph/message/be-ready-for-the-kings-return-pm/,https://www.ccf.org.ph/message/be-ready-for-the-kings-return-pm/,28106,2023-10-31T00:38:51+00:00,Be Ready For The King's Return - PM - Christ's Commission Fellowship,407,1,1,1,0,2,0,,
200,sermon,sermon-sitemap,https://www.ccf.org.ph/message/be-ready-god-keeps-his-word-am-runthrough/,https://www.ccf.org.ph/message/be-ready-god-keeps-his-word-am-runthrough/,https://www.ccf.org.ph/message/be-ready-god-keeps-his-word-am-runthrough/,26585,2021-07-07T12:13:43+00:00,Be Ready: God Keeps His Word - AM - Runthrough - Christ's Commission Fellowship,126,1,1,1,0,2,0,,
200,sermon,sermon-sitemap,https://www.ccf.org.ph/message/be-ready-god-keeps-his-word-am/,https://www.ccf.org.ph/message/be-ready-god-keeps-his-word-am/,https://www.ccf.org.ph/message/be-ready-god-keeps-his-word-am/,26545,2021-07-27T05:04:23+00:00,Be Ready: God Keeps His Word - AM - Christ's Commission Fellowship,101,1,1,1,0,2,0,,
200,sermon,sermon-sitemap,https://www.ccf.org.ph/message/be-ready-god-keeps-his-word-pm-runthrough/,https://www.ccf.org.ph/message/be-ready-god-keeps-his-word-pm-runthrough/,https://www.ccf.org.ph/message/be-ready-god-keeps-his-word-pm-runthrough/,26586,2021-07-07T12:15:09+00:00,Be Ready: God Keeps His Word - PM - Runthrough - Christ's Commission Fellowship,126,1,1,1,0,2,0,,
200,sermon,sermon-sitemap,https://www.ccf.org.ph/message/be-ready-god-keeps-his-word-pm/,https://www.ccf.org.ph/message/be-ready-god-keeps-his-word-pm/,https://www.ccf.org.ph/message/be-ready-god-keeps-his-word-pm/,26546,2021-07-27T04:57:36+00:00,Be Ready: God Keeps His Word - PM - Christ's Commission Fellowship,101,1,1,1,0,2,0,,
200,sermon,sermon-sitemap,https://www.ccf.org.ph/message/be-selfless-am/,https://www.ccf.org.ph/message/be-selfless-am/,https://www.ccf.org.ph/message/be-selfless-am/,27185,2023-10-28T17:09:19+00:00,Be Selfless - AM - Christ's Commission Fellowship,505,1,1,1,0,2,0,,
200,sermon,sermon-sitemap,https://www.ccf.org.ph/message/be-selfless-pm/,https://www.ccf.org.ph/message/be-selfless-pm/,https://www.ccf.org.ph/message/be-selfless-pm/,27187,2023-10-28T17:09:37+00:00,Be Selfless - PM - Christ's Commission Fellowship,314,1,1,1,0,2,0,,
200,sermon,sermon-sitemap,https://www.ccf.org.ph/message/be-sure-of-your-salvation/,https://www.ccf.org.ph/message/be-sure-of-your-salvation/,https://www.ccf.org.ph/message/be-sure-of-your-salvation/,14637,2018-12-24T01:00:49+00:00,Be Sure of Your Salvation - Christ's Commission Fellowship,105,1,1,0,0,2,0,,
200,sermon,sermon-sitemap,https://www.ccf.org.ph/message/be-truthful-2/,https://www.ccf.org.ph/message/be-truthful-2/,https://www.ccf.org.ph/message/be-truthful-2/,14444,2018-10-08T01:00:48+00:00,"Be Truthful, Keep Your Word - Christ's Commission Fellowship",107,1,1,0,0,2,0,,
200,sermon,sermon-sitemap,https://www.ccf.org.ph/message/be-truthful/,https://www.ccf.org.ph/message/be-truthful/,https://www.ccf.org.ph/message/be-truthful/,14442,2018-10-08T01:00:14+00:00,"Be Truthful, Keep Your Word - Christ's Commission Fellowship",107,1,1,0,0,2,0,,
200,sermon,sermon-sitemap,https://www.ccf.org.ph/message/be-victorious-choose-god-am/,https://www.ccf.org.ph/message/be-victorious-choose-god-am/,https://www.ccf.org.ph/message/be-victorious-choose-god-am/,27259,2023-10-28T17:55:01+00:00,"Be Victorious, Choose God - AM - Christ's Commission Fellowship",330,1,1,1,0,2,0,,
200,sermon,sermon-sitemap,https://www.ccf.org.ph/message/be-victorious-choose-god-pm/,https://www.ccf.org.ph/message/be-victorious-choose-god-pm/,https://www.ccf.org.ph/message/be-victorious-choose-god-pm/,27262,2023-10-28T17:55:09+00:00,"Be Victorious, Choose God - PM - Christ's Commission Fellowship",292,1,1,1,0,2,0,,
200,sermon,sermon-sitemap,https://www.ccf.org.ph/message/being-obedient-wins-afn/,https://www.ccf.org.ph/message/being-obedient-wins-afn/,https://www.ccf.org.ph/message/being-obedient-wins-afn/,11067,2017-03-20T01:00:26+00:00,Being Obedient Wins - Christ's Commission Fellowship,171,1,1,0,0,2,0,,
200,sermon,sermon-sitemap,https://www.ccf.org.ph/message/being-obedient-wins/,https://www.ccf.org.ph/message/being-obedient-wins/,https://www.ccf.org.ph/message/being-obedient-wins/,11066,2017-08-12T06:01:46+00:00,Being Obedient Wins - Christ's Commission Fellowship,567,1,1,0,0,2,0,,
200,sermon,sermon-sitemap,https://www.ccf.org.ph/message/believe-and-be-saved-am-runthrough/,https://www.ccf.org.ph/message/believe-and-be-saved-am-runthrough/,https://www.ccf.org.ph/message/believe-and-be-saved-am-runthrough/,28808,2023-11-04T00:40:37+00:00,Believe and Be Saved! - AM - Runthrough - Christ's Commission Fellowship,339,1,1,1,0,2,1,,
200,sermon,sermon-sitemap,https://www.ccf.org.ph/message/believe-and-be-saved-am/,https://www.ccf.org.ph/message/believe-and-be-saved-am/,https://www.ccf.org.ph/message/believe-and-be-saved-am/,27908,2023-10-30T07:34:37+00:00,Believe and Be Saved! - AM - Christ's Commission Fellowship,357,1,1,1,0,2,0,,
200,sermon,sermon-sitemap,https://www.ccf.org.ph/message/believe-and-be-saved-pm-runthrough/,https://www.ccf.org.ph/message/believe-and-be-saved-pm-runthrough/,https://www.ccf.org.ph/message/believe-and-be-saved-pm-runthrough/,28810,2023-11-04T00:41:18+00:00,Believe and Be Saved! - PM - Runthrough - Christ's Commission Fellowship,399,1,1,1,0,2,1,,
200,sermon,sermon-sitemap,https://www.ccf.org.ph/message/believe-and-be-saved-pm/,https://www.ccf.org.ph/message/believe-and-be-saved-pm/,https://www.ccf.org.ph/message/believe-and-be-saved-pm/,27907,2023-10-30T07:35:36+00:00,Believe and Be Saved! - PM - Christ's Commission Fellowship,363,1,1,1,0,2,0,,
200,sermon,sermon-sitemap,https://www.ccf.org.ph/message/beware-complaints-trust-god/,https://www.ccf.org.ph/message/beware-complaints-trust-god/,https://www.ccf.org.ph/message/beware-complaints-trust-god/,12833,2018-01-11T11:57:27+00:00,Beware of Your Complaints: Trust God - Christ's Commission Fellowship,234,1,1,0,0,2,0,,
200,sermon,sermon-sitemap,https://www.ccf.org.ph/message/beware-entitlement-grateful/,https://www.ccf.org.ph/message/beware-entitlement-grateful/,https://www.ccf.org.ph/message/beware-entitlement-grateful/,12533,2017-09-12T03:45:07+00:00,Beware of Entitlement: Be Grateful - Christ's Commission Fellowship,193,1,1,0,0,2,0,,
200,sermon,sermon-sitemap,https://www.ccf.org.ph/message/beware-of-pride-be-humble-am-runthrough/,https://www.ccf.org.ph/message/beware-of-pride-be-humble-am-runthrough/,https://www.ccf.org.ph/message/beware-of-pride-be-humble-am-runthrough/,28713,2023-11-03T15:52:10+00:00,"Beware Of Pride, Be Humble - AM - Runthrough - Christ's Commission Fellowship",393,1,1,1,0,2,1,,
200,sermon,sermon-sitemap,https://www.ccf.org.ph/message/beware-of-pride-be-humble-am/,https://www.ccf.org.ph/message/beware-of-pride-be-humble-am/,https://www.ccf.org.ph/message/beware-of-pride-be-humble-am/,28123,2023-10-31T01:02:30+00:00,"Beware of Pride, Be Humble - AM - Christ's Commission Fellowship",376,1,1,1,0,2,0,,
200,sermon,sermon-sitemap,https://www.ccf.org.ph/message/beware-of-pride-be-humble-pm-runthrough/,https://www.ccf.org.ph/message/beware-of-pride-be-humble-pm-runthrough/,https://www.ccf.org.ph/message/beware-of-pride-be-humble-pm-runthrough/,28715,2023-11-03T15:52:53+00:00,"Beware Of Pride, Be Humble - PM - Runthrough - Christ's Commission Fellowship",412,1,1,1,0,2,1,,
200,sermon,sermon-sitemap,https://www.ccf.org.ph/message/beware-of-pride-be-humble-pm/,https://www.ccf.org.ph/message/beware-of-pride-be-humble-pm/,https://www.ccf.org.ph/message/beware-of-pride-be-humble-pm/,28124,2023-10-31T01:02:08+00:00,"Beware of Pride, Be Humble - PM - Christ's Commission Fellowship",400,1,1,1,0,2,0,,
200,sermon,sermon-sitemap,https://www.ccf.org.ph/message/beware-selfishness-mind-christ/,https://www.ccf.org.ph/message/beware-selfishness-mind-christ/,https://www.ccf.org.ph/message/beware-selfishness-mind-christ/,12815,2018-01-11T11:59:05+00:00,Beware of Selfishness: Have the Mind of Christ - Christ's Commission Fellowship,216,1,1,0,0,2,0,,
200,sermon,sermon-sitemap,https://www.ccf.org.ph/message/bless-lord-o-soul-2/,https://www.ccf.org.ph/message/bless-lord-o-soul-2/,https://www.ccf.org.ph/message/bless-lord-o-soul-2/,18479,2021-07-27T06:41:04+00:00,Bless The Lord O My Soul - PM - Christ's Commission Fellowship,108,1,1,1,0,2,0,,
200,sermon,sermon-sitemap,https://www.ccf.org.ph/message/bless-lord-o-soul/,https://www.ccf.org.ph/message/bless-lord-o-soul/,https://www.ccf.org.ph/message/bless-lord-o-soul/,18476,2021-07-27T06:40:54+00:00,Bless the Lord O My Soul - AM - Christ's Commission Fellowship,108,1,1,1,0,2,0,,
200,sermon,sermon-sitemap,https://www.ccf.org.ph/message/blessed-to-bless-am/,https://www.ccf.org.ph/message/blessed-to-bless-am/,https://www.ccf.org.ph/message/blessed-to-bless-am/,20429,2021-04-20T09:03:12+00:00,Blessed to Bless - AM - Christ's Commission Fellowship,101,1,1,1,0,2,0,,
200,sermon,sermon-sitemap,https://www.ccf.org.ph/message/blessed-to-bless-pm/,https://www.ccf.org.ph/message/blessed-to-bless-pm/,https://www.ccf.org.ph/message/blessed-to-bless-pm/,20432,2021-04-21T08:59:44+00:00,Blessed to Bless - PM - Christ's Commission Fellowship,100,1,1,1,0,2,0,,
200,sermon,sermon-sitemap,https://www.ccf.org.ph/message/blessing-share-gospel-2/,https://www.ccf.org.ph/message/blessing-share-gospel-2/,https://www.ccf.org.ph/message/blessing-share-gospel-2/,15063,2019-04-10T03:04:27+00:00,Be a Blessing: Share the Gospel - Christ's Commission Fellowship,368,1,1,0,0,2,0,,
200,sermon,sermon-sitemap,https://www.ccf.org.ph/message/blessing-share-gospel/,https://www.ccf.org.ph/message/blessing-share-gospel/,https://www.ccf.org.ph/message/blessing-share-gospel/,15060,2019-04-08T01:00:15+00:00,Be a Blessing: Share the Gospel - Christ's Commission Fellowship,367,1,1,0,0,2,0,,
200,sermon,sermon-sitemap,https://www.ccf.org.ph/message/breaking-bad-habits-am-runthrough/,https://www.ccf.org.ph/message/breaking-bad-habits-am-runthrough/,https://www.ccf.org.ph/message/breaking-bad-habits-am-runthrough/,28738,2023-11-03T16:13:20+00:00,Breaking Bad Habits - AM - Runthrough - Christ's Commission Fellowship,308,1,1,1,0,2,1,,
200,sermon,sermon-sitemap,https://www.ccf.org.ph/message/breaking-bad-habits-am/,https://www.ccf.org.ph/message/breaking-bad-habits-am/,https://www.ccf.org.ph/message/breaking-bad-habits-am/,28070,2023-10-30T22:42:38+00:00,Breaking Bad Habits - AM - Christ's Commission Fellowship,247,1,1,1,0,2,0,,
200,sermon,sermon-sitemap,https://www.ccf.org.ph/message/breaking-bad-habits-pm-runthrough/,https://www.ccf.org.ph/message/breaking-bad-habits-pm-runthrough/,https://www.ccf.org.ph/message/breaking-bad-habits-pm-runthrough/,28740,2023-11-03T16:14:03+00:00,Breaking Bad Habits - PM - Runthrough - Christ's Commission Fellowship,330,1,1,1,0,2,1,,
200,sermon,sermon-sitemap,https://www.ccf.org.ph/message/breaking-bad-habits-pm/,https://www.ccf.org.ph/message/breaking-bad-habits-pm/,https://www.ccf.org.ph/message/breaking-bad-habits-pm/,28069,2023-10-30T22:42:42+00:00,Breaking Bad Habits - PM - Christ's Commission Fellowship,324,1,1,1,0,2,0,,
200,sermon,sermon-sitemap,https://www.ccf.org.ph/message/broken-blessed-part-2-2/,https://www.ccf.org.ph/message/broken-blessed-part-2-2/,https://www.ccf.org.ph/message/broken-blessed-part-2-2/,15992,2019-10-28T01:00:17+00:00,"Be Broken, Be Blessed (Part 2) - Christ's Commission Fellowship",693,1,1,0,0,2,0,,
200,sermon,sermon-sitemap,https://www.ccf.org.ph/message/broken-blessed-part-2/,https://www.ccf.org.ph/message/broken-blessed-part-2/,https://www.ccf.org.ph/message/broken-blessed-part-2/,15993,2019-10-28T01:00:25+00:00,"Be Broken, Be Blessed (Part 2) - Christ's Commission Fellowship",693,1,1,0,0,2,0,,
200,sermon,sermon-sitemap,https://www.ccf.org.ph/message/broken-live-gods-heart-2/,https://www.ccf.org.ph/message/broken-live-gods-heart-2/,https://www.ccf.org.ph/message/broken-live-gods-heart-2/,16036,2019-11-11T01:00:28+00:00,Be Broken to Live After God's Heart - Christ's Commission Fellowship,484,1,1,0,0,2,0,,
200,sermon,sermon-sitemap,https://www.ccf.org.ph/message/broken-live-gods-heart/,https://www.ccf.org.ph/message/broken-live-gods-heart/,https://www.ccf.org.ph/message/broken-live-gods-heart/,16035,2019-11-11T01:00:21+00:00,Be Broken to Live After God's Heart - Christ's Commission Fellowship,484,1,1,0,0,2,0,,
200,sermon,sermon-sitemap,https://www.ccf.org.ph/message/build-a-strong-family-am-runthrough/,https://www.ccf.org.ph/message/build-a-strong-family-am-runthrough/,https://www.ccf.org.ph/message/build-a-strong-family-am-runthrough/,35046,2024-09-04T07:27:58+00:00,Build A Strong Family - AM - Runthrough - Christ's Commission Fellowship,405,1,1,1,0,2,2,,
200,sermon,sermon-sitemap,https://www.ccf.org.ph/message/build-a-strong-family-am/,https://www.ccf.org.ph/message/build-a-strong-family-am/,https://www.ccf.org.ph/message/build-a-strong-family-am/,35000,2024-09-08T16:29:03+00:00,Build A Strong Family - AM - Christ's Commission Fellowship,306,1,1,1,0,2,0,,
200,sermon,sermon-sitemap,https://www.ccf.org.ph/message/build-a-strong-family-pm-runthrough/,https://www.ccf.org.ph/message/build-a-strong-family-pm-runthrough/,https://www.ccf.org.ph/message/build-a-strong-family-pm-runthrough/,35047,2024-09-04T07:28:09+00:00,Build A Strong Family - PM - Runthrough - Christ's Commission Fellowship,399,1,1,1,0,2,2,,
200,sermon,sermon-sitemap,https://www.ccf.org.ph/message/build-a-strong-family-pm/,https://www.ccf.org.ph/message/build-a-strong-family-pm/,https://www.ccf.org.ph/message/build-a-strong-family-pm/,35007,2024-09-08T16:28:44+00:00,Build A Strong Family - PM - Christ's Commission Fellowship,382,1,1,1,0,2,0,,
200,sermon,sermon-sitemap,https://www.ccf.org.ph/message/build-keystone-habits-am-runthrough/,https://www.ccf.org.ph/message/build-keystone-habits-am-runthrough/,https://www.ccf.org.ph/message/build-keystone-habits-am-runthrough/,28736,2023-11-03T16:10:45+00:00,Build Keystone Habits - AM - Runthrough - Christ's Commission Fellowship,377,1,1,1,0,2,1,,
200,sermon,sermon-sitemap,https://www.ccf.org.ph/message/build-keystone-habits-am/,https://www.ccf.org.ph/message/build-keystone-habits-am/,https://www.ccf.org.ph/message/build-keystone-habits-am/,28073,2023-10-30T22:50:28+00:00,Build Keystone Habits - AM - Christ's Commission Fellowship,396,1,1,1,0,2,0,,
200,sermon,sermon-sitemap,https://www.ccf.org.ph/message/build-keystone-habits-pm-runthrough/,https://www.ccf.org.ph/message/build-keystone-habits-pm-runthrough/,https://www.ccf.org.ph/message/build-keystone-habits-pm-runthrough/,28737,2023-11-03T16:11:29+00:00,Build Keystone Habits - PM - Runthrough - Christ's Commission Fellowship,441,1,1,1,0,2,1,,
200,sermon,sermon-sitemap,https://www.ccf.org.ph/message/build-keystone-habits-pm/,https://www.ccf.org.ph/message/build-keystone-habits-pm/,https://www.ccf.org.ph/message/build-keystone-habits-pm/,28074,2023-10-30T22:50:47+00:00,Build Keystone Habits - PM - Christ's Commission Fellowship,355,1,1,1,0,2,0,,
200,sermon,sermon-sitemap,https://www.ccf.org.ph/message/build-life-right-foundation-2/,https://www.ccf.org.ph/message/build-life-right-foundation-2/,https://www.ccf.org.ph/message/build-life-right-foundation-2/,14693,2019-01-07T01:00:12+00:00,Build Your Life on the Right Foundation - Christ's Commission Fellowship,360,1,1,0,0,2,0,,
200,sermon,sermon-sitemap,https://www.ccf.org.ph/message/build-life-right-foundation/,https://www.ccf.org.ph/message/build-life-right-foundation/,https://www.ccf.org.ph/message/build-life-right-foundation/,14691,2019-01-07T01:00:17+00:00,Build Your Life on the Right Foundation - Christ's Commission Fellowship,360,1,1,0,0,2,0,,
200,sermon,sermon-sitemap,https://www.ccf.org.ph/message/build-relationships-2/,https://www.ccf.org.ph/message/build-relationships-2/,https://www.ccf.org.ph/message/build-relationships-2/,11791,2017-06-13T07:38:23+00:00,Build Relationships - Christ's Commission Fellowship,154,1,1,0,0,2,0,,
200,sermon,sermon-sitemap,https://www.ccf.org.ph/message/build-relationships/,https://www.ccf.org.ph/message/build-relationships/,https://www.ccf.org.ph/message/build-relationships/,11792,2017-08-12T06:33:05+00:00,Build Relationships - Christ's Commission Fellowship,480,1,1,0,0,2,0,,
200,sermon,sermon-sitemap,https://www.ccf.org.ph/message/build-up-one-another-am-runthrough/,https://www.ccf.org.ph/message/build-up-one-another-am-runthrough/,https://www.ccf.org.ph/message/build-up-one-another-am-runthrough/,29143,2023-11-15T06:39:29+00:00,Build Up One Another - AM - Runthrough - Christ's Commission Fellowship,372,1,1,1,0,2,2,,
200,sermon,sermon-sitemap,https://www.ccf.org.ph/message/build-up-one-another-am/,https://www.ccf.org.ph/message/build-up-one-another-am/,https://www.ccf.org.ph/message/build-up-one-another-am/,29020,2023-11-11T10:56:37+00:00,Build Up One Another - AM - Christ's Commission Fellowship,474,1,1,1,0,2,0,,
200,sermon,sermon-sitemap,https://www.ccf.org.ph/message/build-up-one-another-pm-runthrough/,https://www.ccf.org.ph/message/build-up-one-another-pm-runthrough/,https://www.ccf.org.ph/message/build-up-one-another-pm-runthrough/,29144,2023-11-15T06:39:51+00:00,Build Up One Another - PM - Runthrough - Christ's Commission Fellowship,431,1,1,1,0,2,2,,
200,sermon,sermon-sitemap,https://www.ccf.org.ph/message/build-up-one-another-pm/,https://www.ccf.org.ph/message/build-up-one-another-pm/,https://www.ccf.org.ph/message/build-up-one-another-pm/,29019,2023-11-11T10:54:36+00:00,Build Up One Another - PM - Christ's Commission Fellowship,483,1,1,1,0,2,0,,
200,sermon,sermon-sitemap,https://www.ccf.org.ph/message/but-if-not-faith-am-runthrough/,https://www.ccf.org.ph/message/but-if-not-faith-am-runthrough/,https://www.ccf.org.ph/message/but-if-not-faith-am-runthrough/,35378,2024-10-10T00:55:14+00:00,But if not Faith - AM - Runthrough - Christ's Commission Fellowship,498,1,1,1,0,2,2,,
200,sermon,sermon-sitemap,https://www.ccf.org.ph/message/but-if-not-faith-am/,https://www.ccf.org.ph/message/but-if-not-faith-am/,https://www.ccf.org.ph/message/but-if-not-faith-am/,35334,2024-10-10T02:55:08+00:00,"""But if not"" Faith - AM - Christ's Commission Fellowship",229,1,1,1,0,2,0,,
200,sermon,sermon-sitemap,https://www.ccf.org.ph/message/but-if-not-faith-pm-runthrough/,https://www.ccf.org.ph/message/but-if-not-faith-pm-runthrough/,https://www.ccf.org.ph/message/but-if-not-faith-pm-runthrough/,35379,2024-10-10T00:55:38+00:00,But if not Faith - PM - Runthrough - Christ's Commission Fellowship,422,1,1,1,0,2,2,,
200,sermon,sermon-sitemap,https://www.ccf.org.ph/message/by-his-power-be-his-witness/,https://www.ccf.org.ph/message/by-his-power-be-his-witness/,https://www.ccf.org.ph/message/by-his-power-be-his-witness/,14210,2018-09-22T06:04:32+00:00,"By His Power, Be His Witness - Christ's Commission Fellowship",108,1,1,0,0,2,0,,
200,sermon,sermon-sitemap,https://www.ccf.org.ph/message/can-fear-and-blessing-co-exist-am/,https://www.ccf.org.ph/message/can-fear-and-blessing-co-exist-am/,https://www.ccf.org.ph/message/can-fear-and-blessing-co-exist-am/,20237,2021-04-21T09:01:54+00:00,Can Fear and Blessing Co-Exist? - AM - Christ's Commission Fellowship,116,1,1,1,0,2,0,,
200,sermon,sermon-sitemap,https://www.ccf.org.ph/message/can-fear-and-blessing-co-exist-pm/,https://www.ccf.org.ph/message/can-fear-and-blessing-co-exist-pm/,https://www.ccf.org.ph/message/can-fear-and-blessing-co-exist-pm/,20241,2021-04-21T09:02:48+00:00,Can Fear and Blessing Co-Exist? - PM - Christ's Commission Fellowship,116,1,1,1,0,2,0,,
200,sermon,sermon-sitemap,https://www.ccf.org.ph/message/can-i-really-make-a-difference-am/,https://www.ccf.org.ph/message/can-i-really-make-a-difference-am/,https://www.ccf.org.ph/message/can-i-really-make-a-difference-am/,27240,2023-10-28T17:41:15+00:00,Can I Really Make A Difference? - AM - Christ's Commission Fellowship,357,1,1,1,0,2,0,,
200,sermon,sermon-sitemap,https://www.ccf.org.ph/message/can-i-really-make-a-difference-pm/,https://www.ccf.org.ph/message/can-i-really-make-a-difference-pm/,https://www.ccf.org.ph/message/can-i-really-make-a-difference-pm/,27241,2023-10-28T17:41:21+00:00,Can I Really Make A Difference? - PM - Christ's Commission Fellowship,412,1,1,1,0,2,0,,
200,sermon,sermon-sitemap,https://www.ccf.org.ph/message/can-you-be-trusted-am-runthrough/,https://www.ccf.org.ph/message/can-you-be-trusted-am-runthrough/,https://www.ccf.org.ph/message/can-you-be-trusted-am-runthrough/,28725,2023-11-03T16:02:39+00:00,Can You Be Trusted? - AM - Runthrough - Christ's Commission Fellowship,388,1,1,1,0,2,1,,
200,sermon,sermon-sitemap,https://www.ccf.org.ph/message/can-you-be-trusted-am/,https://www.ccf.org.ph/message/can-you-be-trusted-am/,https://www.ccf.org.ph/message/can-you-be-trusted-am/,28097,2023-10-31T00:02:30+00:00,Can You Be Trusted? - AM - Christ's Commission Fellowship,315,1,1,1,0,2,0,,
200,sermon,sermon-sitemap,https://www.ccf.org.ph/message/can-you-be-trusted-pm-runthrough/,https://www.ccf.org.ph/message/can-you-be-trusted-pm-runthrough/,https://www.ccf.org.ph/message/can-you-be-trusted-pm-runthrough/,28731,2023-11-03T16:03:08+00:00,Can You Be Trusted? - PM - Runthrough - Christ's Commission Fellowship,433,1,1,1,0,2,1,,
200,sermon,sermon-sitemap,https://www.ccf.org.ph/message/can-you-be-trusted-pm/,https://www.ccf.org.ph/message/can-you-be-trusted-pm/,https://www.ccf.org.ph/message/can-you-be-trusted-pm/,28098,2023-10-31T00:01:30+00:00,Can You Be Trusted? - PM - Christ's Commission Fellowship,375,1,0,1,0,2,0,,
200,sermon,sermon-sitemap,https://www.ccf.org.ph/message/ccf-33rd-anniversary/,https://www.ccf.org.ph/message/ccf-33rd-anniversary/,https://www.ccf.org.ph/message/ccf-33rd-anniversary/,12603,2018-01-12T07:07:46+00:00,CCF 33rd Anniversary  - Christ's Commission Fellowship,100,1,1,0,0,2,0,,
200,sermon,sermon-sitemap,https://www.ccf.org.ph/message/choices-have-consequences/,https://www.ccf.org.ph/message/choices-have-consequences/,https://www.ccf.org.ph/message/choices-have-consequences/,11937,2017-06-28T00:58:46+00:00,Choices Have Consequences - Christ's Commission Fellowship,220,1,1,0,0,2,0,,
200,sermon,sermon-sitemap,https://www.ccf.org.ph/message/choose-wisely-am-runthrough/,https://www.ccf.org.ph/message/choose-wisely-am-runthrough/,https://www.ccf.org.ph/message/choose-wisely-am-runthrough/,28771,2023-11-03T16:37:05+00:00,Choose Wisely - AM - Runthrough - Christ's Commission Fellowship,326,1,1,1,0,2,1,,
200,sermon,sermon-sitemap,https://www.ccf.org.ph/message/choose-wisely-am/,https://www.ccf.org.ph/message/choose-wisely-am/,https://www.ccf.org.ph/message/choose-wisely-am/,28004,2023-10-30T18:55:13+00:00,Choose Wisely - AM - Christ's Commission Fellowship,338,1,1,1,0,2,0,,
200,sermon,sermon-sitemap,https://www.ccf.org.ph/message/choose-wisely-pm-runthrough/,https://www.ccf.org.ph/message/choose-wisely-pm-runthrough/,https://www.ccf.org.ph/message/choose-wisely-pm-runthrough/,28774,2023-11-03T16:37:45+00:00,Choose Wisely - PM - Runthrough - Christ's Commission Fellowship,368,1,1,1,0,2,1,,
200,sermon,sermon-sitemap,https://www.ccf.org.ph/message/choose-wisely-pm/,https://www.ccf.org.ph/message/choose-wisely-pm/,https://www.ccf.org.ph/message/choose-wisely-pm/,28005,2023-10-30T18:55:22+00:00,Choose Wisely - PM - Christ's Commission Fellowship,331,1,1,1,0,2,0,,
200,sermon,sermon-sitemap,https://www.ccf.org.ph/message/christ-centered-workplace-afn/,https://www.ccf.org.ph/message/christ-centered-workplace-afn/,https://www.ccf.org.ph/message/christ-centered-workplace-afn/,13077,2018-01-11T09:10:39+00:00,Be Christ-centered in the Workplace - Christ's Commission Fellowship,115,1,1,0,0,2,0,,
200,sermon,sermon-sitemap,https://www.ccf.org.ph/message/christ-centered-workplace/,https://www.ccf.org.ph/message/christ-centered-workplace/,https://www.ccf.org.ph/message/christ-centered-workplace/,13078,2018-01-11T09:10:15+00:00,Be Christ-centered in the Workplace - Christ's Commission Fellowship,115,1,1,0,0,2,0,,
200,sermon,sermon-sitemap,https://www.ccf.org.ph/message/christ-has-come-receive-him-am-runthrough/,https://www.ccf.org.ph/message/christ-has-come-receive-him-am-runthrough/,https://www.ccf.org.ph/message/christ-has-come-receive-him-am-runthrough/,28730,2023-11-03T16:03:54+00:00,Christ Has Come! Receive Him - AM - Runthrough - Christ's Commission Fellowship,327,1,1,1,0,2,1,,
200,sermon,sermon-sitemap,https://www.ccf.org.ph/message/christ-has-come-receive-him-pm-runthrough/,https://www.ccf.org.ph/message/christ-has-come-receive-him-pm-runthrough/,https://www.ccf.org.ph/message/christ-has-come-receive-him-pm-runthrough/,28729,2023-11-03T16:04:38+00:00,Christ Has Come! Receive Him - PM - Runthrough - Christ's Commission Fellowship,248,1,1,1,0,2,1,,
200,sermon,sermon-sitemap,https://www.ccf.org.ph/message/christ-is-all-sufficient-focus-on-jesus-am-runthrough/,https://www.ccf.org.ph/message/christ-is-all-sufficient-focus-on-jesus-am-runthrough/,https://www.ccf.org.ph/message/christ-is-all-sufficient-focus-on-jesus-am-runthrough/,34003,2024-06-20T11:54:42+00:00,Christ Is All-Sufficient: Focus On Jesus - AM - Runthrough - Christ's Commission Fellowship,436,1,1,1,0,2,2,,
200,sermon,sermon-sitemap,https://www.ccf.org.ph/message/christ-is-all-sufficient-focus-on-jesus-am/,https://www.ccf.org.ph/message/christ-is-all-sufficient-focus-on-jesus-am/,https://www.ccf.org.ph/message/christ-is-all-sufficient-focus-on-jesus-am/,33952,2024-06-20T11:31:35+00:00,"Christ is All-Sufficient, Focus on Jesus - AM - Christ's Commission Fellowship",322,1,1,1,0,2,0,,
200,sermon,sermon-sitemap,https://www.ccf.org.ph/message/christ-is-all-sufficient-focus-on-jesus-pm-runthrough/,https://www.ccf.org.ph/message/christ-is-all-sufficient-focus-on-jesus-pm-runthrough/,https://www.ccf.org.ph/message/christ-is-all-sufficient-focus-on-jesus-pm-runthrough/,34004,2024-06-20T11:55:26+00:00,Christ Is All-Sufficient: Focus On Jesus - PM - Runthrough - Christ's Commission Fellowship,521,1,1,1,0,2,2,,
200,sermon,sermon-sitemap,https://www.ccf.org.ph/message/christ-is-all-sufficient-focus-on-jesus-pm/,https://www.ccf.org.ph/message/christ-is-all-sufficient-focus-on-jesus-pm/,https://www.ccf.org.ph/message/christ-is-all-sufficient-focus-on-jesus-pm/,33951,2024-06-20T11:31:57+00:00,"Christ is All-Sufficient, Focus on Jesus - PM - Christ's Commission Fellowship",344,1,1,1,0,2,0,,
200,sermon,sermon-sitemap,https://www.ccf.org.ph/message/christ-sufficient-live-free-afn/,https://www.ccf.org.ph/message/christ-sufficient-live-free-afn/,https://www.ccf.org.ph/message/christ-sufficient-live-free-afn/,12981,2018-01-11T11:47:33+00:00,Christ Is All Sufficient: Live Free - Christ's Commission Fellowship,115,1,1,0,0,2,0,,
200,sermon,sermon-sitemap,https://www.ccf.org.ph/message/christ-sufficient-live-free/,https://www.ccf.org.ph/message/christ-sufficient-live-free/,https://www.ccf.org.ph/message/christ-sufficient-live-free/,12980,2018-01-11T11:47:39+00:00,Christ Is All Sufficient: Live Free - Christ's Commission Fellowship,618,1,1,0,0,2,0,,
200,sermon,sermon-sitemap,https://www.ccf.org.ph/message/christ-supreme-live-share-truth/,https://www.ccf.org.ph/message/christ-supreme-live-share-truth/,https://www.ccf.org.ph/message/christ-supreme-live-share-truth/,12939,2018-01-11T11:48:37+00:00,Christ Is Supreme: Live and Share His Truth - Christ's Commission Fellowship,626,1,1,0,0,2,0,,
200,sermon,sermon-sitemap,https://www.ccf.org.ph/message/christ-supreme-reconciliation-reconciler-afn/,https://www.ccf.org.ph/message/christ-supreme-reconciliation-reconciler-afn/,https://www.ccf.org.ph/message/christ-supreme-reconciliation-reconciler-afn/,12914,2018-01-11T11:49:00+00:00,Christ Is Supreme in Our Reconciliation: Be a Reconciler - Christ's Commission Fellowship,702,1,1,0,0,2,0,,
200,sermon,sermon-sitemap,https://www.ccf.org.ph/message/christ-supreme-reconciliation-reconciler/,https://www.ccf.org.ph/message/christ-supreme-reconciliation-reconciler/,https://www.ccf.org.ph/message/christ-supreme-reconciliation-reconciler/,12912,2018-01-11T11:49:25+00:00,Christ Is Supreme in Our Reconciliation: Be a Reconciler - Christ's Commission Fellowship,702,1,1,0,0,2,0,,
200,sermon,sermon-sitemap,https://www.ccf.org.ph/message/christ-supreme-spiritual-wardrobe-afn/,https://www.ccf.org.ph/message/christ-supreme-spiritual-wardrobe-afn/,https://www.ccf.org.ph/message/christ-supreme-spiritual-wardrobe-afn/,13068,2018-01-11T11:47:08+00:00,Christ Is Supreme in Our Spiritual Wardrobe - Christ's Commission Fellowship,123,1,1,0,0,2,0,,
200,sermon,sermon-sitemap,https://www.ccf.org.ph/message/christ-supreme-spiritual-wardrobe/,https://www.ccf.org.ph/message/christ-supreme-spiritual-wardrobe/,https://www.ccf.org.ph/message/christ-supreme-spiritual-wardrobe/,13023,2018-01-11T10:11:37+00:00,Christ Is Supreme in Our Spiritual Wardrobe - Christ's Commission Fellowship,123,1,1,0,0,2,0,,
200,sermon,sermon-sitemap,https://www.ccf.org.ph/message/christ-supreme-worship-afn/,https://www.ccf.org.ph/message/christ-supreme-worship-afn/,https://www.ccf.org.ph/message/christ-supreme-worship-afn/,12892,2018-01-11T11:51:36+00:00,Christ is Supreme: Worship Him - Christ's Commission Fellowship,563,1,1,0,0,2,0,,
200,sermon,sermon-sitemap,https://www.ccf.org.ph/message/christ-supreme-worship/,https://www.ccf.org.ph/message/christ-supreme-worship/,https://www.ccf.org.ph/message/christ-supreme-worship/,12893,2018-01-11T11:51:18+00:00,Christ is Supreme: Worship Him - Christ's Commission Fellowship,563,1,1,0,0,2,0,,
200,sermon,sermon-sitemap,https://www.ccf.org.ph/message/christmas-assurance-believe-joyful/,https://www.ccf.org.ph/message/christmas-assurance-believe-joyful/,https://www.ccf.org.ph/message/christmas-assurance-believe-joyful/,10562,2017-02-02T13:27:02+00:00,Christmas is our Assurance: Believe and be Joyful - Christ's Commission Fellowship,183,1,1,0,0,2,0,,
200,sermon,sermon-sitemap,https://www.ccf.org.ph/message/christmas-gods-grace-displayed/,https://www.ccf.org.ph/message/christmas-gods-grace-displayed/,https://www.ccf.org.ph/message/christmas-gods-grace-displayed/,28090,2023-10-30T23:52:10+00:00,Christmas - God's Grace Displayed - Christ's Commission Fellowship,102,1,1,1,0,2,0,,
200,sermon,sermon-sitemap,https://www.ccf.org.ph/message/conquering-anger-am-runthrough/,https://www.ccf.org.ph/message/conquering-anger-am-runthrough/,https://www.ccf.org.ph/message/conquering-anger-am-runthrough/,28703,2023-11-03T15:42:28+00:00,Conquering Anger - AM - Runthrough - Christ's Commission Fellowship,358,1,1,1,0,2,1,,
200,sermon,sermon-sitemap,https://www.ccf.org.ph/message/conquering-anger-am/,https://www.ccf.org.ph/message/conquering-anger-am/,https://www.ccf.org.ph/message/conquering-anger-am/,28229,2023-10-31T11:44:08+00:00,Conquering Anger - AM - Christ's Commission Fellowship,367,1,1,1,0,2,0,,
200,sermon,sermon-sitemap,https://www.ccf.org.ph/message/conquering-anger-pm-runthrough/,https://www.ccf.org.ph/message/conquering-anger-pm-runthrough/,https://www.ccf.org.ph/message/conquering-anger-pm-runthrough/,28704,2023-11-03T15:43:13+00:00,Conquering Anger - PM - Runthrough - Christ's Commission Fellowship,333,1,1,1,0,2,1,,
200,sermon,sermon-sitemap,https://www.ccf.org.ph/message/conquering-anger-pm/,https://www.ccf.org.ph/message/conquering-anger-pm/,https://www.ccf.org.ph/message/conquering-anger-pm/,28228,2023-10-31T11:44:14+00:00,Conquering Anger - PM - Christ's Commission Fellowship,423,1,1,1,0,2,0,,
200,sermon,sermon-sitemap,https://www.ccf.org.ph/message/continuously-filled-holy-spirit-2/,https://www.ccf.org.ph/message/continuously-filled-holy-spirit-2/,https://www.ccf.org.ph/message/continuously-filled-holy-spirit-2/,14746,2019-01-28T01:00:00+00:00,Be Continuously Filled with the Holy Spirit - Christ's Commission Fellowship,512,1,1,0,0,2,0,,
200,sermon,sermon-sitemap,https://www.ccf.org.ph/message/continuously-filled-holy-spirit/,https://www.ccf.org.ph/message/continuously-filled-holy-spirit/,https://www.ccf.org.ph/message/continuously-filled-holy-spirit/,14745,2019-01-28T01:00:53+00:00,Be Continuously Filled with the Holy Spirit - Christ's Commission Fellowship,512,1,1,0,0,2,0,,
200,sermon,sermon-sitemap,https://www.ccf.org.ph/message/convictions-conquered-world/,https://www.ccf.org.ph/message/convictions-conquered-world/,https://www.ccf.org.ph/message/convictions-conquered-world/,16426,2020-02-03T01:00:16+00:00,Convictions that Conquered the World - Christ's Commission Fellowship,116,1,1,0,0,2,0,,
200,sermon,sermon-sitemap,https://www.ccf.org.ph/message/cultivate-your-best-relationships-am/,https://www.ccf.org.ph/message/cultivate-your-best-relationships-am/,https://www.ccf.org.ph/message/cultivate-your-best-relationships-am/,27412,2023-10-28T19:42:00+00:00,Cultivate Your Best Relationships - AM - Christ's Commission Fellowship,308,1,1,1,0,2,0,,
200,sermon,sermon-sitemap,https://www.ccf.org.ph/message/cultivate-your-best-relationships-pm/,https://www.ccf.org.ph/message/cultivate-your-best-relationships-pm/,https://www.ccf.org.ph/message/cultivate-your-best-relationships-pm/,27411,2023-10-28T19:42:18+00:00,Cultivate Your Best Relationships - PM - Christ's Commission Fellowship,363,1,1,1,0,2,0,,
200,sermon,sermon-sitemap,https://www.ccf.org.ph/message/dare-to-be-different-make-a-stand-for-jesus-am/,https://www.ccf.org.ph/message/dare-to-be-different-make-a-stand-for-jesus-am/,https://www.ccf.org.ph/message/dare-to-be-different-make-a-stand-for-jesus-am/,28119,2023-10-31T00:55:43+00:00,"Dare To Be Different, Make a Stand For Jesus - AM - Christ's Commission Fellowship",366,1,1,1,0,2,0,,
200,sermon,sermon-sitemap,https://www.ccf.org.ph/message/dare-to-be-different-make-a-stand-for-jesus-pm/,https://www.ccf.org.ph/message/dare-to-be-different-make-a-stand-for-jesus-pm/,https://www.ccf.org.ph/message/dare-to-be-different-make-a-stand-for-jesus-pm/,28120,2023-10-31T00:55:54+00:00,"Dare To Be Different, Make a Stand For Jesus - PM - Christ's Commission Fellowship",449,1,1,1,0,2,0,,
200,sermon,sermon-sitemap,https://www.ccf.org.ph/message/deal-with-conflict-gods-way-am/,https://www.ccf.org.ph/message/deal-with-conflict-gods-way-am/,https://www.ccf.org.ph/message/deal-with-conflict-gods-way-am/,26998,2023-11-11T11:08:39+00:00,Deal With Conflict God’s Way - AM - Christ's Commission Fellowship,383,1,1,1,0,2,0,,
200,sermon,sermon-sitemap,https://www.ccf.org.ph/message/deal-with-conflict-gods-way-pm/,https://www.ccf.org.ph/message/deal-with-conflict-gods-way-pm/,https://www.ccf.org.ph/message/deal-with-conflict-gods-way-pm/,27003,2023-11-11T11:08:09+00:00,Deal With Conflict God’s Way - PM - Christ's Commission Fellowship,400,1,1,1,0,2,0,,
200,sermon,sermon-sitemap,https://www.ccf.org.ph/message/delight-in-prayer/,https://www.ccf.org.ph/message/delight-in-prayer/,https://www.ccf.org.ph/message/delight-in-prayer/,10640,2017-08-12T05:35:44+00:00,Delight In Prayer - Christ's Commission Fellowship,593,1,1,0,0,2,0,,
200,sermon,sermon-sitemap,https://www.ccf.org.ph/message/destroy-discontent-am-runthrough/,https://www.ccf.org.ph/message/destroy-discontent-am-runthrough/,https://www.ccf.org.ph/message/destroy-discontent-am-runthrough/,28706,2023-11-03T15:46:49+00:00,Destroy Discontent - AM - Runthrough - Christ's Commission Fellowship,329,1,1,1,0,2,1,,
200,sermon,sermon-sitemap,https://www.ccf.org.ph/message/destroy-discontent-am/,https://www.ccf.org.ph/message/destroy-discontent-am/,https://www.ccf.org.ph/message/destroy-discontent-am/,28131,2023-10-31T01:15:31+00:00,Destroy Discontent - AM - Christ's Commission Fellowship,379,1,1,1,0,2,0,,
200,sermon,sermon-sitemap,https://www.ccf.org.ph/message/destroy-discontent-pm-runthrough/,https://www.ccf.org.ph/message/destroy-discontent-pm-runthrough/,https://www.ccf.org.ph/message/destroy-discontent-pm-runthrough/,28709,2023-11-03T15:47:30+00:00,Destroy Discontent - PM - Runthrough - Christ's Commission Fellowship,389,1,1,1,0,2,1,,
200,sermon,sermon-sitemap,https://www.ccf.org.ph/message/destroy-discontent-pm/,https://www.ccf.org.ph/message/destroy-discontent-pm/,https://www.ccf.org.ph/message/destroy-discontent-pm/,28132,2023-10-31T01:15:35+00:00,Destroy Discontent - PM - Christ's Commission Fellowship,356,1,1,1,0,2,0,,
200,sermon,sermon-sitemap,https://www.ccf.org.ph/message/develop-the-habit-of-prayer-am-runthrough/,https://www.ccf.org.ph/message/develop-the-habit-of-prayer-am-runthrough/,https://www.ccf.org.ph/message/develop-the-habit-of-prayer-am-runthrough/,28734,2023-11-03T16:09:09+00:00,Develop The Habit of Prayer - AM - Runthrough - Christ's Commission Fellowship,411,1,1,1,0,2,1,,
200,sermon,sermon-sitemap,https://www.ccf.org.ph/message/develop-the-habit-of-prayer-am/,https://www.ccf.org.ph/message/develop-the-habit-of-prayer-am/,https://www.ccf.org.ph/message/develop-the-habit-of-prayer-am/,28078,2023-10-30T22:56:47+00:00,Develop The Habit Of Prayer - AM - Christ's Commission Fellowship,376,1,1,1,0,2,0,,
200,sermon,sermon-sitemap,https://www.ccf.org.ph/message/develop-the-habit-of-prayer-pm-runthrough/,https://www.ccf.org.ph/message/develop-the-habit-of-prayer-pm-runthrough/,https://www.ccf.org.ph/message/develop-the-habit-of-prayer-pm-runthrough/,28735,2023-11-03T16:09:46+00:00,Develop The Habit of Prayer - PM - Runthrough - Christ's Commission Fellowship,455,1,1,1,0,2,1,,
200,sermon,sermon-sitemap,https://www.ccf.org.ph/message/develop-the-habit-of-prayer-pm/,https://www.ccf.org.ph/message/develop-the-habit-of-prayer-pm/,https://www.ccf.org.ph/message/develop-the-habit-of-prayer-pm/,28077,2023-10-30T22:56:56+00:00,Develop The Habit Of Prayer - PM - Christ's Commission Fellowship,402,1,1,1,0,2,0,,
200,sermon,sermon-sitemap,https://www.ccf.org.ph/message/devote-your-heart-to-god/,https://www.ccf.org.ph/message/devote-your-heart-to-god/,https://www.ccf.org.ph/message/devote-your-heart-to-god/,27010,2023-11-11T11:11:12+00:00,Devote Your Heart To God - Christ's Commission Fellowship,394,1,1,1,0,2,0,,
200,sermon,sermon-sitemap,https://www.ccf.org.ph/message/devote-yourselves-to-prayer/,https://www.ccf.org.ph/message/devote-yourselves-to-prayer/,https://www.ccf.org.ph/message/devote-yourselves-to-prayer/,10572,2017-08-12T05:14:40+00:00,Devote Yourselves to Prayer - Christ's Commission Fellowship,527,1,1,0,0,2,0,,
200,sermon,sermon-sitemap,https://www.ccf.org.ph/message/digital-cocaine/,https://www.ccf.org.ph/message/digital-cocaine/,https://www.ccf.org.ph/message/digital-cocaine/,14488,2018-10-22T01:09:10+00:00,Digital Cocaine - Christ's Commission Fellowship,95,1,1,0,0,2,0,,
200,sermon,sermon-sitemap,https://www.ccf.org.ph/message/discipling-nations-everyones-mission/,https://www.ccf.org.ph/message/discipling-nations-everyones-mission/,https://www.ccf.org.ph/message/discipling-nations-everyones-mission/,15463,2019-08-05T01:00:00+00:00,Discipling the Nations is Everyone’s Mission - Christ's Commission Fellowship,553,1,1,0,0,2,0,,
200,sermon,sermon-sitemap,https://www.ccf.org.ph/message/discouraged-fix-eyes-god-afn/,https://www.ccf.org.ph/message/discouraged-fix-eyes-god-afn/,https://www.ccf.org.ph/message/discouraged-fix-eyes-god-afn/,13868,2018-09-22T05:42:19+00:00,When Discouraged: Fix Your Eyes on God - Christ's Commission Fellowship,118,1,1,0,0,2,0,,
200,sermon,sermon-sitemap,https://www.ccf.org.ph/message/discouraged-fix-eyes-god/,https://www.ccf.org.ph/message/discouraged-fix-eyes-god/,https://www.ccf.org.ph/message/discouraged-fix-eyes-god/,13867,2018-09-22T05:41:38+00:00,When Discouraged: Fix Your Eyes on God - Christ's Commission Fellowship,118,1,1,0,0,2,0,,
200,sermon,sermon-sitemap,https://www.ccf.org.ph/message/discover-gods-design-for-the-family-am/,https://www.ccf.org.ph/message/discover-gods-design-for-the-family-am/,https://www.ccf.org.ph/message/discover-gods-design-for-the-family-am/,21814,2021-04-20T08:18:00+00:00,Discover God's Design for the Family - AM - Christ's Commission Fellowship,121,1,1,1,0,2,0,,
200,sermon,sermon-sitemap,https://www.ccf.org.ph/message/discover-gods-design-for-the-family-pm/,https://www.ccf.org.ph/message/discover-gods-design-for-the-family-pm/,https://www.ccf.org.ph/message/discover-gods-design-for-the-family-pm/,21815,2021-04-20T08:18:54+00:00,Discover God's Design for the Family - PM - Christ's Commission Fellowship,121,1,1,1,0,2,0,,
200,sermon,sermon-sitemap,https://www.ccf.org.ph/message/discover-the-best-use-of-money-am-runthrough/,https://www.ccf.org.ph/message/discover-the-best-use-of-money-am-runthrough/,https://www.ccf.org.ph/message/discover-the-best-use-of-money-am-runthrough/,28775,2023-11-03T16:42:28+00:00,Discover The Best Use Of Money - AM - Runthrough - Christ's Commission Fellowship,356,1,1,1,0,2,1,,
200,sermon,sermon-sitemap,https://www.ccf.org.ph/message/discover-the-best-use-of-money-pm-runthrough/,https://www.ccf.org.ph/message/discover-the-best-use-of-money-pm-runthrough/,https://www.ccf.org.ph/message/discover-the-best-use-of-money-pm-runthrough/,28779,2023-11-03T16:42:55+00:00,Discover The Best Use Of Money - PM - Runthrough - Christ's Commission Fellowship,361,1,1,1,0,2,1,,
200,sermon,sermon-sitemap,https://www.ccf.org.ph/message/do-not-be-deceived-be-on-guard-am/,https://www.ccf.org.ph/message/do-not-be-deceived-be-on-guard-am/,https://www.ccf.org.ph/message/do-not-be-deceived-be-on-guard-am/,27282,2023-10-28T18:08:53+00:00,"Do Not Be Deceived, Be On Guard - AM - Christ's Commission Fellowship",388,1,1,1,0,2,0,,
200,sermon,sermon-sitemap,https://www.ccf.org.ph/message/do-not-be-deceived-be-on-guard-pm/,https://www.ccf.org.ph/message/do-not-be-deceived-be-on-guard-pm/,https://www.ccf.org.ph/message/do-not-be-deceived-be-on-guard-pm/,27281,2023-10-28T18:09:10+00:00,"Do Not Be Deceived, Be On Guard - PM - Christ's Commission Fellowship",453,1,1,1,0,2,0,,
200,sermon,sermon-sitemap,https://www.ccf.org.ph/message/do-not-judge/,https://www.ccf.org.ph/message/do-not-judge/,https://www.ccf.org.ph/message/do-not-judge/,14621,2018-12-10T01:00:01+00:00,Do Not Judge - Christ's Commission Fellowship,92,1,1,0,0,2,0,,
200,sermon,sermon-sitemap,https://www.ccf.org.ph/message/do-not-lose-heart-press-on-joyfully-runthrough/,https://www.ccf.org.ph/message/do-not-lose-heart-press-on-joyfully-runthrough/,https://www.ccf.org.ph/message/do-not-lose-heart-press-on-joyfully-runthrough/,28812,2023-11-04T00:34:46+00:00,"Do Not Lose Heart, Press On Joyfully - Runthrough - Christ's Commission Fellowship",328,1,1,1,0,2,1,,
200,sermon,sermon-sitemap,https://www.ccf.org.ph/message/do-not-lose-heart-press-on-joyfully/,https://www.ccf.org.ph/message/do-not-lose-heart-press-on-joyfully/,https://www.ccf.org.ph/message/do-not-lose-heart-press-on-joyfully/,27942,2023-10-30T09:57:31+00:00,"Do Not Lose Heart, Press On Joyfully - Christ's Commission Fellowship",300,1,1,1,0,2,0,,
200,sermon,sermon-sitemap,https://www.ccf.org.ph/message/do-the-right-thing/,https://www.ccf.org.ph/message/do-the-right-thing/,https://www.ccf.org.ph/message/do-the-right-thing/,13334,2018-02-28T04:57:30+00:00,Do the Right Thing - Christ's Commission Fellowship,98,1,1,0,0,2,0,,
200,sermon,sermon-sitemap,https://www.ccf.org.ph/message/do-you-love-god-am-runthrough/,https://www.ccf.org.ph/message/do-you-love-god-am-runthrough/,https://www.ccf.org.ph/message/do-you-love-god-am-runthrough/,33289,2024-04-24T08:38:29+00:00,Do You Love God? - AM - Runthrough - Christ's Commission Fellowship,415,1,1,1,0,2,2,,
200,sermon,sermon-sitemap,https://www.ccf.org.ph/message/do-you-love-god-am/,https://www.ccf.org.ph/message/do-you-love-god-am/,https://www.ccf.org.ph/message/do-you-love-god-am/,33267,2024-04-22T02:10:16+00:00,Do You Love God? - AM - Christ's Commission Fellowship,209,1,1,1,0,2,0,,
200,sermon,sermon-sitemap,https://www.ccf.org.ph/message/do-you-love-god-pm-runthrough/,https://www.ccf.org.ph/message/do-you-love-god-pm-runthrough/,https://www.ccf.org.ph/message/do-you-love-god-pm-runthrough/,33290,2024-04-24T08:40:11+00:00,Do You Love God? - PM - Runthrough - Christ's Commission Fellowship,474,1,1,1,0,2,2,,
200,sermon,sermon-sitemap,https://www.ccf.org.ph/message/do-you-love-god-pm/,https://www.ccf.org.ph/message/do-you-love-god-pm/,https://www.ccf.org.ph/message/do-you-love-god-pm/,33268,2024-04-22T02:11:07+00:00,Do You Love God? - PM - Christ's Commission Fellowship,233,1,1,1,0,2,0,,
200,sermon,sermon-sitemap,https://www.ccf.org.ph/message/dont-quit-afn/,https://www.ccf.org.ph/message/dont-quit-afn/,https://www.ccf.org.ph/message/dont-quit-afn/,12396,2017-09-12T03:36:43+00:00,Don't Quit - Christ's Commission Fellowship,163,1,1,0,0,2,0,,
200,sermon,sermon-sitemap,https://www.ccf.org.ph/message/dont-quit/,https://www.ccf.org.ph/message/dont-quit/,https://www.ccf.org.ph/message/dont-quit/,12395,2017-09-12T03:36:54+00:00,Don't Quit - Christ's Commission Fellowship,163,1,1,0,0,2,0,,
200,sermon,sermon-sitemap,https://www.ccf.org.ph/message/dont-tap-max-god-2/,https://www.ccf.org.ph/message/dont-tap-max-god-2/,https://www.ccf.org.ph/message/dont-tap-max-god-2/,15505,2019-08-19T01:00:08+00:00,"Don't Tap Out, Max Out for God - Christ's Commission Fellowship",504,1,1,0,0,2,0,,
200,sermon,sermon-sitemap,https://www.ccf.org.ph/message/dont-tap-max-god/,https://www.ccf.org.ph/message/dont-tap-max-god/,https://www.ccf.org.ph/message/dont-tap-max-god/,15503,2019-08-19T01:00:51+00:00,"Don't Tap Out, Max Out for God - Christ's Commission Fellowship",504,1,1,0,0,2,0,,
200,sermon,sermon-sitemap,https://www.ccf.org.ph/message/dont-worry-god-will-take-care-2/,https://www.ccf.org.ph/message/dont-worry-god-will-take-care-2/,https://www.ccf.org.ph/message/dont-worry-god-will-take-care-2/,14594,2018-12-03T01:00:13+00:00,"Don't Worry, God Will Take Care of You - Christ's Commission Fellowship",385,1,1,0,0,2,0,,
200,sermon,sermon-sitemap,https://www.ccf.org.ph/message/dont-worry-god-will-take-care/,https://www.ccf.org.ph/message/dont-worry-god-will-take-care/,https://www.ccf.org.ph/message/dont-worry-god-will-take-care/,14592,2018-12-03T01:00:34+00:00,"Don't Worry, God Will Take Care of You - Christ's Commission Fellowship",385,1,1,0,0,2,0,,
200,sermon,sermon-sitemap,https://www.ccf.org.ph/message/el-roi-am/,https://www.ccf.org.ph/message/el-roi-am/,https://www.ccf.org.ph/message/el-roi-am/,23939,2021-04-20T07:39:23+00:00,El Roi - AM - Christ's Commission Fellowship,91,1,1,1,0,2,0,,
200,sermon,sermon-sitemap,https://www.ccf.org.ph/message/el-roi-pm/,https://www.ccf.org.ph/message/el-roi-pm/,https://www.ccf.org.ph/message/el-roi-pm/,23941,2021-04-20T07:40:02+00:00,El Roi - PM - Christ's Commission Fellowship,90,1,1,1,0,2,0,,
200,sermon,sermon-sitemap,https://www.ccf.org.ph/message/el-shaddai/,https://www.ccf.org.ph/message/el-shaddai/,https://www.ccf.org.ph/message/el-shaddai/,24215,2021-01-04T00:42:39+00:00,El Shaddai - Christ's Commission Fellowship,90,1,1,1,0,2,0,,
200,sermon,sermon-sitemap,https://www.ccf.org.ph/message/elohim-am/,https://www.ccf.org.ph/message/elohim-am/,https://www.ccf.org.ph/message/elohim-am/,23688,2021-04-20T07:52:59+00:00,Elohim - AM - Christ's Commission Fellowship,91,1,1,1,0,2,0,,
200,sermon,sermon-sitemap,https://www.ccf.org.ph/message/elohim-pm/,https://www.ccf.org.ph/message/elohim-pm/,https://www.ccf.org.ph/message/elohim-pm/,23690,2021-04-20T07:53:35+00:00,Elohim - PM - Christ's Commission Fellowship,91,1,1,1,0,2,0,,
200,sermon,sermon-sitemap,https://www.ccf.org.ph/message/embrace-discipline-am/,https://www.ccf.org.ph/message/embrace-discipline-am/,https://www.ccf.org.ph/message/embrace-discipline-am/,27005,2023-11-11T11:09:51+00:00,Embrace Discipline - AM - Christ's Commission Fellowship,337,1,1,1,0,2,0,,
200,sermon,sermon-sitemap,https://www.ccf.org.ph/message/embrace-discipline-pm/,https://www.ccf.org.ph/message/embrace-discipline-pm/,https://www.ccf.org.ph/message/embrace-discipline-pm/,27008,2023-11-11T11:09:12+00:00,Embrace Discipline - PM - Christ's Commission Fellowship,381,1,1,1,0,2,0,,
200,sermon,sermon-sitemap,https://www.ccf.org.ph/message/encourage-faithfulness-light-truth-matters/,https://www.ccf.org.ph/message/encourage-faithfulness-light-truth-matters/,https://www.ccf.org.ph/message/encourage-faithfulness-light-truth-matters/,15128,2019-05-06T01:00:54+00:00,Encourage Faithfulness in Light of the Truth that Matters Most - Christ's Commission Fellowship,646,1,1,0,0,2,0,,
200,sermon,sermon-sitemap,https://www.ccf.org.ph/message/engage-the-family-am/,https://www.ccf.org.ph/message/engage-the-family-am/,https://www.ccf.org.ph/message/engage-the-family-am/,34846,2024-08-21T07:34:51+00:00,Engage Your Family - AM - Christ's Commission Fellowship,284,1,1,1,0,2,0,,
200,sermon,sermon-sitemap,https://www.ccf.org.ph/message/engage-the-family-pm/,https://www.ccf.org.ph/message/engage-the-family-pm/,https://www.ccf.org.ph/message/engage-the-family-pm/,34847,2024-08-21T07:35:02+00:00,Engage Your Family - PM - Christ's Commission Fellowship,344,1,1,1,0,2,0,,
200,sermon,sermon-sitemap,https://www.ccf.org.ph/message/engage-your-family-am-runthrough/,https://www.ccf.org.ph/message/engage-your-family-am-runthrough/,https://www.ccf.org.ph/message/engage-your-family-am-runthrough/,34872,2024-08-22T10:19:41+00:00,Engage Your Family - AM - Runthrough - Christ's Commission Fellowship,451,1,1,1,0,2,2,,
200,sermon,sermon-sitemap,https://www.ccf.org.ph/message/engage-your-family-pm-runthrough/,https://www.ccf.org.ph/message/engage-your-family-pm-runthrough/,https://www.ccf.org.ph/message/engage-your-family-pm-runthrough/,34873,2024-08-22T10:21:19+00:00,Engage Your Family - PM - Runthrough - Christ's Commission Fellowship,546,1,1,1,0,2,2,,
200,sermon,sermon-sitemap,https://www.ccf.org.ph/message/entrust-am/,https://www.ccf.org.ph/message/entrust-am/,https://www.ccf.org.ph/message/entrust-am/,23278,2021-04-20T07:55:58+00:00,Entrust - AM - Christ's Commission Fellowship,92,1,1,1,0,2,0,,
200,sermon,sermon-sitemap,https://www.ccf.org.ph/message/entrust-pm/,https://www.ccf.org.ph/message/entrust-pm/,https://www.ccf.org.ph/message/entrust-pm/,23279,2021-04-20T07:56:37+00:00,Entrust - PM - Christ's Commission Fellowship,92,1,1,1,0,2,0,,
200,sermon,sermon-sitemap,https://www.ccf.org.ph/message/escape-entitlement-am-runthrough/,https://www.ccf.org.ph/message/escape-entitlement-am-runthrough/,https://www.ccf.org.ph/message/escape-entitlement-am-runthrough/,28705,2023-11-03T15:45:14+00:00,Escape Entitlement - AM - Runthrough - Christ's Commission Fellowship,319,1,1,1,0,2,1,,
200,sermon,sermon-sitemap,https://www.ccf.org.ph/message/escape-entitlement-am/,https://www.ccf.org.ph/message/escape-entitlement-am/,https://www.ccf.org.ph/message/escape-entitlement-am/,28218,2023-10-31T11:37:11+00:00,Escape Entitlement - AM - Christ's Commission Fellowship,386,1,1,1,0,2,0,,
200,sermon,sermon-sitemap,https://www.ccf.org.ph/message/escape-entitlement-pm-runthrough/,https://www.ccf.org.ph/message/escape-entitlement-pm-runthrough/,https://www.ccf.org.ph/message/escape-entitlement-pm-runthrough/,28711,2023-11-03T15:46:04+00:00,Escape Entitlement - PM - Runthrough - Christ's Commission Fellowship,337,1,1,1,0,2,1,,
200,sermon,sermon-sitemap,https://www.ccf.org.ph/message/escape-entitlement-pm/,https://www.ccf.org.ph/message/escape-entitlement-pm/,https://www.ccf.org.ph/message/escape-entitlement-pm/,28219,2023-10-31T11:37:21+00:00,Escape Entitlement - PM - Christ's Commission Fellowship,628,1,1,1,0,2,0,,
200,sermon,sermon-sitemap,https://www.ccf.org.ph/message/evidence-of-truth-am/,https://www.ccf.org.ph/message/evidence-of-truth-am/,https://www.ccf.org.ph/message/evidence-of-truth-am/,23490,2021-04-20T07:54:31+00:00,The Evidence of Truth - AM - Christ's Commission Fellowship,106,1,1,1,0,2,0,,
200,sermon,sermon-sitemap,https://www.ccf.org.ph/message/evidence-of-truth-pm/,https://www.ccf.org.ph/message/evidence-of-truth-pm/,https://www.ccf.org.ph/message/evidence-of-truth-pm/,23492,2021-04-20T07:55:13+00:00,The Evidence of Truth - PM - Christ's Commission Fellowship,105,1,1,1,0,2,0,,
200,sermon,sermon-sitemap,https://www.ccf.org.ph/message/experience-gods-best-like-mary-and-joseph-am/,https://www.ccf.org.ph/message/experience-gods-best-like-mary-and-joseph-am/,https://www.ccf.org.ph/message/experience-gods-best-like-mary-and-joseph-am/,27358,2023-10-28T19:10:48+00:00,Experience God's Best Like Mary and Joseph - AM - Christ's Commission Fellowship,385,1,1,1,0,2,0,,
200,sermon,sermon-sitemap,https://www.ccf.org.ph/message/experience-gods-best-like-mary-and-joseph-pm/,https://www.ccf.org.ph/message/experience-gods-best-like-mary-and-joseph-pm/,https://www.ccf.org.ph/message/experience-gods-best-like-mary-and-joseph-pm/,27359,2023-10-28T19:11:00+00:00,Experience God's Best Like Mary and Joseph - PM - Christ's Commission Fellowship,373,1,1,1,0,2,0,,
200,sermon,sermon-sitemap,https://www.ccf.org.ph/message/experience-gods-grace-2/,https://www.ccf.org.ph/message/experience-gods-grace-2/,https://www.ccf.org.ph/message/experience-gods-grace-2/,15730,2019-09-09T01:00:08+00:00,Experience God's Grace - Christ's Commission Fellowship,653,1,1,0,0,2,0,,
200,sermon,sermon-sitemap,https://www.ccf.org.ph/message/experience-gods-grace/,https://www.ccf.org.ph/message/experience-gods-grace/,https://www.ccf.org.ph/message/experience-gods-grace/,15731,2019-09-09T01:00:14+00:00,Experience God's Grace - Christ's Commission Fellowship,652,1,1,0,0,2,0,,
200,sermon,sermon-sitemap,https://www.ccf.org.ph/message/experience-gods-transformation-2/,https://www.ccf.org.ph/message/experience-gods-transformation-2/,https://www.ccf.org.ph/message/experience-gods-transformation-2/,15082,2019-04-15T01:00:36+00:00,Experience God's Transformation - Christ's Commission Fellowship,288,1,1,0,0,2,0,,
200,sermon,sermon-sitemap,https://www.ccf.org.ph/message/experience-gods-transformation/,https://www.ccf.org.ph/message/experience-gods-transformation/,https://www.ccf.org.ph/message/experience-gods-transformation/,15079,2019-04-15T01:00:11+00:00,Experience God's Transformation - Christ's Commission Fellowship,288,1,1,0,0,2,0,,
200,sermon,sermon-sitemap,https://www.ccf.org.ph/message/experience-power-gods-spirit/,https://www.ccf.org.ph/message/experience-power-gods-spirit/,https://www.ccf.org.ph/message/experience-power-gods-spirit/,15387,2019-07-22T01:00:10+00:00,Experience the Power of God's Spirit - Christ's Commission Fellowship,428,1,1,0,0,2,0,,
200,sermon,sermon-sitemap,https://www.ccf.org.ph/message/experience-true-financial-freedom-am-runthrough/,https://www.ccf.org.ph/message/experience-true-financial-freedom-am-runthrough/,https://www.ccf.org.ph/message/experience-true-financial-freedom-am-runthrough/,28777,2023-11-03T16:44:19+00:00,Experience True Financial Freedom - AM - Runthrough - Christ's Commission Fellowship,314,1,1,1,0,2,1,,
200,sermon,sermon-sitemap,https://www.ccf.org.ph/message/experience-true-financial-freedom-am/,https://www.ccf.org.ph/message/experience-true-financial-freedom-am/,https://www.ccf.org.ph/message/experience-true-financial-freedom-am/,27992,2023-10-30T18:44:14+00:00,Experience True Financial Freedom - AM - Christ's Commission Fellowship,286,1,1,1,0,2,0,,
200,sermon,sermon-sitemap,https://www.ccf.org.ph/message/experience-true-financial-freedom-pm-runthrough/,https://www.ccf.org.ph/message/experience-true-financial-freedom-pm-runthrough/,https://www.ccf.org.ph/message/experience-true-financial-freedom-pm-runthrough/,28776,2023-11-03T16:44:52+00:00,Experience True Financial Freedom - PM - Runthrough - Christ's Commission Fellowship,369,1,1,1,0,2,1,,
200,sermon,sermon-sitemap,https://www.ccf.org.ph/message/experience-true-financial-freedom-pm/,https://www.ccf.org.ph/message/experience-true-financial-freedom-pm/,https://www.ccf.org.ph/message/experience-true-financial-freedom-pm/,27993,2023-10-30T18:44:21+00:00,Experience True Financial Freedom - PM - Christ's Commission Fellowship,314,1,1,1,0,2,0,,
200,sermon,sermon-sitemap,https://www.ccf.org.ph/message/experience-true-gospel-2/,https://www.ccf.org.ph/message/experience-true-gospel-2/,https://www.ccf.org.ph/message/experience-true-gospel-2/,14770,2019-06-11T01:39:31+00:00,Experience the True Gospel - Christ's Commission Fellowship,467,1,1,0,0,2,0,,
200,sermon,sermon-sitemap,https://www.ccf.org.ph/message/experience-true-gospel/,https://www.ccf.org.ph/message/experience-true-gospel/,https://www.ccf.org.ph/message/experience-true-gospel/,14768,2019-02-11T01:00:20+00:00,Experience the True Gospel - Christ's Commission Fellowship,467,1,1,0,0,2,0,,
200,sermon,sermon-sitemap,https://www.ccf.org.ph/message/f-r-e-s-h-look-am/,https://www.ccf.org.ph/message/f-r-e-s-h-look-am/,https://www.ccf.org.ph/message/f-r-e-s-h-look-am/,26982,2023-11-11T11:06:25+00:00,F.R.E.S.H Look - AM - Christ's Commission Fellowship,478,1,1,1,0,2,0,,
200,sermon,sermon-sitemap,https://www.ccf.org.ph/message/f-r-e-s-h-look-pm/,https://www.ccf.org.ph/message/f-r-e-s-h-look-pm/,https://www.ccf.org.ph/message/f-r-e-s-h-look-pm/,26985,2023-11-11T11:05:51+00:00,F.R.E.S.H Look - PM - Christ's Commission Fellowship,442,1,1,1,0,2,0,,
200,sermon,sermon-sitemap,https://www.ccf.org.ph/message/faith-in-gods-promises-no-matter-what-am/,https://www.ccf.org.ph/message/faith-in-gods-promises-no-matter-what-am/,https://www.ccf.org.ph/message/faith-in-gods-promises-no-matter-what-am/,27124,2023-11-11T11:21:56+00:00,Faith in God's Promises No Matter What - AM - Christ's Commission Fellowship,465,1,1,1,0,2,0,,
200,sermon,sermon-sitemap,https://www.ccf.org.ph/message/faith-in-gods-promises-no-matter-what-pm/,https://www.ccf.org.ph/message/faith-in-gods-promises-no-matter-what-pm/,https://www.ccf.org.ph/message/faith-in-gods-promises-no-matter-what-pm/,27126,2023-11-11T11:21:33+00:00,Faith in God's Promises No Matter What - PM - Christ's Commission Fellowship,587,1,1,1,0,2,0,,
200,sermon,sermon-sitemap,https://www.ccf.org.ph/message/faithful-witness-2/,https://www.ccf.org.ph/message/faithful-witness-2/,https://www.ccf.org.ph/message/faithful-witness-2/,14737,2019-01-21T01:00:34+00:00,Are You A Faithful Witness? - Christ's Commission Fellowship,435,1,1,0,0,2,0,,
200,sermon,sermon-sitemap,https://www.ccf.org.ph/message/fasting-blessing-2/,https://www.ccf.org.ph/message/fasting-blessing-2/,https://www.ccf.org.ph/message/fasting-blessing-2/,14544,2018-11-12T01:00:33+00:00,Fasting is Blessing - Christ's Commission Fellowship,99,1,1,0,0,2,0,,
200,sermon,sermon-sitemap,https://www.ccf.org.ph/message/fasting-is-blessing/,https://www.ccf.org.ph/message/fasting-is-blessing/,https://www.ccf.org.ph/message/fasting-is-blessing/,14542,2018-11-12T01:00:03+00:00,Fasting is Blessing - Christ's Commission Fellowship,99,1,1,0,0,2,0,,
200,sermon,sermon-sitemap,https://www.ccf.org.ph/message/fear-trust-god-2/,https://www.ccf.org.ph/message/fear-trust-god-2/,https://www.ccf.org.ph/message/fear-trust-god-2/,18435,2021-07-27T06:42:20+00:00,From Fear to Trust in God - PM - Christ's Commission Fellowship,110,1,1,1,0,2,0,,
200,sermon,sermon-sitemap,https://www.ccf.org.ph/message/fear-trust-god/,https://www.ccf.org.ph/message/fear-trust-god/,https://www.ccf.org.ph/message/fear-trust-god/,18432,2021-07-27T06:42:12+00:00,From Fear to Trust in God - AM - Christ's Commission Fellowship,110,1,1,1,0,2,0,,
200,sermon,sermon-sitemap,https://www.ccf.org.ph/message/fight-battles-prayer-afn/,https://www.ccf.org.ph/message/fight-battles-prayer-afn/,https://www.ccf.org.ph/message/fight-battles-prayer-afn/,13241,2018-02-28T03:24:02+00:00,Fight Our Battles With Prayer - Christ's Commission Fellowship,109,1,1,0,0,2,0,,
200,sermon,sermon-sitemap,https://www.ccf.org.ph/message/fight-battles-prayer/,https://www.ccf.org.ph/message/fight-battles-prayer/,https://www.ccf.org.ph/message/fight-battles-prayer/,13243,2018-01-23T03:35:54+00:00,Fight Our Battles With Prayer - Christ's Commission Fellowship,108,1,1,0,0,2,0,,
200,sermon,sermon-sitemap,https://www.ccf.org.ph/message/find-identity-christ/,https://www.ccf.org.ph/message/find-identity-christ/,https://www.ccf.org.ph/message/find-identity-christ/,12461,2018-01-12T07:14:53+00:00,Find Your Identity in Christ - Christ's Commission Fellowship,334,1,1,0,0,2,0,,
200,sermon,sermon-sitemap,https://www.ccf.org.ph/message/find-purpose-follow-jesus-afn/,https://www.ccf.org.ph/message/find-purpose-follow-jesus-afn/,https://www.ccf.org.ph/message/find-purpose-follow-jesus-afn/,12644,2018-01-11T12:00:32+00:00,Find Your Purpose: Follow Jesus - Christ's Commission Fellowship,275,1,1,0,0,2,0,,
200,sermon,sermon-sitemap,https://www.ccf.org.ph/message/find-purpose-follow-jesus/,https://www.ccf.org.ph/message/find-purpose-follow-jesus/,https://www.ccf.org.ph/message/find-purpose-follow-jesus/,12645,2018-01-11T12:00:27+00:00,Find Your Purpose: Follow Jesus - Christ's Commission Fellowship,275,1,1,0,0,2,0,,
200,sermon,sermon-sitemap,https://www.ccf.org.ph/message/find-satisfaction-christ/,https://www.ccf.org.ph/message/find-satisfaction-christ/,https://www.ccf.org.ph/message/find-satisfaction-christ/,14041,2018-09-22T05:52:19+00:00,Find Your Satisfaction in Christ - Christ's Commission Fellowship,112,1,1,0,0,2,0,,
200,sermon,sermon-sitemap,https://www.ccf.org.ph/message/finish-well-walk-by-the-spirit-am/,https://www.ccf.org.ph/message/finish-well-walk-by-the-spirit-am/,https://www.ccf.org.ph/message/finish-well-walk-by-the-spirit-am/,27141,2023-10-28T16:53:23+00:00,Finish Well: Walk by the Spirit - AM - Christ's Commission Fellowship,511,1,1,1,0,2,0,,
200,sermon,sermon-sitemap,https://www.ccf.org.ph/message/finish-well-walk-by-the-spirit-pm/,https://www.ccf.org.ph/message/finish-well-walk-by-the-spirit-pm/,https://www.ccf.org.ph/message/finish-well-walk-by-the-spirit-pm/,27140,2023-10-28T16:53:38+00:00,Finish Well: Walk by the Spirit - PM - Christ's Commission Fellowship,429,1,1,1,0,2,0,,
200,sermon,sermon-sitemap,https://www.ccf.org.ph/message/first-things-first-afn/,https://www.ccf.org.ph/message/first-things-first-afn/,https://www.ccf.org.ph/message/first-things-first-afn/,13802,2018-05-24T08:08:33+00:00,First Thing's First - Christ's Commission Fellowship,99,1,1,0,0,2,0,,
200,sermon,sermon-sitemap,https://www.ccf.org.ph/message/first-things-first-idc/,https://www.ccf.org.ph/message/first-things-first-idc/,https://www.ccf.org.ph/message/first-things-first-idc/,32008,2024-02-01T07:54:52+00:00,First Things First - Christ's Commission Fellowship,386,1,1,1,0,2,0,,
200,sermon,sermon-sitemap,https://www.ccf.org.ph/message/first-things-first-runthrough/,https://www.ccf.org.ph/message/first-things-first-runthrough/,https://www.ccf.org.ph/message/first-things-first-runthrough/,32059,2024-02-01T08:10:08+00:00,First Things First - Runthrough - Christ's Commission Fellowship,454,1,1,1,0,2,2,,
200,sermon,sermon-sitemap,https://www.ccf.org.ph/message/first-things-first/,https://www.ccf.org.ph/message/first-things-first/,https://www.ccf.org.ph/message/first-things-first/,13799,2018-05-24T08:08:27+00:00,First Thing's First - Christ's Commission Fellowship,99,1,1,0,0,2,0,,
200,sermon,sermon-sitemap,https://www.ccf.org.ph/message/flee-immorality/,https://www.ccf.org.ph/message/flee-immorality/,https://www.ccf.org.ph/message/flee-immorality/,12183,2017-07-05T06:35:54+00:00,Flee Immorality - Christ's Commission Fellowship,306,1,1,0,0,2,0,,
200,sermon,sermon-sitemap,https://www.ccf.org.ph/message/focus-on-god-2/,https://www.ccf.org.ph/message/focus-on-god-2/,https://www.ccf.org.ph/message/focus-on-god-2/,19379,2021-07-27T06:37:19+00:00,When Life Seems Unfair: Focus on God - PM - Christ's Commission Fellowship,121,1,1,1,0,2,0,,
200,sermon,sermon-sitemap,https://www.ccf.org.ph/message/focus-on-god/,https://www.ccf.org.ph/message/focus-on-god/,https://www.ccf.org.ph/message/focus-on-god/,19372,2021-07-27T06:37:03+00:00,When Life Seems Unfair: Focus on God - AM - Christ's Commission Fellowship,121,1,1,1,0,2,0,,
200,sermon,sermon-sitemap,https://www.ccf.org.ph/message/focus-truth-matters-2/,https://www.ccf.org.ph/message/focus-truth-matters-2/,https://www.ccf.org.ph/message/focus-truth-matters-2/,15610,2019-08-26T01:00:09+00:00,Focus on the Truth That Matters - Christ's Commission Fellowship,809,1,1,0,0,2,0,,
200,sermon,sermon-sitemap,https://www.ccf.org.ph/message/focus-truth-matters/,https://www.ccf.org.ph/message/focus-truth-matters/,https://www.ccf.org.ph/message/focus-truth-matters/,15609,2019-08-26T01:00:56+00:00,Focus on the Truth That Matters - Christ's Commission Fellowship,809,1,1,0,0,2,0,,
200,sermon,sermon-sitemap,https://www.ccf.org.ph/message/follow-gods-way-youre-important-afn/,https://www.ccf.org.ph/message/follow-gods-way-youre-important-afn/,https://www.ccf.org.ph/message/follow-gods-way-youre-important-afn/,13994,2018-09-22T05:49:06+00:00,Follow God's Way: You're Important to Him - Christ's Commission Fellowship,121,1,1,0,0,2,0,,
200,sermon,sermon-sitemap,https://www.ccf.org.ph/message/follow-gods-way-youre-important/,https://www.ccf.org.ph/message/follow-gods-way-youre-important/,https://www.ccf.org.ph/message/follow-gods-way-youre-important/,13993,2018-09-22T05:49:01+00:00,Follow God's Way: You're Important to Him - Christ's Commission Fellowship,121,1,1,0,0,2,0,,
200,sermon,sermon-sitemap,https://www.ccf.org.ph/message/freedom-from-debt-am-runthrough/,https://www.ccf.org.ph/message/freedom-from-debt-am-runthrough/,https://www.ccf.org.ph/message/freedom-from-debt-am-runthrough/,28780,2023-11-03T16:43:22+00:00,Freedom From Debt - AM - Runthrough - Christ's Commission Fellowship,372,1,1,1,0,2,1,,
200,sermon,sermon-sitemap,https://www.ccf.org.ph/message/freedom-from-debt-am/,https://www.ccf.org.ph/message/freedom-from-debt-am/,https://www.ccf.org.ph/message/freedom-from-debt-am/,27997,2023-10-30T18:56:51+00:00,Freedom From Debt - AM - Christ's Commission Fellowship,338,1,1,1,0,2,0,,
200,sermon,sermon-sitemap,https://www.ccf.org.ph/message/freedom-from-debt-pm-runthrough/,https://www.ccf.org.ph/message/freedom-from-debt-pm-runthrough/,https://www.ccf.org.ph/message/freedom-from-debt-pm-runthrough/,28778,2023-11-03T16:43:53+00:00,Freedom From Debt - PM - Runthrough - Christ's Commission Fellowship,363,1,1,1,0,2,1,,
200,sermon,sermon-sitemap,https://www.ccf.org.ph/message/freedom-from-debt-pm/,https://www.ccf.org.ph/message/freedom-from-debt-pm/,https://www.ccf.org.ph/message/freedom-from-debt-pm/,27996,2023-10-30T18:48:24+00:00,Freedom From Debt - PM - Christ's Commission Fellowship,345,1,1,1,0,2,0,,
200,sermon,sermon-sitemap,https://www.ccf.org.ph/message/friendship-dating-marriage-afn/,https://www.ccf.org.ph/message/friendship-dating-marriage-afn/,https://www.ccf.org.ph/message/friendship-dating-marriage-afn/,11910,2017-06-28T00:58:06+00:00,"Friendship, Dating, & Marriage - Christ's Commission Fellowship",371,1,1,0,0,2,0,,
200,sermon,sermon-sitemap,https://www.ccf.org.ph/message/friendship-dating-marriage/,https://www.ccf.org.ph/message/friendship-dating-marriage/,https://www.ccf.org.ph/message/friendship-dating-marriage/,11911,2017-06-28T00:58:13+00:00,"Friendship, Dating, & Marriage - Christ's Commission Fellowship",370,1,1,0,0,2,0,,
200,sermon,sermon-sitemap,https://www.ccf.org.ph/message/from-fear-full-to-fear-less-2/,https://www.ccf.org.ph/message/from-fear-full-to-fear-less-2/,https://www.ccf.org.ph/message/from-fear-full-to-fear-less-2/,20035,2021-07-27T06:28:40+00:00,From Fear-full to Fear-less - PM - Christ's Commission Fellowship,112,1,1,1,0,2,0,,
200,sermon,sermon-sitemap,https://www.ccf.org.ph/message/from-fear-full-to-fear-less-am/,https://www.ccf.org.ph/message/from-fear-full-to-fear-less-am/,https://www.ccf.org.ph/message/from-fear-full-to-fear-less-am/,20028,2021-04-21T09:05:01+00:00,From Fear-full to Fear-less - AM - Christ's Commission Fellowship,112,1,1,1,0,2,0,,
200,sermon,sermon-sitemap,https://www.ccf.org.ph/message/genuine-follower-christ/,https://www.ccf.org.ph/message/genuine-follower-christ/,https://www.ccf.org.ph/message/genuine-follower-christ/,14293,2018-09-22T06:08:26+00:00,Be A Genuine Christ Follower - Christ's Commission Fellowship,108,1,1,0,0,2,0,,
200,sermon,sermon-sitemap,https://www.ccf.org.ph/message/get-grip-strengthen-relationships-2/,https://www.ccf.org.ph/message/get-grip-strengthen-relationships-2/,https://www.ccf.org.ph/message/get-grip-strengthen-relationships-2/,14406,2018-10-01T01:00:59+00:00,Get A GRIP: Strengthen Your Relationships - Christ's Commission Fellowship,121,1,1,0,0,2,0,,
200,sermon,sermon-sitemap,https://www.ccf.org.ph/message/get-grip-strengthen-relationships/,https://www.ccf.org.ph/message/get-grip-strengthen-relationships/,https://www.ccf.org.ph/message/get-grip-strengthen-relationships/,14404,2018-10-01T01:00:30+00:00,Get A GRIP: Strengthen Your Relationships - Christ's Commission Fellowship,121,1,1,0,0,2,0,,
200,sermon,sermon-sitemap,https://www.ccf.org.ph/message/get-over-yourself/,https://www.ccf.org.ph/message/get-over-yourself/,https://www.ccf.org.ph/message/get-over-yourself/,14755,2019-02-04T01:00:39+00:00,Get Over Yourself - Christ's Commission Fellowship,452,1,1,0,0,2,0,,
200,sermon,sermon-sitemap,https://www.ccf.org.ph/message/give-generously/,https://www.ccf.org.ph/message/give-generously/,https://www.ccf.org.ph/message/give-generously/,11088,2017-08-12T06:03:49+00:00,Give Generously - Christ's Commission Fellowship,507,1,1,0,0,2,0,,
200,sermon,sermon-sitemap,https://www.ccf.org.ph/message/give-honor-god/,https://www.ccf.org.ph/message/give-honor-god/,https://www.ccf.org.ph/message/give-honor-god/,11114,2017-08-12T06:07:05+00:00,Give To Honor God - Christ's Commission Fellowship,522,1,1,0,0,2,0,,
200,sermon,sermon-sitemap,https://www.ccf.org.ph/message/giving-the-best-use-of-money-am/,https://www.ccf.org.ph/message/giving-the-best-use-of-money-am/,https://www.ccf.org.ph/message/giving-the-best-use-of-money-am/,28000,2023-10-30T18:51:53+00:00,Giving: The Best Use of Money - AM - Christ's Commission Fellowship,295,1,1,1,0,2,0,,
200,sermon,sermon-sitemap,https://www.ccf.org.ph/message/giving-the-best-use-of-money-pm/,https://www.ccf.org.ph/message/giving-the-best-use-of-money-pm/,https://www.ccf.org.ph/message/giving-the-best-use-of-money-pm/,28001,2023-10-30T18:52:08+00:00,Giving: The Best Use of Money - PM - Christ's Commission Fellowship,258,1,1,1,0,2,0,,
200,sermon,sermon-sitemap,https://www.ccf.org.ph/message/go-against-the-flow-am/,https://www.ccf.org.ph/message/go-against-the-flow-am/,https://www.ccf.org.ph/message/go-against-the-flow-am/,27190,2023-10-28T17:14:38+00:00,Go Against The Flow - AM - Christ's Commission Fellowship,339,1,1,1,0,2,0,,
200,sermon,sermon-sitemap,https://www.ccf.org.ph/message/go-against-the-flow-pm/,https://www.ccf.org.ph/message/go-against-the-flow-pm/,https://www.ccf.org.ph/message/go-against-the-flow-pm/,27189,2023-10-28T17:14:57+00:00,Go Against The Flow - PM - Christ's Commission Fellowship,453,1,1,1,0,2,0,,
200,sermon,sermon-sitemap,https://www.ccf.org.ph/message/god-breaks-cooperate/,https://www.ccf.org.ph/message/god-breaks-cooperate/,https://www.ccf.org.ph/message/god-breaks-cooperate/,16015,2019-11-05T01:23:27+00:00,"When God Breaks, Cooperate! - Christ's Commission Fellowship",537,1,1,0,0,2,0,,
200,sermon,sermon-sitemap,https://www.ccf.org.ph/message/god-develops-change-makers-am/,https://www.ccf.org.ph/message/god-develops-change-makers-am/,https://www.ccf.org.ph/message/god-develops-change-makers-am/,27232,2023-10-28T17:33:49+00:00,God Develops Change Makers - AM - Christ's Commission Fellowship,366,1,1,1,0,2,0,,
200,sermon,sermon-sitemap,https://www.ccf.org.ph/message/god-develops-change-makers-pm/,https://www.ccf.org.ph/message/god-develops-change-makers-pm/,https://www.ccf.org.ph/message/god-develops-change-makers-pm/,27233,2023-10-28T17:33:53+00:00,God Develops Change Makers - PM - Christ's Commission Fellowship,377,1,1,1,0,2,0,,
200,sermon,sermon-sitemap,https://www.ccf.org.ph/message/god-is-a-promise-keeper-am-runthrough/,https://www.ccf.org.ph/message/god-is-a-promise-keeper-am-runthrough/,https://www.ccf.org.ph/message/god-is-a-promise-keeper-am-runthrough/,28792,2023-11-04T00:25:38+00:00,God Is A Promise Keeper - AM - Runthrough - Christ's Commission Fellowship,442,1,1,1,0,2,1,,
200,sermon,sermon-sitemap,https://www.ccf.org.ph/message/god-is-a-promise-keeper-am/,https://www.ccf.org.ph/message/god-is-a-promise-keeper-am/,https://www.ccf.org.ph/message/god-is-a-promise-keeper-am/,27966,2023-10-30T17:04:07+00:00,God Is A Promise Keeper - AM - Christ's Commission Fellowship,329,1,1,1,0,2,0,,
200,sermon,sermon-sitemap,https://www.ccf.org.ph/message/god-is-a-promise-keeper-pm-runthrough/,https://www.ccf.org.ph/message/god-is-a-promise-keeper-pm-runthrough/,https://www.ccf.org.ph/message/god-is-a-promise-keeper-pm-runthrough/,28794,2023-11-04T00:26:24+00:00,God Is A Promise Keeper - PM - Runthrough - Christ's Commission Fellowship,423,1,1,1,0,2,1,,
200,sermon,sermon-sitemap,https://www.ccf.org.ph/message/god-is-a-promise-keeper-pm/,https://www.ccf.org.ph/message/god-is-a-promise-keeper-pm/,https://www.ccf.org.ph/message/god-is-a-promise-keeper-pm/,27967,2023-10-30T17:04:18+00:00,God Is A Promise Keeper - PM - Christ's Commission Fellowship,349,1,1,1,0,2,0,,
200,sermon,sermon-sitemap,https://www.ccf.org.ph/message/god-is-faithful/,https://www.ccf.org.ph/message/god-is-faithful/,https://www.ccf.org.ph/message/god-is-faithful/,13475,2018-05-24T07:46:36+00:00,God Is Faithful: Trust Him - Christ's Commission Fellowship,106,1,1,0,0,2,0,,
200,sermon,sermon-sitemap,https://www.ccf.org.ph/message/god-is-for-us-am-runthrough/,https://www.ccf.org.ph/message/god-is-for-us-am-runthrough/,https://www.ccf.org.ph/message/god-is-for-us-am-runthrough/,28806,2023-11-04T00:38:06+00:00,God Is For Us - AM - Runthrough - Christ's Commission Fellowship,277,1,1,1,0,2,1,,
200,sermon,sermon-sitemap,https://www.ccf.org.ph/message/god-is-for-us-am/,https://www.ccf.org.ph/message/god-is-for-us-am/,https://www.ccf.org.ph/message/god-is-for-us-am/,27920,2023-10-30T09:03:37+00:00,God Is For Us - AM - Christ's Commission Fellowship,327,1,1,1,0,2,0,,
200,sermon,sermon-sitemap,https://www.ccf.org.ph/message/god-is-for-us-pm-runthrough/,https://www.ccf.org.ph/message/god-is-for-us-pm-runthrough/,https://www.ccf.org.ph/message/god-is-for-us-pm-runthrough/,28807,2023-11-04T00:38:43+00:00,God Is For Us - PM - Runthrough - Christ's Commission Fellowship,325,1,1,1,0,2,1,,
200,sermon,sermon-sitemap,https://www.ccf.org.ph/message/god-is-for-us-pm/,https://www.ccf.org.ph/message/god-is-for-us-pm/,https://www.ccf.org.ph/message/god-is-for-us-pm/,27922,2023-10-30T09:04:04+00:00,God Is For Us - PM - Christ's Commission Fellowship,379,1,1,1,0,2,0,,
200,sermon,sermon-sitemap,https://www.ccf.org.ph/message/god-our-sure-hope-am-runthrough/,https://www.ccf.org.ph/message/god-our-sure-hope-am-runthrough/,https://www.ccf.org.ph/message/god-our-sure-hope-am-runthrough/,30858,2023-12-13T10:52:38+00:00,"God, Our Sure Hope - AM - Runthrough - Christ's Commission Fellowship",431,1,1,1,0,2,2,,
200,sermon,sermon-sitemap,https://www.ccf.org.ph/message/god-our-sure-hope-am/,https://www.ccf.org.ph/message/god-our-sure-hope-am/,https://www.ccf.org.ph/message/god-our-sure-hope-am/,30803,2023-12-11T06:29:37+00:00,"God, Our Sure Hope - AM - Christ's Commission Fellowship",471,1,1,1,0,2,0,,
200,sermon,sermon-sitemap,https://www.ccf.org.ph/message/god-our-sure-hope-pm-runthrough/,https://www.ccf.org.ph/message/god-our-sure-hope-pm-runthrough/,https://www.ccf.org.ph/message/god-our-sure-hope-pm-runthrough/,30859,2023-12-13T10:53:32+00:00,"God, Our Sure Hope - PM - Runthrough - Christ's Commission Fellowship",495,1,1,1,0,2,2,,
200,sermon,sermon-sitemap,https://www.ccf.org.ph/message/god-our-sure-hope-pm/,https://www.ccf.org.ph/message/god-our-sure-hope-pm/,https://www.ccf.org.ph/message/god-our-sure-hope-pm/,30804,2023-12-11T06:29:47+00:00,"God, Our Sure Hope - PM - Christ's Commission Fellowship",523,1,1,1,0,2,0,,
200,sermon,sermon-sitemap,https://www.ccf.org.ph/message/god-seems-silent-wait-lord-2/,https://www.ccf.org.ph/message/god-seems-silent-wait-lord-2/,https://www.ccf.org.ph/message/god-seems-silent-wait-lord-2/,18786,2021-07-27T06:39:35+00:00,"When God Seems Silent, Wait on the Lord - PM - Christ's Commission Fellowship",124,1,1,1,0,2,0,,
200,sermon,sermon-sitemap,https://www.ccf.org.ph/message/god-seems-silent-wait-lord/,https://www.ccf.org.ph/message/god-seems-silent-wait-lord/,https://www.ccf.org.ph/message/god-seems-silent-wait-lord/,18778,2021-07-27T06:39:21+00:00,"When God Seems Silent, Wait on the Lord - AM - Christ's Commission Fellowship",124,1,1,1,0,2,0,,
200,sermon,sermon-sitemap,https://www.ccf.org.ph/message/god-sovereign-god-good-trust/,https://www.ccf.org.ph/message/god-sovereign-god-good-trust/,https://www.ccf.org.ph/message/god-sovereign-god-good-trust/,16066,2019-11-18T01:00:30+00:00,God is Sovereign. God is Good. Trust Him. - Christ's Commission Fellowship,642,1,0,0,0,2,0,,
200,sermon,sermon-sitemap,https://www.ccf.org.ph/message/god-without-limits/,https://www.ccf.org.ph/message/god-without-limits/,https://www.ccf.org.ph/message/god-without-limits/,9148,2017-12-28T06:15:48+00:00,God Without Limits - Christ's Commission Fellowship,521,1,1,0,0,2,0,,
200,sermon,sermon-sitemap,https://www.ccf.org.ph/message/gods-blueprint-for-your-life-am-runthrough/,https://www.ccf.org.ph/message/gods-blueprint-for-your-life-am-runthrough/,https://www.ccf.org.ph/message/gods-blueprint-for-your-life-am-runthrough/,31250,2024-01-03T19:06:10+00:00,God's Blueprint for Your Life - AM - Runthrough - Christ's Commission Fellowship,423,1,1,1,0,2,2,,
200,sermon,sermon-sitemap,https://www.ccf.org.ph/message/gods-blueprint-for-your-life-am/,https://www.ccf.org.ph/message/gods-blueprint-for-your-life-am/,https://www.ccf.org.ph/message/gods-blueprint-for-your-life-am/,31215,2024-01-01T09:49:31+00:00,God’s Blueprint For Your Life - AM - Christ's Commission Fellowship,573,1,1,1,0,2,0,,
200,sermon,sermon-sitemap,https://www.ccf.org.ph/message/gods-blueprint-for-your-life-pm-runthrough/,https://www.ccf.org.ph/message/gods-blueprint-for-your-life-pm-runthrough/,https://www.ccf.org.ph/message/gods-blueprint-for-your-life-pm-runthrough/,31251,2024-01-03T19:07:03+00:00,God's Blueprint for Your Life - PM - Runthrough - Christ's Commission Fellowship,516,1,1,1,0,2,2,,
200,sermon,sermon-sitemap,https://www.ccf.org.ph/message/gods-blueprint-for-your-life-pm/,https://www.ccf.org.ph/message/gods-blueprint-for-your-life-pm/,https://www.ccf.org.ph/message/gods-blueprint-for-your-life-pm/,31217,2024-01-01T09:52:37+00:00,God’s Blueprint For Your Life - PM - Christ's Commission Fellowship,649,1,1,1,0,2,0,,
200,sermon,sermon-sitemap,https://www.ccf.org.ph/message/gods-grace-displayed-runthrough/,https://www.ccf.org.ph/message/gods-grace-displayed-runthrough/,https://www.ccf.org.ph/message/gods-grace-displayed-runthrough/,28728,2023-11-03T16:05:26+00:00,God's Grace Displayed - Runthrough - Christ's Commission Fellowship,322,1,1,1,0,2,1,,
200,sermon,sermon-sitemap,https://www.ccf.org.ph/message/gods-love-unchanging-receive-give-afn/,https://www.ccf.org.ph/message/gods-love-unchanging-receive-give-afn/,https://www.ccf.org.ph/message/gods-love-unchanging-receive-give-afn/,13419,2018-05-24T07:41:29+00:00,"God's Love Is Unchanging: Receive It, Give It (Part 2) - Christ's Commission Fellowship",134,1,1,0,0,2,0,,
200,sermon,sermon-sitemap,https://www.ccf.org.ph/message/gods-love-unchanging-receive-give/,https://www.ccf.org.ph/message/gods-love-unchanging-receive-give/,https://www.ccf.org.ph/message/gods-love-unchanging-receive-give/,13420,2018-05-24T07:41:35+00:00,"God's Love Is Unchanging: Receive It, Give It (Part 2) - Christ's Commission Fellowship",134,1,1,0,0,2,0,,
200,sermon,sermon-sitemap,https://www.ccf.org.ph/message/gods-love-unchanging-receive-it-afn/,https://www.ccf.org.ph/message/gods-love-unchanging-receive-it-afn/,https://www.ccf.org.ph/message/gods-love-unchanging-receive-it-afn/,13396,2018-05-24T07:40:36+00:00,"God's Love Is Unchanging: Receive It, Give It - Christ's Commission Fellowship",125,1,1,0,0,2,0,,
200,sermon,sermon-sitemap,https://www.ccf.org.ph/message/gods-love-unchanging-receive-it/,https://www.ccf.org.ph/message/gods-love-unchanging-receive-it/,https://www.ccf.org.ph/message/gods-love-unchanging-receive-it/,13397,2018-05-24T07:40:42+00:00,"God's Love Is Unchanging: Receive It, Give It - Christ's Commission Fellowship",125,1,1,0,0,2,0,,
200,sermon,sermon-sitemap,https://www.ccf.org.ph/message/gods-message-of-hope-am/,https://www.ccf.org.ph/message/gods-message-of-hope-am/,https://www.ccf.org.ph/message/gods-message-of-hope-am/,27351,2023-10-28T19:06:11+00:00,God’s Message of Hope - AM - Christ's Commission Fellowship,357,1,1,1,0,2,0,,
200,sermon,sermon-sitemap,https://www.ccf.org.ph/message/gods-message-of-hope-pm/,https://www.ccf.org.ph/message/gods-message-of-hope-pm/,https://www.ccf.org.ph/message/gods-message-of-hope-pm/,27352,2023-10-28T19:06:16+00:00,God’s Message of Hope - PM - Christ's Commission Fellowship,357,1,1,1,0,2,0,,
200,sermon,sermon-sitemap,https://www.ccf.org.ph/message/gods-unchanging-holiness-be-humble/,https://www.ccf.org.ph/message/gods-unchanging-holiness-be-humble/,https://www.ccf.org.ph/message/gods-unchanging-holiness-be-humble/,13432,2018-05-24T07:44:52+00:00,"God's Unchanging Holiness: Be Humble, Heed His Call - Christ's Commission Fellowship",131,1,1,0,0,2,0,,
200,sermon,sermon-sitemap,https://www.ccf.org.ph/message/gods-unchanging-holiness/,https://www.ccf.org.ph/message/gods-unchanging-holiness/,https://www.ccf.org.ph/message/gods-unchanging-holiness/,13433,2018-05-24T07:44:46+00:00,"God's Unchanging Holiness: Be Humble, Heed His Call - Christ's Commission Fellowship",131,1,1,0,0,2,0,,
200,sermon,sermon-sitemap,https://www.ccf.org.ph/message/gods-unstoppable-grace-am/,https://www.ccf.org.ph/message/gods-unstoppable-grace-am/,https://www.ccf.org.ph/message/gods-unstoppable-grace-am/,21296,2021-04-20T08:58:56+00:00,God's Unstoppable Grace - AM - Christ's Commission Fellowship,108,1,1,1,0,2,0,,
200,sermon,sermon-sitemap,https://www.ccf.org.ph/message/gods-unstoppable-grace-pm/,https://www.ccf.org.ph/message/gods-unstoppable-grace-pm/,https://www.ccf.org.ph/message/gods-unstoppable-grace-pm/,21298,2021-04-20T09:00:25+00:00,God's Unstoppable Grace - PM - Christ's Commission Fellowship,108,1,1,1,0,2,0,,
200,sermon,sermon-sitemap,https://www.ccf.org.ph/message/gods-way-of-revival/,https://www.ccf.org.ph/message/gods-way-of-revival/,https://www.ccf.org.ph/message/gods-way-of-revival/,27310,2023-10-28T18:35:18+00:00,God's Way of Revival - Christ's Commission Fellowship,194,1,1,1,0,2,0,,
200,sermon,sermon-sitemap,https://www.ccf.org.ph/message/good-news-bad-news-share-the-good-news-am-runthrough/,https://www.ccf.org.ph/message/good-news-bad-news-share-the-good-news-am-runthrough/,https://www.ccf.org.ph/message/good-news-bad-news-share-the-good-news-am-runthrough/,28785,2023-11-03T16:46:25+00:00,"Good News, Bad News: Share the Good News - AM - Runthrough - Christ's Commission Fellowship",327,1,1,1,0,2,1,,
200,sermon,sermon-sitemap,https://www.ccf.org.ph/message/good-news-bad-news-share-the-good-news-am/,https://www.ccf.org.ph/message/good-news-bad-news-share-the-good-news-am/,https://www.ccf.org.ph/message/good-news-bad-news-share-the-good-news-am/,27983,2023-10-30T17:46:38+00:00,"Good News, Bad News: Share the Good News - AM - Christ's Commission Fellowship",384,1,1,1,0,2,0,,
200,sermon,sermon-sitemap,https://www.ccf.org.ph/message/good-news-bad-news-share-the-good-news-pm-runthrough/,https://www.ccf.org.ph/message/good-news-bad-news-share-the-good-news-pm-runthrough/,https://www.ccf.org.ph/message/good-news-bad-news-share-the-good-news-pm-runthrough/,28786,2023-11-03T16:46:55+00:00,"Good News, Bad News: Share the Good News - PM - Runthrough - Christ's Commission Fellowship",364,1,1,1,0,2,1,,
200,sermon,sermon-sitemap,https://www.ccf.org.ph/message/good-news-bad-news-share-the-good-news-pm/,https://www.ccf.org.ph/message/good-news-bad-news-share-the-good-news-pm/,https://www.ccf.org.ph/message/good-news-bad-news-share-the-good-news-pm/,27984,2023-10-30T17:46:55+00:00,"Good News, Bad News: Share the Good News - PM - Christ's Commission Fellowship",416,1,1,1,0,2,0,,
200,sermon,sermon-sitemap,https://www.ccf.org.ph/message/grateful-surrender-rights-afn/,https://www.ccf.org.ph/message/grateful-surrender-rights-afn/,https://www.ccf.org.ph/message/grateful-surrender-rights-afn/,12567,2017-09-12T03:46:33+00:00,Be Grateful and Surrender Your Rights - Christ's Commission Fellowship,180,1,1,0,0,2,0,,
200,sermon,sermon-sitemap,https://www.ccf.org.ph/message/grateful-surrender-rights/,https://www.ccf.org.ph/message/grateful-surrender-rights/,https://www.ccf.org.ph/message/grateful-surrender-rights/,12568,2017-09-12T03:46:27+00:00,Be Grateful and Surrender Your Rights - Christ's Commission Fellowship,180,1,1,0,0,2,0,,
200,sermon,sermon-sitemap,https://www.ccf.org.ph/message/grow-christlike-compassion/,https://www.ccf.org.ph/message/grow-christlike-compassion/,https://www.ccf.org.ph/message/grow-christlike-compassion/,14258,2018-09-22T06:06:59+00:00,Grow In Christlike Compassion - Christ's Commission Fellowship,109,1,1,0,0,2,0,,
200,sermon,sermon-sitemap,https://www.ccf.org.ph/message/guilty-or-not-guilty-am-runthrough/,https://www.ccf.org.ph/message/guilty-or-not-guilty-am-runthrough/,https://www.ccf.org.ph/message/guilty-or-not-guilty-am-runthrough/,28787,2023-11-03T16:48:47+00:00,Guilty or Not Guilty? - AM - Runthrough - Christ's Commission Fellowship,271,1,1,1,0,2,1,,
200,sermon,sermon-sitemap,https://www.ccf.org.ph/message/guilty-or-not-guilty-am/,https://www.ccf.org.ph/message/guilty-or-not-guilty-am/,https://www.ccf.org.ph/message/guilty-or-not-guilty-am/,27974,2023-10-30T17:31:53+00:00,Guilty or Not Guilty? - AM - Christ's Commission Fellowship,296,1,1,1,0,2,0,,
200,sermon,sermon-sitemap,https://www.ccf.org.ph/message/guilty-or-not-guilty-pm-runthrough/,https://www.ccf.org.ph/message/guilty-or-not-guilty-pm-runthrough/,https://www.ccf.org.ph/message/guilty-or-not-guilty-pm-runthrough/,28789,2023-11-03T16:49:10+00:00,Guilty or Not Guilty? - PM - Runthrough - Christ's Commission Fellowship,303,1,1,1,0,2,1,,
200,sermon,sermon-sitemap,https://www.ccf.org.ph/message/guilty-or-not-guilty-pm/,https://www.ccf.org.ph/message/guilty-or-not-guilty-pm/,https://www.ccf.org.ph/message/guilty-or-not-guilty-pm/,27976,2023-10-30T17:31:55+00:00,Guilty or Not Guilty? - PM - Christ's Commission Fellowship,369,1,1,1,0,2,0,,
200,sermon,sermon-sitemap,https://www.ccf.org.ph/message/happiness-totally-dependent-god-afn/,https://www.ccf.org.ph/message/happiness-totally-dependent-god-afn/,https://www.ccf.org.ph/message/happiness-totally-dependent-god-afn/,13963,2018-09-22T05:47:43+00:00,Happiness: Be Totally Dependent on God - Christ's Commission Fellowship,118,1,1,0,0,2,0,,
200,sermon,sermon-sitemap,https://www.ccf.org.ph/message/happiness-totally-dependent-god/,https://www.ccf.org.ph/message/happiness-totally-dependent-god/,https://www.ccf.org.ph/message/happiness-totally-dependent-god/,13960,2018-09-22T05:47:38+00:00,Happiness: Be Totally Dependent on God - Christ's Commission Fellowship,118,1,1,0,0,2,0,,
200,sermon,sermon-sitemap,https://www.ccf.org.ph/message/have-a-fresh-encounter-with-god-am-runthrough/,https://www.ccf.org.ph/message/have-a-fresh-encounter-with-god-am-runthrough/,https://www.ccf.org.ph/message/have-a-fresh-encounter-with-god-am-runthrough/,34953,2024-08-28T12:58:53+00:00,Have A Fresh Encounter With God - AM - Runthrough - Christ's Commission Fellowship,387,1,1,1,0,2,2,,
200,sermon,sermon-sitemap,https://www.ccf.org.ph/message/have-a-fresh-encounter-with-god/,https://www.ccf.org.ph/message/have-a-fresh-encounter-with-god/,https://www.ccf.org.ph/message/have-a-fresh-encounter-with-god/,34901,2024-08-25T15:16:10+00:00,Have A Fresh Encounter With God - Christ's Commission Fellowship,425,1,1,1,0,2,0,,
200,sermon,sermon-sitemap,https://www.ccf.org.ph/message/heavens-priceless-gift-am-runthrough/,https://www.ccf.org.ph/message/heavens-priceless-gift-am-runthrough/,https://www.ccf.org.ph/message/heavens-priceless-gift-am-runthrough/,28727,2023-11-03T16:06:05+00:00,Heaven's Priceless Gift - AM - Runthrough - Christ's Commission Fellowship,350,1,1,1,0,2,1,,
200,sermon,sermon-sitemap,https://www.ccf.org.ph/message/heavens-priceless-gift-am/,https://www.ccf.org.ph/message/heavens-priceless-gift-am/,https://www.ccf.org.ph/message/heavens-priceless-gift-am/,28085,2023-10-30T23:26:52+00:00,Heaven's Priceless Gift - AM - Christ's Commission Fellowship,340,1,1,1,0,2,0,,
200,sermon,sermon-sitemap,https://www.ccf.org.ph/message/heavens-priceless-gift-pm-runthrough/,https://www.ccf.org.ph/message/heavens-priceless-gift-pm-runthrough/,https://www.ccf.org.ph/message/heavens-priceless-gift-pm-runthrough/,28726,2023-11-03T16:06:50+00:00,Heaven's Priceless Gift - PM - Runthrough - Christ's Commission Fellowship,372,1,1,1,0,2,1,,
200,sermon,sermon-sitemap,https://www.ccf.org.ph/message/heavens-priceless-gift-pm/,https://www.ccf.org.ph/message/heavens-priceless-gift-pm/,https://www.ccf.org.ph/message/heavens-priceless-gift-pm/,28086,2023-10-30T23:28:19+00:00,Heaven's Priceless Gift - PM - Christ's Commission Fellowship,399,1,1,1,0,2,0,,
200,sermon,sermon-sitemap,https://www.ccf.org.ph/message/help-people-find-healing-jesus/,https://www.ccf.org.ph/message/help-people-find-healing-jesus/,https://www.ccf.org.ph/message/help-people-find-healing-jesus/,14828,2019-02-25T01:00:22+00:00,Help People Find Healing in Jesus - Christ's Commission Fellowship,327,1,1,0,0,2,0,,
200,sermon,sermon-sitemap,https://www.ccf.org.ph/message/hold-on-to-gods-promises-2/,https://www.ccf.org.ph/message/hold-on-to-gods-promises-2/,https://www.ccf.org.ph/message/hold-on-to-gods-promises-2/,19539,2021-07-27T06:31:09+00:00,"When Life Lets you down, Hold on to God's Promises - PM - Christ's Commission Fellowship",135,1,1,1,0,2,0,,
200,sermon,sermon-sitemap,https://www.ccf.org.ph/message/hold-on-to-gods-promises/,https://www.ccf.org.ph/message/hold-on-to-gods-promises/,https://www.ccf.org.ph/message/hold-on-to-gods-promises/,19535,2021-07-27T06:30:54+00:00,"When Life Lets you down, Hold on to God's Promises - AM - Christ's Commission Fellowship",135,1,1,1,0,2,0,,
200,sermon,sermon-sitemap,https://www.ccf.org.ph/message/holy-spirit-the-power-to-change-am/,https://www.ccf.org.ph/message/holy-spirit-the-power-to-change-am/,https://www.ccf.org.ph/message/holy-spirit-the-power-to-change-am/,27035,2023-11-11T11:14:43+00:00,"Holy Spirit, The Power To Change - AM - Christ's Commission Fellowship",341,1,1,1,0,2,0,,
200,sermon,sermon-sitemap,https://www.ccf.org.ph/message/holy-spirit-the-power-to-change-pm/,https://www.ccf.org.ph/message/holy-spirit-the-power-to-change-pm/,https://www.ccf.org.ph/message/holy-spirit-the-power-to-change-pm/,27034,2023-11-11T11:14:08+00:00,"Holy Spirit, The Power To Change - PM - Christ's Commission Fellowship",437,1,1,1,0,2,0,,
200,sermon,sermon-sitemap,https://www.ccf.org.ph/message/honor-god-for-who-he-is-am-runthrough/,https://www.ccf.org.ph/message/honor-god-for-who-he-is-am-runthrough/,https://www.ccf.org.ph/message/honor-god-for-who-he-is-am-runthrough/,33611,2024-05-29T17:19:54+00:00,Honor God For Who He Is - AM - Runthrough - Christ's Commission Fellowship,475,1,1,1,0,2,2,,
200,sermon,sermon-sitemap,https://www.ccf.org.ph/message/honor-god-for-who-he-is-am/,https://www.ccf.org.ph/message/honor-god-for-who-he-is-am/,https://www.ccf.org.ph/message/honor-god-for-who-he-is-am/,33579,2024-05-26T15:12:31+00:00,Honor God For Who He Is - AM - Christ's Commission Fellowship,348,1,1,1,0,2,0,,
200,sermon,sermon-sitemap,https://www.ccf.org.ph/message/honor-god-for-who-he-is-pm-runthrough/,https://www.ccf.org.ph/message/honor-god-for-who-he-is-pm-runthrough/,https://www.ccf.org.ph/message/honor-god-for-who-he-is-pm-runthrough/,33612,2024-05-29T17:21:11+00:00,Honor God For Who He Is - PM - Runthrough - Christ's Commission Fellowship,437,1,1,1,0,2,2,,
200,sermon,sermon-sitemap,https://www.ccf.org.ph/message/honor-god-for-who-he-is-pm/,https://www.ccf.org.ph/message/honor-god-for-who-he-is-pm/,https://www.ccf.org.ph/message/honor-god-for-who-he-is-pm/,33580,2024-05-27T07:14:40+00:00,Honor God For Who He Is - PM - Christ's Commission Fellowship,384,1,1,1,0,2,0,,
200,sermon,sermon-sitemap,https://www.ccf.org.ph/message/honor-god-submit-to-your-leaders-am/,https://www.ccf.org.ph/message/honor-god-submit-to-your-leaders-am/,https://www.ccf.org.ph/message/honor-god-submit-to-your-leaders-am/,27407,2023-10-28T19:37:57+00:00,"Honor God, Submit To Your Leaders - AM - Christ's Commission Fellowship",362,1,1,1,0,2,0,,
200,sermon,sermon-sitemap,https://www.ccf.org.ph/message/honor-god-submit-to-your-leaders-pm/,https://www.ccf.org.ph/message/honor-god-submit-to-your-leaders-pm/,https://www.ccf.org.ph/message/honor-god-submit-to-your-leaders-pm/,27406,2023-10-28T19:38:10+00:00,"Honor God, Submit To Your Leaders - PM - Christ's Commission Fellowship",323,1,1,1,0,2,0,,
200,sermon,sermon-sitemap,https://www.ccf.org.ph/message/hopeful-best-yet-come-2/,https://www.ccf.org.ph/message/hopeful-best-yet-come-2/,https://www.ccf.org.ph/message/hopeful-best-yet-come-2/,14159,2018-09-22T06:01:02+00:00,Be Hopeful: The Best is Yet to Come - Christ's Commission Fellowship,115,1,1,0,0,2,0,,
200,sermon,sermon-sitemap,https://www.ccf.org.ph/message/hopeful-best-yet-come/,https://www.ccf.org.ph/message/hopeful-best-yet-come/,https://www.ccf.org.ph/message/hopeful-best-yet-come/,14158,2018-09-22T06:01:12+00:00,Be Hopeful: The Best is Yet to Come - Christ's Commission Fellowship,115,1,1,0,0,2,0,,
200,sermon,sermon-sitemap,https://www.ccf.org.ph/message/how-can-i-enter-heaven-am-runthrough/,https://www.ccf.org.ph/message/how-can-i-enter-heaven-am-runthrough/,https://www.ccf.org.ph/message/how-can-i-enter-heaven-am-runthrough/,28723,2023-11-03T15:59:27+00:00,How Can I Enter Heaven? - AM - Runthrough - Christ's Commission Fellowship,360,1,1,1,0,2,1,,
200,sermon,sermon-sitemap,https://www.ccf.org.ph/message/how-can-i-enter-heaven-am/,https://www.ccf.org.ph/message/how-can-i-enter-heaven-am/,https://www.ccf.org.ph/message/how-can-i-enter-heaven-am/,28102,2023-10-31T00:09:27+00:00,How Can I Enter Heaven? - AM - Christ's Commission Fellowship,296,1,0,1,0,2,0,,
200,sermon,sermon-sitemap,https://www.ccf.org.ph/message/how-can-i-enter-heaven-pm-runthrough/,https://www.ccf.org.ph/message/how-can-i-enter-heaven-pm-runthrough/,https://www.ccf.org.ph/message/how-can-i-enter-heaven-pm-runthrough/,28724,2023-11-03T16:00:02+00:00,How Can I Enter Heaven? - PM - Runthrough - Christ's Commission Fellowship,375,1,1,1,0,2,1,,
200,sermon,sermon-sitemap,https://www.ccf.org.ph/message/how-can-i-enter-heaven-pm/,https://www.ccf.org.ph/message/how-can-i-enter-heaven-pm/,https://www.ccf.org.ph/message/how-can-i-enter-heaven-pm/,28101,2023-10-31T00:09:29+00:00,How Can I Enter Heaven? - PM - Christ's Commission Fellowship,412,1,1,1,0,2,0,,
200,sermon,sermon-sitemap,https://www.ccf.org.ph/message/how-to-start-spiritual-conversations-runthrough/,https://www.ccf.org.ph/message/how-to-start-spiritual-conversations-runthrough/,https://www.ccf.org.ph/message/how-to-start-spiritual-conversations-runthrough/,28739,2023-11-03T16:14:44+00:00,How To Start Spiritual Conversations - Runthrough - Christ's Commission Fellowship,371,1,1,1,0,2,1,,
200,sermon,sermon-sitemap,https://www.ccf.org.ph/message/idc-special-sunday-how-to-start-spiritual-conversations/,https://www.ccf.org.ph/message/idc-special-sunday-how-to-start-spiritual-conversations/,https://www.ccf.org.ph/message/idc-special-sunday-how-to-start-spiritual-conversations/,28067,2023-10-30T22:34:18+00:00,IDC Special Sunday - How To Start Spiritual Conversations - Christ's Commission Fellowship,379,1,1,1,0,2,0,,
200,sermon,sermon-sitemap,https://www.ccf.org.ph/message/if-god-why-evil-runthrough/,https://www.ccf.org.ph/message/if-god-why-evil-runthrough/,https://www.ccf.org.ph/message/if-god-why-evil-runthrough/,32057,2024-02-01T08:07:37+00:00,"If God, Why Evil - Runthrough - Christ's Commission Fellowship",447,1,1,1,0,2,2,,
200,sermon,sermon-sitemap,https://www.ccf.org.ph/message/if-god-why-evil/,https://www.ccf.org.ph/message/if-god-why-evil/,https://www.ccf.org.ph/message/if-god-why-evil/,31962,2024-01-30T06:43:11+00:00,"If God, Why Evil - Christ's Commission Fellowship",325,1,1,1,0,2,0,,
200,sermon,sermon-sitemap,https://www.ccf.org.ph/message/immediate-gratification-afn/,https://www.ccf.org.ph/message/immediate-gratification-afn/,https://www.ccf.org.ph/message/immediate-gratification-afn/,12319,2017-07-28T02:56:29+00:00,Immediate Gratification - Christ's Commission Fellowship,204,1,1,0,0,2,0,,
200,sermon,sermon-sitemap,https://www.ccf.org.ph/message/immediate-gratification/,https://www.ccf.org.ph/message/immediate-gratification/,https://www.ccf.org.ph/message/immediate-gratification/,12318,2017-07-28T02:56:36+00:00,Immediate Gratification - Christ's Commission Fellowship,204,1,1,0,0,2,0,,
200,sermon,sermon-sitemap,https://www.ccf.org.ph/message/in-tough-times-living-hope-transforms-am-runthrough/,https://www.ccf.org.ph/message/in-tough-times-living-hope-transforms-am-runthrough/,https://www.ccf.org.ph/message/in-tough-times-living-hope-transforms-am-runthrough/,25966,2021-05-19T07:56:58+00:00,In Tough Times Living Hope Transforms - AM - Runthrough - Christ's Commission Fellowship,135,1,1,1,0,2,0,,
200,sermon,sermon-sitemap,https://www.ccf.org.ph/message/in-tough-times-living-hope-transforms-am/,https://www.ccf.org.ph/message/in-tough-times-living-hope-transforms-am/,https://www.ccf.org.ph/message/in-tough-times-living-hope-transforms-am/,25885,2021-07-16T09:32:54+00:00,"In Tough Times, Living Hope Transforms - AM - Christ's Commission Fellowship",111,1,1,1,0,2,0,,
200,sermon,sermon-sitemap,https://www.ccf.org.ph/message/in-tough-times-living-hope-transforms-pm-runthrough/,https://www.ccf.org.ph/message/in-tough-times-living-hope-transforms-pm-runthrough/,https://www.ccf.org.ph/message/in-tough-times-living-hope-transforms-pm-runthrough/,25968,2021-05-19T10:56:03+00:00,In Tough Times Living Hope Transforms - PM - Runthrough - Christ's Commission Fellowship,135,1,1,1,0,2,0,,
200,sermon,sermon-sitemap,https://www.ccf.org.ph/message/in-tough-times-living-hope-transforms-pm/,https://www.ccf.org.ph/message/in-tough-times-living-hope-transforms-pm/,https://www.ccf.org.ph/message/in-tough-times-living-hope-transforms-pm/,25886,2021-05-10T07:15:22+00:00,"In Tough Times, Living Hope Transforms - PM - Christ's Commission Fellowship",111,1,1,1,0,2,0,,
200,sermon,sermon-sitemap,https://www.ccf.org.ph/message/inexplicably-generous-2/,https://www.ccf.org.ph/message/inexplicably-generous-2/,https://www.ccf.org.ph/message/inexplicably-generous-2/,14875,2019-03-11T01:00:50+00:00,Be Inexplicably Generous - Christ's Commission Fellowship,479,1,1,0,0,2,0,,
200,sermon,sermon-sitemap,https://www.ccf.org.ph/message/intimacy-am/,https://www.ccf.org.ph/message/intimacy-am/,https://www.ccf.org.ph/message/intimacy-am/,22725,2021-04-20T08:06:21+00:00,Intimacy - AM - Christ's Commission Fellowship,93,1,1,1,0,2,0,,
200,sermon,sermon-sitemap,https://www.ccf.org.ph/message/intimacy-pm/,https://www.ccf.org.ph/message/intimacy-pm/,https://www.ccf.org.ph/message/intimacy-pm/,22726,2021-04-20T08:08:01+00:00,Intimacy - PM - Christ's Commission Fellowship,92,1,1,1,0,2,0,,
200,sermon,sermon-sitemap,https://www.ccf.org.ph/message/is-your-heart-right-for-gods-kingdom-am-runthrough/,https://www.ccf.org.ph/message/is-your-heart-right-for-gods-kingdom-am-runthrough/,https://www.ccf.org.ph/message/is-your-heart-right-for-gods-kingdom-am-runthrough/,28718,2023-11-03T15:55:18+00:00,Is Your Heart Right For God's Kingdom? - AM - Runthrough - Christ's Commission Fellowship,376,1,1,1,0,2,1,,
200,sermon,sermon-sitemap,https://www.ccf.org.ph/message/is-your-heart-right-for-gods-kingdom-am/,https://www.ccf.org.ph/message/is-your-heart-right-for-gods-kingdom-am/,https://www.ccf.org.ph/message/is-your-heart-right-for-gods-kingdom-am/,28116,2023-10-31T00:48:37+00:00,Is Your Heart Right For God's Kingdom? - AM - Christ's Commission Fellowship,367,1,1,1,0,2,0,,
200,sermon,sermon-sitemap,https://www.ccf.org.ph/message/is-your-heart-right-for-gods-kingdom-pm-runthrough/,https://www.ccf.org.ph/message/is-your-heart-right-for-gods-kingdom-pm-runthrough/,https://www.ccf.org.ph/message/is-your-heart-right-for-gods-kingdom-pm-runthrough/,28714,2023-11-03T15:55:56+00:00,Is Your Heart Right For God's Kingdom? - PM - Runthrough - Christ's Commission Fellowship,392,1,1,1,0,2,1,,
200,sermon,sermon-sitemap,https://www.ccf.org.ph/message/is-your-heart-right-for-gods-kingdom-pm/,https://www.ccf.org.ph/message/is-your-heart-right-for-gods-kingdom-pm/,https://www.ccf.org.ph/message/is-your-heart-right-for-gods-kingdom-pm/,28115,2023-10-31T00:48:24+00:00,Is Your Heart Right For God's Kingdom? - PM - Christ's Commission Fellowship,415,1,1,1,0,2,0,,
200,sermon,sermon-sitemap,https://www.ccf.org.ph/message/jesus-alive-live/,https://www.ccf.org.ph/message/jesus-alive-live/,https://www.ccf.org.ph/message/jesus-alive-live/,11371,2017-05-11T09:49:56+00:00,Jesus is Alive: Live for Him - Christ's Commission Fellowship,275,1,1,0,0,2,0,,
200,sermon,sermon-sitemap,https://www.ccf.org.ph/message/jesus-bread-life/,https://www.ccf.org.ph/message/jesus-bread-life/,https://www.ccf.org.ph/message/jesus-bread-life/,9150,2017-12-28T06:16:01+00:00,Jesus is the Bread of Life - Christ's Commission Fellowship,378,1,1,0,0,2,0,,
200,sermon,sermon-sitemap,https://www.ccf.org.ph/message/jesus-came-to-save/,https://www.ccf.org.ph/message/jesus-came-to-save/,https://www.ccf.org.ph/message/jesus-came-to-save/,10306,2017-12-28T06:21:28+00:00,Jesus Came to Save: Glorify Him - Christ's Commission Fellowship,723,1,1,0,0,2,0,,
200,sermon,sermon-sitemap,https://www.ccf.org.ph/message/jesus-died-us-live/,https://www.ccf.org.ph/message/jesus-died-us-live/,https://www.ccf.org.ph/message/jesus-died-us-live/,10525,2017-12-28T06:25:12+00:00,Jesus Died for Us: Live for Him - Christ's Commission Fellowship,760,1,1,0,0,2,0,,
200,sermon,sermon-sitemap,https://www.ccf.org.ph/message/jesus-equal-father/,https://www.ccf.org.ph/message/jesus-equal-father/,https://www.ccf.org.ph/message/jesus-equal-father/,9145,2017-12-28T06:14:50+00:00,Jesus is Equal with the Father - Christ's Commission Fellowship,479,1,1,0,0,2,0,,
200,sermon,sermon-sitemap,https://www.ccf.org.ph/message/jesus-fully-satisfies/,https://www.ccf.org.ph/message/jesus-fully-satisfies/,https://www.ccf.org.ph/message/jesus-fully-satisfies/,8583,2017-12-28T06:08:59+00:00,Jesus Fully Satisfies - Christ's Commission Fellowship,558,1,1,0,0,2,0,,
200,sermon,sermon-sitemap,https://www.ccf.org.ph/message/jesus-gives-eternal-life-born/,https://www.ccf.org.ph/message/jesus-gives-eternal-life-born/,https://www.ccf.org.ph/message/jesus-gives-eternal-life-born/,8577,2017-12-28T06:07:34+00:00,Jesus Gives Eternal Life: Be Born Again - Christ's Commission Fellowship,624,1,1,0,0,2,0,,
200,sermon,sermon-sitemap,https://www.ccf.org.ph/message/jesus-gives-holy-spirit-filled/,https://www.ccf.org.ph/message/jesus-gives-holy-spirit-filled/,https://www.ccf.org.ph/message/jesus-gives-holy-spirit-filled/,10501,2017-12-28T06:22:38+00:00,Jesus Gives the Holy Spirit: Be Filled with Him - Christ's Commission Fellowship,663,1,1,0,0,2,0,,
200,sermon,sermon-sitemap,https://www.ccf.org.ph/message/jesus-god-pray-please/,https://www.ccf.org.ph/message/jesus-god-pray-please/,https://www.ccf.org.ph/message/jesus-god-pray-please/,8570,2017-12-28T06:07:07+00:00,Jesus is God: Pray to Please Him - Christ's Commission Fellowship,483,1,1,0,0,2,0,,
200,sermon,sermon-sitemap,https://www.ccf.org.ph/message/jesus-gracious-pursue-change/,https://www.ccf.org.ph/message/jesus-gracious-pursue-change/,https://www.ccf.org.ph/message/jesus-gracious-pursue-change/,9293,2017-12-28T06:17:57+00:00,Jesus is Gracious: Pursue Change - Christ's Commission Fellowship,498,1,1,0,0,2,0,,
200,sermon,sermon-sitemap,https://www.ccf.org.ph/message/jesus-is-alive-tell-others/,https://www.ccf.org.ph/message/jesus-is-alive-tell-others/,https://www.ccf.org.ph/message/jesus-is-alive-tell-others/,10556,2017-12-28T06:26:08+00:00,Jesus Is Alive: Believe and Tell Others - Christ's Commission Fellowship,683,1,1,0,0,2,0,,
200,sermon,sermon-sitemap,https://www.ccf.org.ph/message/jesus-is-coming-be-ready-am-runthrough/,https://www.ccf.org.ph/message/jesus-is-coming-be-ready-am-runthrough/,https://www.ccf.org.ph/message/jesus-is-coming-be-ready-am-runthrough/,26790,2021-07-14T11:38:12+00:00,"Jesus Is Coming, Be Ready - AM - Runthrough - Christ's Commission Fellowship",123,1,1,1,0,2,0,,
200,sermon,sermon-sitemap,https://www.ccf.org.ph/message/jesus-is-coming-be-ready-am/,https://www.ccf.org.ph/message/jesus-is-coming-be-ready-am/,https://www.ccf.org.ph/message/jesus-is-coming-be-ready-am/,26779,2021-07-12T02:13:30+00:00,"Jesus is Coming, Be Ready - AM - Christ's Commission Fellowship",98,1,1,1,0,2,0,,
200,sermon,sermon-sitemap,https://www.ccf.org.ph/message/jesus-is-coming-be-ready-pm-runthrough/,https://www.ccf.org.ph/message/jesus-is-coming-be-ready-pm-runthrough/,https://www.ccf.org.ph/message/jesus-is-coming-be-ready-pm-runthrough/,26791,2021-07-17T13:18:32+00:00,"Jesus Is Coming, Be Ready - PM - Runthrough - Christ's Commission Fellowship",123,1,1,1,0,2,0,,
200,sermon,sermon-sitemap,https://www.ccf.org.ph/message/jesus-is-coming-be-ready-pm/,https://www.ccf.org.ph/message/jesus-is-coming-be-ready-pm/,https://www.ccf.org.ph/message/jesus-is-coming-be-ready-pm/,26780,2021-07-12T02:17:11+00:00,"Jesus is Coming, Be Ready - PM - Christ's Commission Fellowship",98,1,1,1,0,2,0,,
200,sermon,sermon-sitemap,https://www.ccf.org.ph/message/jesus-is-our-comforter/,https://www.ccf.org.ph/message/jesus-is-our-comforter/,https://www.ccf.org.ph/message/jesus-is-our-comforter/,10419,2017-12-28T06:21:52+00:00,Jesus is Our Comforter - Christ's Commission Fellowship,618,1,1,0,0,2,0,,
200,sermon,sermon-sitemap,https://www.ccf.org.ph/message/jesus-is-our-sure-hope-wait-on-him-am-runthrough/,https://www.ccf.org.ph/message/jesus-is-our-sure-hope-wait-on-him-am-runthrough/,https://www.ccf.org.ph/message/jesus-is-our-sure-hope-wait-on-him-am-runthrough/,31106,2023-12-21T01:03:27+00:00,"Jesus is Our Sure Hope, Wait on Him - AM - Runthrough - Christ's Commission Fellowship",434,1,1,1,0,2,2,,
200,sermon,sermon-sitemap,https://www.ccf.org.ph/message/jesus-is-our-sure-hope-wait-on-him-am/,https://www.ccf.org.ph/message/jesus-is-our-sure-hope-wait-on-him-am/,https://www.ccf.org.ph/message/jesus-is-our-sure-hope-wait-on-him-am/,31008,2023-12-18T01:14:36+00:00,"Jesus is Our Sure Hope, Wait on Him - AM - Christ's Commission Fellowship",407,1,1,1,0,2,0,,
200,sermon,sermon-sitemap,https://www.ccf.org.ph/message/jesus-is-our-sure-hope-wait-on-him-pm-runthrough/,https://www.ccf.org.ph/message/jesus-is-our-sure-hope-wait-on-him-pm-runthrough/,https://www.ccf.org.ph/message/jesus-is-our-sure-hope-wait-on-him-pm-runthrough/,31107,2023-12-21T01:03:43+00:00,"Jesus is Our Sure Hope, Wait on Him - PM - Runthrough - Christ's Commission Fellowship",501,1,1,1,0,2,2,,
200,sermon,sermon-sitemap,https://www.ccf.org.ph/message/jesus-is-our-sure-hope-wait-on-him-pm/,https://www.ccf.org.ph/message/jesus-is-our-sure-hope-wait-on-him-pm/,https://www.ccf.org.ph/message/jesus-is-our-sure-hope-wait-on-him-pm/,31009,2023-12-18T01:15:03+00:00,"Jesus is Our Sure Hope, Wait on Him - PM - Christ's Commission Fellowship",414,1,1,1,0,2,0,,
200,sermon,sermon-sitemap,https://www.ccf.org.ph/message/jesus-is-our-sure-hope-worship-him-am/,https://www.ccf.org.ph/message/jesus-is-our-sure-hope-worship-him-am/,https://www.ccf.org.ph/message/jesus-is-our-sure-hope-worship-him-am/,31136,2023-12-25T03:14:03+00:00,"Jesus is Our Sure Hope, Worship Him - AM - Christ's Commission Fellowship",419,1,1,1,0,2,0,,
200,sermon,sermon-sitemap,https://www.ccf.org.ph/message/jesus-is-our-sure-hope-worship-him-runthrough/,https://www.ccf.org.ph/message/jesus-is-our-sure-hope-worship-him-runthrough/,https://www.ccf.org.ph/message/jesus-is-our-sure-hope-worship-him-runthrough/,31181,2023-12-28T01:42:55+00:00,"Jesus is Our Sure Hope, Worship Him - Runthrough - Christ's Commission Fellowship",435,1,1,1,0,2,2,,
200,sermon,sermon-sitemap,https://www.ccf.org.ph/message/jesus-is-risen-he-changes-everything-am/,https://www.ccf.org.ph/message/jesus-is-risen-he-changes-everything-am/,https://www.ccf.org.ph/message/jesus-is-risen-he-changes-everything-am/,27916,2023-10-30T08:10:33+00:00,"Jesus Is Risen, He Changes Everything - AM - Christ's Commission Fellowship",342,1,1,1,0,2,0,,
200,sermon,sermon-sitemap,https://www.ccf.org.ph/message/jesus-is-risen-he-changes-everything-pm/,https://www.ccf.org.ph/message/jesus-is-risen-he-changes-everything-pm/,https://www.ccf.org.ph/message/jesus-is-risen-he-changes-everything-pm/,27918,2023-10-30T08:10:27+00:00,"Jesus Is Risen, He Changes Everything - PM - Christ's Commission Fellowship",388,1,1,1,0,2,0,,
200,sermon,sermon-sitemap,https://www.ccf.org.ph/message/jesus-is-sovereign/,https://www.ccf.org.ph/message/jesus-is-sovereign/,https://www.ccf.org.ph/message/jesus-is-sovereign/,9143,2017-12-28T06:14:34+00:00,Jesus is Sovereign - Christ's Commission Fellowship,546,1,1,0,0,2,0,,
200,sermon,sermon-sitemap,https://www.ccf.org.ph/message/jesus-is-the-christ/,https://www.ccf.org.ph/message/jesus-is-the-christ/,https://www.ccf.org.ph/message/jesus-is-the-christ/,9249,2017-12-28T06:17:33+00:00,Jesus is the Christ - Christ's Commission Fellowship,451,1,1,0,0,2,0,,
200,sermon,sermon-sitemap,https://www.ccf.org.ph/message/jesus-lord-life-trust/,https://www.ccf.org.ph/message/jesus-lord-life-trust/,https://www.ccf.org.ph/message/jesus-lord-life-trust/,10292,2017-12-28T06:19:21+00:00,Jesus is the Lord of Life: Trust Him - Christ's Commission Fellowship,514,1,1,0,0,2,0,,
200,sermon,sermon-sitemap,https://www.ccf.org.ph/message/jesus-one-thing-love-god-love-others/,https://www.ccf.org.ph/message/jesus-one-thing-love-god-love-others/,https://www.ccf.org.ph/message/jesus-one-thing-love-god-love-others/,16444,2020-02-10T01:00:26+00:00,"Jesus’ One Thing: Love God, Love Others - Christ's Commission Fellowship",118,1,1,0,0,2,0,,
200,sermon,sermon-sitemap,https://www.ccf.org.ph/message/jesus-over-all-am-runthrough/,https://www.ccf.org.ph/message/jesus-over-all-am-runthrough/,https://www.ccf.org.ph/message/jesus-over-all-am-runthrough/,33864,2024-06-12T03:45:24+00:00,Jesus: Over All - AM - Runthrough - Christ's Commission Fellowship,372,1,1,1,0,2,2,,
200,sermon,sermon-sitemap,https://www.ccf.org.ph/message/jesus-over-all-pm-runthrough/,https://www.ccf.org.ph/message/jesus-over-all-pm-runthrough/,https://www.ccf.org.ph/message/jesus-over-all-pm-runthrough/,33865,2024-06-12T03:46:05+00:00,Jesus: Over All - PM - Runthrough - Christ's Commission Fellowship,426,1,1,1,0,2,2,,
200,sermon,sermon-sitemap,https://www.ccf.org.ph/message/jesus-over-all-pm/,https://www.ccf.org.ph/message/jesus-over-all-pm/,https://www.ccf.org.ph/message/jesus-over-all-pm/,33832,2024-06-20T11:36:27+00:00,Jesus: Over All - PM - Christ's Commission Fellowship,427,1,1,1,0,2,0,,
200,sermon,sermon-sitemap,https://www.ccf.org.ph/message/jesus-over-all/,https://www.ccf.org.ph/message/jesus-over-all/,https://www.ccf.org.ph/message/jesus-over-all/,33830,2024-06-20T11:36:34+00:00,Jesus: Over All - AM - Christ's Commission Fellowship,354,1,1,1,0,2,0,,
200,sermon,sermon-sitemap,https://www.ccf.org.ph/message/jesus-praying-us-fulfill-will/,https://www.ccf.org.ph/message/jesus-praying-us-fulfill-will/,https://www.ccf.org.ph/message/jesus-praying-us-fulfill-will/,10499,2017-12-28T06:24:55+00:00,Jesus is Praying for Us: Fulfill His Will - Christ's Commission Fellowship,721,1,1,0,0,2,0,,
200,sermon,sermon-sitemap,https://www.ccf.org.ph/message/jesus-risen-rejoice/,https://www.ccf.org.ph/message/jesus-risen-rejoice/,https://www.ccf.org.ph/message/jesus-risen-rejoice/,13613,2018-05-24T07:52:36+00:00,Jesus Is Risen Rejoice - Christ's Commission Fellowship,102,1,1,0,0,2,0,,
200,sermon,sermon-sitemap,https://www.ccf.org.ph/message/jesus-satisfies/,https://www.ccf.org.ph/message/jesus-satisfies/,https://www.ccf.org.ph/message/jesus-satisfies/,10785,2017-02-04T02:35:38+00:00,Jesus Satisfies - Christ's Commission Fellowship,212,1,1,0,0,2,0,,
200,sermon,sermon-sitemap,https://www.ccf.org.ph/message/jesus-savior-judge/,https://www.ccf.org.ph/message/jesus-savior-judge/,https://www.ccf.org.ph/message/jesus-savior-judge/,8341,2017-12-28T06:08:06+00:00,"Jesus, Savior and Judge - Christ's Commission Fellowship",456,1,1,0,0,2,0,,
200,sermon,sermon-sitemap,https://www.ccf.org.ph/message/jesus-shepherd-depend/,https://www.ccf.org.ph/message/jesus-shepherd-depend/,https://www.ccf.org.ph/message/jesus-shepherd-depend/,10248,2017-12-28T06:19:07+00:00,Jesus is the Shepherd: Depend on Him - Christ's Commission Fellowship,514,1,1,0,0,2,0,,
200,sermon,sermon-sitemap,https://www.ccf.org.ph/message/jesus-supreme-life/,https://www.ccf.org.ph/message/jesus-supreme-life/,https://www.ccf.org.ph/message/jesus-supreme-life/,12861,2018-01-11T11:52:44+00:00,Is Jesus Supreme in Your Life - Christ's Commission Fellowship,586,1,1,0,0,2,0,,
200,sermon,sermon-sitemap,https://www.ccf.org.ph/message/jesus-the-expression-of-gods-love-am/,https://www.ccf.org.ph/message/jesus-the-expression-of-gods-love-am/,https://www.ccf.org.ph/message/jesus-the-expression-of-gods-love-am/,33695,2024-06-20T11:37:56+00:00,A Life-Changing Prayer - AM - Christ's Commission Fellowship,277,1,1,1,0,2,0,,
200,sermon,sermon-sitemap,https://www.ccf.org.ph/message/jesus-the-light/,https://www.ccf.org.ph/message/jesus-the-light/,https://www.ccf.org.ph/message/jesus-the-light/,9421,2017-12-28T06:18:43+00:00,Jesus is the Light: Come and See - Christ's Commission Fellowship,525,1,1,0,0,2,0,,
200,sermon,sermon-sitemap,https://www.ccf.org.ph/message/jesus-true-vine-abide-in-him/,https://www.ccf.org.ph/message/jesus-true-vine-abide-in-him/,https://www.ccf.org.ph/message/jesus-true-vine-abide-in-him/,10434,2017-12-28T06:22:05+00:00,Jesus is the True Vine: Abide in Him and Bear much Fruit - Christ's Commission Fellowship,703,1,1,0,0,2,0,,
200,sermon,sermon-sitemap,https://www.ccf.org.ph/message/joy-giver-point-people-jesus-2/,https://www.ccf.org.ph/message/joy-giver-point-people-jesus-2/,https://www.ccf.org.ph/message/joy-giver-point-people-jesus-2/,17009,2020-03-29T12:00:17+00:00,"Be a Joy Giver, Point People to Jesus - Christ's Commission Fellowship",117,1,1,0,0,2,0,,
200,sermon,sermon-sitemap,https://www.ccf.org.ph/message/joy-giver-point-people-jesus/,https://www.ccf.org.ph/message/joy-giver-point-people-jesus/,https://www.ccf.org.ph/message/joy-giver-point-people-jesus/,17007,2020-03-29T12:00:18+00:00,"Be a Joy Giver, Point People to Jesus - Christ's Commission Fellowship",117,1,1,0,0,2,0,,
200,sermon,sermon-sitemap,https://www.ccf.org.ph/message/keep-courage-god-control-2/,https://www.ccf.org.ph/message/keep-courage-god-control-2/,https://www.ccf.org.ph/message/keep-courage-god-control-2/,15846,2019-10-04T06:48:47+00:00,Be Courageous: God is in Control - Christ's Commission Fellowship,438,1,1,0,0,2,0,,
200,sermon,sermon-sitemap,https://www.ccf.org.ph/message/keep-courage-god-control/,https://www.ccf.org.ph/message/keep-courage-god-control/,https://www.ccf.org.ph/message/keep-courage-god-control/,15845,2019-10-04T06:46:25+00:00,Be Courageous: God is in Control - Christ's Commission Fellowship,439,1,1,0,0,2,0,,
200,sermon,sermon-sitemap,https://www.ccf.org.ph/message/key-joyful-living-grow-christlikeness/,https://www.ccf.org.ph/message/key-joyful-living-grow-christlikeness/,https://www.ccf.org.ph/message/key-joyful-living-grow-christlikeness/,16690,2020-03-22T08:28:46+00:00,The key to joyful living: Grow in Christlikeness! - Christ's Commission Fellowship,129,1,1,0,0,2,0,,
200,sermon,sermon-sitemap,https://www.ccf.org.ph/message/keys-to-victorious-living-am/,https://www.ccf.org.ph/message/keys-to-victorious-living-am/,https://www.ccf.org.ph/message/keys-to-victorious-living-am/,27334,2023-10-28T18:47:30+00:00,Keys To Victorious Living - AM - Christ's Commission Fellowship,330,1,1,1,0,2,0,,
200,sermon,sermon-sitemap,https://www.ccf.org.ph/message/keys-to-victorious-living-pm/,https://www.ccf.org.ph/message/keys-to-victorious-living-pm/,https://www.ccf.org.ph/message/keys-to-victorious-living-pm/,27333,2023-10-28T18:47:38+00:00,Keys To Victorious Living - PM - Christ's Commission Fellowship,370,1,1,1,0,2,0,,
200,sermon,sermon-sitemap,https://www.ccf.org.ph/message/know-believe-live-out-the-gospel-am-runthrough/,https://www.ccf.org.ph/message/know-believe-live-out-the-gospel-am-runthrough/,https://www.ccf.org.ph/message/know-believe-live-out-the-gospel-am-runthrough/,29690,2023-11-15T06:41:02+00:00,"Know, Believe, Live Out The Gospel - AM - Runthrough - Christ's Commission Fellowship",533,1,1,1,0,2,2,,
200,sermon,sermon-sitemap,https://www.ccf.org.ph/message/know-believe-live-out-the-gospel-am/,https://www.ccf.org.ph/message/know-believe-live-out-the-gospel-am/,https://www.ccf.org.ph/message/know-believe-live-out-the-gospel-am/,29516,2023-11-13T02:47:37+00:00,"Know, Believe, Live Out The Gospel - AM - Christ's Commission Fellowship",526,1,1,1,0,2,0,,
200,sermon,sermon-sitemap,https://www.ccf.org.ph/message/know-believe-live-out-the-gospel-pm-runthrough/,https://www.ccf.org.ph/message/know-believe-live-out-the-gospel-pm-runthrough/,https://www.ccf.org.ph/message/know-believe-live-out-the-gospel-pm-runthrough/,29691,2023-11-15T06:41:50+00:00,"Know, Believe, Live Out The Gospel - PM - Runthrough - Christ's Commission Fellowship",518,1,1,1,0,2,2,,
200,sermon,sermon-sitemap,https://www.ccf.org.ph/message/know-believe-live-out-the-gospel-pm/,https://www.ccf.org.ph/message/know-believe-live-out-the-gospel-pm/,https://www.ccf.org.ph/message/know-believe-live-out-the-gospel-pm/,29517,2023-11-13T02:48:01+00:00,"Know, Believe, Live Out The Gospel - PM - Christ's Commission Fellowship",550,1,1,1,0,2,0,,
200,sermon,sermon-sitemap,https://www.ccf.org.ph/message/know-culture-make-christ-known-2/,https://www.ccf.org.ph/message/know-culture-make-christ-known-2/,https://www.ccf.org.ph/message/know-culture-make-christ-known-2/,15343,2019-07-08T01:00:37+00:00,"Know the Culture, Make Christ Known - Christ's Commission Fellowship",595,1,1,0,0,2,0,,
200,sermon,sermon-sitemap,https://www.ccf.org.ph/message/know-culture-make-christ-known/,https://www.ccf.org.ph/message/know-culture-make-christ-known/,https://www.ccf.org.ph/message/know-culture-make-christ-known/,15342,2019-07-08T01:00:30+00:00,"Know the Culture, Make Christ Known - Christ's Commission Fellowship",595,1,1,0,0,2,0,,
200,sermon,sermon-sitemap,https://www.ccf.org.ph/message/know-gods-will-2/,https://www.ccf.org.ph/message/know-gods-will-2/,https://www.ccf.org.ph/message/know-gods-will-2/,15285,2019-06-24T01:00:29+00:00,Know God's Will and Do It - Christ's Commission Fellowship,287,1,1,0,0,2,0,,
200,sermon,sermon-sitemap,https://www.ccf.org.ph/message/know-gods-will-be-consecrated-am-runthrough/,https://www.ccf.org.ph/message/know-gods-will-be-consecrated-am-runthrough/,https://www.ccf.org.ph/message/know-gods-will-be-consecrated-am-runthrough/,28769,2023-11-03T16:34:06+00:00,"Know God's Will, Be Consecrated - AM - Runthrough - Christ's Commission Fellowship",328,1,1,1,0,2,1,,
200,sermon,sermon-sitemap,https://www.ccf.org.ph/message/know-gods-will-be-consecrated-am/,https://www.ccf.org.ph/message/know-gods-will-be-consecrated-am/,https://www.ccf.org.ph/message/know-gods-will-be-consecrated-am/,28012,2023-10-30T20:37:19+00:00,"Know God's Will, Be Consecrated - AM - Christ's Commission Fellowship",343,1,1,1,0,2,0,,
200,sermon,sermon-sitemap,https://www.ccf.org.ph/message/know-gods-will-be-consecrated-pm-runthrough/,https://www.ccf.org.ph/message/know-gods-will-be-consecrated-pm-runthrough/,https://www.ccf.org.ph/message/know-gods-will-be-consecrated-pm-runthrough/,28767,2023-11-03T16:34:57+00:00,"Know God's Will, Be Consecrated - PM - Runthrough - Christ's Commission Fellowship",395,1,1,1,0,2,1,,
200,sermon,sermon-sitemap,https://www.ccf.org.ph/message/know-gods-will-be-consecrated-pm/,https://www.ccf.org.ph/message/know-gods-will-be-consecrated-pm/,https://www.ccf.org.ph/message/know-gods-will-be-consecrated-pm/,28013,2023-10-30T20:37:22+00:00,"Know God's Will, Be Consecrated - PM - Christ's Commission Fellowship",366,1,1,1,0,2,0,,
200,sermon,sermon-sitemap,https://www.ccf.org.ph/message/know-gods-will/,https://www.ccf.org.ph/message/know-gods-will/,https://www.ccf.org.ph/message/know-gods-will/,15284,2019-06-24T01:00:31+00:00,Know God's Will and Do It - Christ's Commission Fellowship,287,1,1,0,0,2,0,,
200,sermon,sermon-sitemap,https://www.ccf.org.ph/message/know-jesus-help-others-know/,https://www.ccf.org.ph/message/know-jesus-help-others-know/,https://www.ccf.org.ph/message/know-jesus-help-others-know/,8566,2017-12-28T06:05:31+00:00,Know Jesus and Help Others Know Him - Christ's Commission Fellowship,562,1,1,0,0,2,0,,
200,sermon,sermon-sitemap,https://www.ccf.org.ph/message/know-jesus-transformed/,https://www.ccf.org.ph/message/know-jesus-transformed/,https://www.ccf.org.ph/message/know-jesus-transformed/,8568,2017-12-28T06:05:58+00:00,Know Jesus and Be Transformed - Christ's Commission Fellowship,536,1,1,0,0,2,0,,
200,sermon,sermon-sitemap,https://www.ccf.org.ph/message/know-jesus/,https://www.ccf.org.ph/message/know-jesus/,https://www.ccf.org.ph/message/know-jesus/,8561,2017-12-28T06:04:32+00:00,Know Jesus - Christ's Commission Fellowship,568,1,1,0,0,2,0,,
200,sermon,sermon-sitemap,https://www.ccf.org.ph/message/know-truth-set-free/,https://www.ccf.org.ph/message/know-truth-set-free/,https://www.ccf.org.ph/message/know-truth-set-free/,9364,2017-12-28T06:18:18+00:00,Know the Truth: Be Set Free - Christ's Commission Fellowship,391,1,1,0,0,2,0,,
200,sermon,sermon-sitemap,https://www.ccf.org.ph/message/know-your-greatest-hope-am/,https://www.ccf.org.ph/message/know-your-greatest-hope-am/,https://www.ccf.org.ph/message/know-your-greatest-hope-am/,20854,2021-04-20T09:01:05+00:00,"In The Lockdowns of Life, Know your Greatest Hope - AM - Christ's Commission Fellowship",134,1,1,1,0,2,0,,
200,sermon,sermon-sitemap,https://www.ccf.org.ph/message/know-your-greatest-hope-pm/,https://www.ccf.org.ph/message/know-your-greatest-hope-pm/,https://www.ccf.org.ph/message/know-your-greatest-hope-pm/,20857,2021-04-20T09:02:05+00:00,"In The Lockdowns of Life, Know your Greatest Hope - PM - Christ's Commission Fellowship",134,1,1,1,0,2,0,,
200,sermon,sermon-sitemap,https://www.ccf.org.ph/message/learn-job-endure/,https://www.ccf.org.ph/message/learn-job-endure/,https://www.ccf.org.ph/message/learn-job-endure/,16220,2019-12-23T01:00:32+00:00,Learn From Job - Endure! - Christ's Commission Fellowship,601,1,1,0,0,2,0,,
200,sermon,sermon-sitemap,https://www.ccf.org.ph/message/legit-giving-blessing-peter-tanchi/,https://www.ccf.org.ph/message/legit-giving-blessing-peter-tanchi/,https://www.ccf.org.ph/message/legit-giving-blessing-peter-tanchi/,14498,2018-11-03T02:04:14+00:00,Giving is Blessing - Christ's Commission Fellowship,98,1,1,0,0,2,0,,
200,sermon,sermon-sitemap,https://www.ccf.org.ph/message/legit-worship-am-runthrough/,https://www.ccf.org.ph/message/legit-worship-am-runthrough/,https://www.ccf.org.ph/message/legit-worship-am-runthrough/,27591,2023-11-04T02:09:11+00:00,Legit Worship - AM - Runthrough - Christ's Commission Fellowship,451,1,1,1,0,2,2,,
200,sermon,sermon-sitemap,https://www.ccf.org.ph/message/legit-worship-am/,https://www.ccf.org.ph/message/legit-worship-am/,https://www.ccf.org.ph/message/legit-worship-am/,26961,2023-11-11T11:02:26+00:00,Legit Worship - AM - Christ's Commission Fellowship,295,1,1,1,0,2,0,,
200,sermon,sermon-sitemap,https://www.ccf.org.ph/message/legit-worship-pm-runthrough/,https://www.ccf.org.ph/message/legit-worship-pm-runthrough/,https://www.ccf.org.ph/message/legit-worship-pm-runthrough/,27592,2023-11-04T02:09:17+00:00,Legit Worship - PM - Runthrough - Christ's Commission Fellowship,511,1,1,1,0,2,2,,
200,sermon,sermon-sitemap,https://www.ccf.org.ph/message/legit-worship-pm/,https://www.ccf.org.ph/message/legit-worship-pm/,https://www.ccf.org.ph/message/legit-worship-pm/,26965,2023-11-11T11:01:48+00:00,Legit Worship - PM - Christ's Commission Fellowship,325,1,1,1,0,2,0,,
200,sermon,sermon-sitemap,https://www.ccf.org.ph/message/let-go-let-god-battle-lords-2/,https://www.ccf.org.ph/message/let-go-let-god-battle-lords-2/,https://www.ccf.org.ph/message/let-go-let-god-battle-lords-2/,16108,2019-12-02T01:00:09+00:00,Let Go and Let God! The Battle is the Lord’s! - Christ's Commission Fellowship,560,1,1,0,0,2,0,,
200,sermon,sermon-sitemap,https://www.ccf.org.ph/message/let-go-let-god-battle-lords/,https://www.ccf.org.ph/message/let-go-let-god-battle-lords/,https://www.ccf.org.ph/message/let-go-let-god-battle-lords/,16107,2019-12-02T01:00:01+00:00,Let Go and Let God! The Battle is the Lord’s! - Christ's Commission Fellowship,560,1,1,0,0,2,0,,
200,sermon,sermon-sitemap,https://www.ccf.org.ph/message/let-jesus-increase-life-2/,https://www.ccf.org.ph/message/let-jesus-increase-life-2/,https://www.ccf.org.ph/message/let-jesus-increase-life-2/,15935,2019-10-14T01:00:56+00:00,Let Jesus Increase in Your Life! - Christ's Commission Fellowship,733,1,1,0,0,2,0,,
200,sermon,sermon-sitemap,https://www.ccf.org.ph/message/let-jesus-increase-life/,https://www.ccf.org.ph/message/let-jesus-increase-life/,https://www.ccf.org.ph/message/let-jesus-increase-life/,15934,2019-10-14T01:00:47+00:00,Let Jesus Increase in Your Life! - Christ's Commission Fellowship,733,1,1,0,0,2,0,,
200,sermon,sermon-sitemap,https://www.ccf.org.ph/message/life-changing-encounter-holy-spirit-afn/,https://www.ccf.org.ph/message/life-changing-encounter-holy-spirit-afn/,https://www.ccf.org.ph/message/life-changing-encounter-holy-spirit-afn/,12772,2018-01-11T11:59:31+00:00,A Life Changing Encounter With the Holy Spirit - Christ's Commission Fellowship,126,1,1,0,0,2,0,,
200,sermon,sermon-sitemap,https://www.ccf.org.ph/message/life-changing-encounter-holy-spirit/,https://www.ccf.org.ph/message/life-changing-encounter-holy-spirit/,https://www.ccf.org.ph/message/life-changing-encounter-holy-spirit/,12771,2018-01-11T11:59:35+00:00,A Life Changing Encounter With the Holy Spirit - Christ's Commission Fellowship,126,1,1,0,0,2,0,,
200,sermon,sermon-sitemap,https://www.ccf.org.ph/message/life-giver-2/,https://www.ccf.org.ph/message/life-giver-2/,https://www.ccf.org.ph/message/life-giver-2/,14327,2018-09-22T06:12:27+00:00,Be a Life Giver - Christ's Commission Fellowship,95,1,1,0,0,2,0,,
200,sermon,sermon-sitemap,https://www.ccf.org.ph/message/lift-someone-today-2/,https://www.ccf.org.ph/message/lift-someone-today-2/,https://www.ccf.org.ph/message/lift-someone-today-2/,15097,2019-04-22T01:00:36+00:00,Lift Someone Up Today - Christ's Commission Fellowship,427,1,1,0,0,2,0,,
200,sermon,sermon-sitemap,https://www.ccf.org.ph/message/lift-someone-today/,https://www.ccf.org.ph/message/lift-someone-today/,https://www.ccf.org.ph/message/lift-someone-today/,15095,2019-04-22T01:00:10+00:00,Lift Someone Up Today - Christ's Commission Fellowship,428,1,1,0,0,2,0,,
200,sermon,sermon-sitemap,https://www.ccf.org.ph/message/listen-gods-voice-fast-obey-2/,https://www.ccf.org.ph/message/listen-gods-voice-fast-obey-2/,https://www.ccf.org.ph/message/listen-gods-voice-fast-obey-2/,15177,2019-05-20T01:00:35+00:00,Listen to God’s Voice — Fast and Obey - Christ's Commission Fellowship,441,1,1,0,0,2,0,,
200,sermon,sermon-sitemap,https://www.ccf.org.ph/message/listen-gods-voice-fast-obey/,https://www.ccf.org.ph/message/listen-gods-voice-fast-obey/,https://www.ccf.org.ph/message/listen-gods-voice-fast-obey/,15175,2019-05-20T01:00:04+00:00,Listen to God’s Voice — Fast and Obey - Christ's Commission Fellowship,441,1,1,0,0,2,0,,
200,sermon,sermon-sitemap,https://www.ccf.org.ph/message/live-a-fulfilled-life-am/,https://www.ccf.org.ph/message/live-a-fulfilled-life-am/,https://www.ccf.org.ph/message/live-a-fulfilled-life-am/,25310,2021-03-23T01:52:55+00:00,Live A Fulfilled Life - AM - Christ's Commission Fellowship,106,1,1,1,0,2,0,,
200,sermon,sermon-sitemap,https://www.ccf.org.ph/message/live-a-fulfilled-life-pm/,https://www.ccf.org.ph/message/live-a-fulfilled-life-pm/,https://www.ccf.org.ph/message/live-a-fulfilled-life-pm/,25311,2021-04-10T05:14:11+00:00,Live a Fulfilled Life - PM - Christ's Commission Fellowship,145,1,1,1,0,2,0,,
200,sermon,sermon-sitemap,https://www.ccf.org.ph/message/live-christ-centered-life-humble-like-christ-2/,https://www.ccf.org.ph/message/live-christ-centered-life-humble-like-christ-2/,https://www.ccf.org.ph/message/live-christ-centered-life-humble-like-christ-2/,16613,2020-03-17T07:54:37+00:00,Live a Christ-Centered Life: Be Humble Like Christ - Christ's Commission Fellowship,130,1,1,0,0,2,0,,
200,sermon,sermon-sitemap,https://www.ccf.org.ph/message/live-christ-centered-life-humble-like-christ/,https://www.ccf.org.ph/message/live-christ-centered-life-humble-like-christ/,https://www.ccf.org.ph/message/live-christ-centered-life-humble-like-christ/,16612,2020-05-13T03:10:34+00:00,Live a Christ-Centered Life: Be Humble Like Christ - Christ's Commission Fellowship,130,1,1,0,0,2,0,,
200,sermon,sermon-sitemap,https://www.ccf.org.ph/message/live-christ-centered-life-part-2-2/,https://www.ccf.org.ph/message/live-christ-centered-life-part-2-2/,https://www.ccf.org.ph/message/live-christ-centered-life-part-2-2/,16541,2020-05-13T03:18:19+00:00,Live A Christ-Centered Life (PART 2) - Christ's Commission Fellowship,116,1,1,0,0,2,0,,
200,sermon,sermon-sitemap,https://www.ccf.org.ph/message/live-christ-centered-life-part-2/,https://www.ccf.org.ph/message/live-christ-centered-life-part-2/,https://www.ccf.org.ph/message/live-christ-centered-life-part-2/,16539,2020-03-16T01:00:27+00:00,Live A Christ-Centered Life (PART 2) - Christ's Commission Fellowship,116,1,1,0,0,2,0,,
200,sermon,sermon-sitemap,https://www.ccf.org.ph/message/live-christ-centered-life-part2/,https://www.ccf.org.ph/message/live-christ-centered-life-part2/,https://www.ccf.org.ph/message/live-christ-centered-life-part2/,13066,2018-01-11T11:46:19+00:00,Live a Christ-centered Life - Christ's Commission Fellowship,107,1,1,0,0,2,0,,
200,sermon,sermon-sitemap,https://www.ccf.org.ph/message/live-christ-centered-life/,https://www.ccf.org.ph/message/live-christ-centered-life/,https://www.ccf.org.ph/message/live-christ-centered-life/,13045,2018-01-11T10:12:06+00:00,Live a Christ-centered Life - Christ's Commission Fellowship,107,1,1,0,0,2,0,,
200,sermon,sermon-sitemap,https://www.ccf.org.ph/message/live-extraordinary-life/,https://www.ccf.org.ph/message/live-extraordinary-life/,https://www.ccf.org.ph/message/live-extraordinary-life/,16152,2019-12-09T01:00:24+00:00,Live an Extraordinary Life - Christ's Commission Fellowship,601,1,1,0,0,2,0,,
200,sermon,sermon-sitemap,https://www.ccf.org.ph/message/live-for-eternity-now-am-runthrough/,https://www.ccf.org.ph/message/live-for-eternity-now-am-runthrough/,https://www.ccf.org.ph/message/live-for-eternity-now-am-runthrough/,29859,2023-11-25T02:35:38+00:00,Live For Eternity Now - AM - Runthrough - Christ's Commission Fellowship,483,1,1,1,0,2,2,,
200,sermon,sermon-sitemap,https://www.ccf.org.ph/message/live-for-eternity-now-am/,https://www.ccf.org.ph/message/live-for-eternity-now-am/,https://www.ccf.org.ph/message/live-for-eternity-now-am/,29797,2023-11-20T02:56:33+00:00,Live For Eternity Now - AM - Christ's Commission Fellowship,404,1,1,1,0,2,0,,
200,sermon,sermon-sitemap,https://www.ccf.org.ph/message/live-for-eternity-now-pm-runthrough/,https://www.ccf.org.ph/message/live-for-eternity-now-pm-runthrough/,https://www.ccf.org.ph/message/live-for-eternity-now-pm-runthrough/,29860,2023-11-25T02:35:44+00:00,Live For Eternity Now - PM - Runthrough - Christ's Commission Fellowship,527,1,1,1,0,2,2,,
200,sermon,sermon-sitemap,https://www.ccf.org.ph/message/live-for-eternity-now-pm/,https://www.ccf.org.ph/message/live-for-eternity-now-pm/,https://www.ccf.org.ph/message/live-for-eternity-now-pm/,29798,2023-11-20T02:58:58+00:00,Live For Eternity Now - PM - Christ's Commission Fellowship,420,1,1,1,0,2,0,,
200,sermon,sermon-sitemap,https://www.ccf.org.ph/message/live-for-gods-glory-am-2/,https://www.ccf.org.ph/message/live-for-gods-glory-am-2/,https://www.ccf.org.ph/message/live-for-gods-glory-am-2/,26972,2023-11-11T11:03:01+00:00,Live For God’s Glory - PM - Christ's Commission Fellowship,442,1,1,1,0,2,0,,
200,sermon,sermon-sitemap,https://www.ccf.org.ph/message/live-for-gods-glory-am-runthrough/,https://www.ccf.org.ph/message/live-for-gods-glory-am-runthrough/,https://www.ccf.org.ph/message/live-for-gods-glory-am-runthrough/,27589,2023-11-04T02:09:02+00:00,Live For God’s Glory - AM - Runthrough - Christ's Commission Fellowship,442,1,1,1,0,2,2,,
200,sermon,sermon-sitemap,https://www.ccf.org.ph/message/live-for-gods-glory-am/,https://www.ccf.org.ph/message/live-for-gods-glory-am/,https://www.ccf.org.ph/message/live-for-gods-glory-am/,26969,2023-11-11T11:03:38+00:00,Live For God’s Glory - AM - Christ's Commission Fellowship,407,1,1,1,0,2,0,,
200,sermon,sermon-sitemap,https://www.ccf.org.ph/message/live-for-gods-glory-pm-runthrough/,https://www.ccf.org.ph/message/live-for-gods-glory-pm-runthrough/,https://www.ccf.org.ph/message/live-for-gods-glory-pm-runthrough/,27590,2023-11-04T02:09:06+00:00,Live For God’s Glory - PM - Runthrough - Christ's Commission Fellowship,499,1,1,0,0,2,2,,
200,sermon,sermon-sitemap,https://www.ccf.org.ph/message/live-gods-holy-temple-afn/,https://www.ccf.org.ph/message/live-gods-holy-temple-afn/,https://www.ccf.org.ph/message/live-gods-holy-temple-afn/,13891,2018-09-22T05:44:24+00:00,Live As God's Holy Temple - Christ's Commission Fellowship,105,1,1,0,0,2,0,,
200,sermon,sermon-sitemap,https://www.ccf.org.ph/message/live-gods-holy-temple/,https://www.ccf.org.ph/message/live-gods-holy-temple/,https://www.ccf.org.ph/message/live-gods-holy-temple/,13890,2018-09-22T05:44:18+00:00,Live As God's Holy Temple - Christ's Commission Fellowship,105,1,1,0,0,2,0,,
200,sermon,sermon-sitemap,https://www.ccf.org.ph/message/live-gods-purpose-go-beyond/,https://www.ccf.org.ph/message/live-gods-purpose-go-beyond/,https://www.ccf.org.ph/message/live-gods-purpose-go-beyond/,14239,2018-09-22T06:05:50+00:00,Live God's Purpose: Go Beyond - Christ's Commission Fellowship,109,1,1,0,0,2,0,,
200,sermon,sermon-sitemap,https://www.ccf.org.ph/message/live-gods-purpose-salt-light/,https://www.ccf.org.ph/message/live-gods-purpose-salt-light/,https://www.ccf.org.ph/message/live-gods-purpose-salt-light/,14192,2018-09-22T06:02:38+00:00,Live God's Purpose: Be Salt and Light - Christ's Commission Fellowship,116,1,1,0,0,2,0,,
200,sermon,sermon-sitemap,https://www.ccf.org.ph/message/live-in-hope-am/,https://www.ccf.org.ph/message/live-in-hope-am/,https://www.ccf.org.ph/message/live-in-hope-am/,25833,2021-05-03T09:19:52+00:00,Live in Hope - AM - Christ's Commission Fellowship,85,1,1,1,0,2,0,,
200,sermon,sermon-sitemap,https://www.ccf.org.ph/message/live-in-hope-pm/,https://www.ccf.org.ph/message/live-in-hope-pm/,https://www.ccf.org.ph/message/live-in-hope-pm/,25834,2021-05-03T09:26:20+00:00,Live in Hope - PM - Christ's Commission Fellowship,85,1,1,1,0,2,0,,
200,sermon,sermon-sitemap,https://www.ccf.org.ph/message/live-in-hope-when-relationships-are-difficult-am/,https://www.ccf.org.ph/message/live-in-hope-when-relationships-are-difficult-am/,https://www.ccf.org.ph/message/live-in-hope-when-relationships-are-difficult-am/,26068,2021-05-26T05:49:12+00:00,Live In Hope When Relationships Are Difficult - AM - Christ's Commission Fellowship,335,1,1,1,0,2,0,,
200,sermon,sermon-sitemap,https://www.ccf.org.ph/message/live-in-hope-when-relationships-are-difficult-pm/,https://www.ccf.org.ph/message/live-in-hope-when-relationships-are-difficult-pm/,https://www.ccf.org.ph/message/live-in-hope-when-relationships-are-difficult-pm/,26069,2021-05-26T05:54:57+00:00,Live In Hope When Relationships Are Difficult - PM - Christ's Commission Fellowship,358,1,1,1,0,2,0,,
200,sermon,sermon-sitemap,https://www.ccf.org.ph/message/live-in-hope-with-joy-am-runthrough/,https://www.ccf.org.ph/message/live-in-hope-with-joy-am-runthrough/,https://www.ccf.org.ph/message/live-in-hope-with-joy-am-runthrough/,25960,2021-06-22T11:36:08+00:00,Live In Hope With Joy - AM - Runthrough - Christ's Commission Fellowship,119,1,1,1,0,2,0,,
200,sermon,sermon-sitemap,https://www.ccf.org.ph/message/live-in-hope-with-joy-pm-runthrough/,https://www.ccf.org.ph/message/live-in-hope-with-joy-pm-runthrough/,https://www.ccf.org.ph/message/live-in-hope-with-joy-pm-runthrough/,25963,2021-05-19T07:01:25+00:00,Live In Hope With Joy - PM - Runthrough - Christ's Commission Fellowship,119,1,1,1,0,2,0,,
200,sermon,sermon-sitemap,https://www.ccf.org.ph/message/live-intentionally-2/,https://www.ccf.org.ph/message/live-intentionally-2/,https://www.ccf.org.ph/message/live-intentionally-2/,15480,2019-08-12T01:00:14+00:00,Live Intentionally! - Christ's Commission Fellowship,504,1,1,0,0,2,0,,
200,sermon,sermon-sitemap,https://www.ccf.org.ph/message/live-intentionally-afn/,https://www.ccf.org.ph/message/live-intentionally-afn/,https://www.ccf.org.ph/message/live-intentionally-afn/,11879,2017-06-13T11:52:23+00:00,Live Intentionally - Christ's Commission Fellowship,189,1,1,0,0,2,0,,
200,sermon,sermon-sitemap,https://www.ccf.org.ph/message/live-intentionally/,https://www.ccf.org.ph/message/live-intentionally/,https://www.ccf.org.ph/message/live-intentionally/,11880,2017-08-12T06:40:53+00:00,Live Intentionally - Christ's Commission Fellowship,573,1,1,0,0,2,0,,
200,sermon,sermon-sitemap,https://www.ccf.org.ph/message/live-life-full-spirit-filled-2/,https://www.ccf.org.ph/message/live-life-full-spirit-filled-2/,https://www.ccf.org.ph/message/live-life-full-spirit-filled-2/,14971,2019-04-01T01:00:47+00:00,Live Life to the Full: Be Spirit-Filled - Christ's Commission Fellowship,409,1,1,0,0,2,0,,
200,sermon,sermon-sitemap,https://www.ccf.org.ph/message/live-life-full-spirit-filled/,https://www.ccf.org.ph/message/live-life-full-spirit-filled/,https://www.ccf.org.ph/message/live-life-full-spirit-filled/,14969,2019-04-01T01:00:34+00:00,Live Life to the Full: Be Spirit-Filled - Christ's Commission Fellowship,409,1,1,0,0,2,0,,
200,sermon,sermon-sitemap,https://www.ccf.org.ph/message/live-out-gods-best-for-your-life-am-runthrough/,https://www.ccf.org.ph/message/live-out-gods-best-for-your-life-am-runthrough/,https://www.ccf.org.ph/message/live-out-gods-best-for-your-life-am-runthrough/,34055,2024-06-27T01:18:05+00:00,Live Out God's Best For Your Life - AM - Runthrough - Christ's Commission Fellowship,403,1,1,1,0,2,2,,
200,sermon,sermon-sitemap,https://www.ccf.org.ph/message/live-out-gods-best-for-your-life-am/,https://www.ccf.org.ph/message/live-out-gods-best-for-your-life-am/,https://www.ccf.org.ph/message/live-out-gods-best-for-your-life-am/,34029,2024-06-28T03:19:27+00:00,Live Out God's Best For Your Life - AM - Christ's Commission Fellowship,231,1,1,1,0,2,0,,
200,sermon,sermon-sitemap,https://www.ccf.org.ph/message/live-out-gods-best-for-your-life-part-2-am-runthrough/,https://www.ccf.org.ph/message/live-out-gods-best-for-your-life-part-2-am-runthrough/,https://www.ccf.org.ph/message/live-out-gods-best-for-your-life-part-2-am-runthrough/,34200,2024-07-05T02:10:34+00:00,Live Out God's Best For Your Life (Part 2) - AM - Runthrough - Christ's Commission Fellowship,472,1,1,1,0,2,2,,
200,sermon,sermon-sitemap,https://www.ccf.org.ph/message/live-out-gods-best-for-your-life-part-2-am/,https://www.ccf.org.ph/message/live-out-gods-best-for-your-life-part-2-am/,https://www.ccf.org.ph/message/live-out-gods-best-for-your-life-part-2-am/,34083,2024-07-12T04:46:14+00:00,Live Out God's Best For Your Life (Part 2) - AM - Christ's Commission Fellowship,290,1,1,1,0,2,0,,
200,sermon,sermon-sitemap,https://www.ccf.org.ph/message/live-out-gods-best-for-your-life-part-2-pm-runthrough/,https://www.ccf.org.ph/message/live-out-gods-best-for-your-life-part-2-pm-runthrough/,https://www.ccf.org.ph/message/live-out-gods-best-for-your-life-part-2-pm-runthrough/,34201,2024-07-05T00:31:09+00:00,Live Out God's Best For Your Life (Part 2) - PM - Runthrough - Christ's Commission Fellowship,539,1,1,1,0,2,2,,
200,sermon,sermon-sitemap,https://www.ccf.org.ph/message/live-out-gods-best-for-your-life-part-2-pm/,https://www.ccf.org.ph/message/live-out-gods-best-for-your-life-part-2-pm/,https://www.ccf.org.ph/message/live-out-gods-best-for-your-life-part-2-pm/,34085,2024-07-12T04:46:23+00:00,Live Out God's Best For Your Life (Part 2) - PM - Christ's Commission Fellowship,331,1,1,1,0,2,0,,
200,sermon,sermon-sitemap,https://www.ccf.org.ph/message/live-out-gods-best-for-your-life-pm-runthrough/,https://www.ccf.org.ph/message/live-out-gods-best-for-your-life-pm-runthrough/,https://www.ccf.org.ph/message/live-out-gods-best-for-your-life-pm-runthrough/,34056,2024-06-27T01:18:11+00:00,Live Out God's Best For Your Life - PM - Runthrough - Christ's Commission Fellowship,457,1,1,1,0,2,2,,
200,sermon,sermon-sitemap,https://www.ccf.org.ph/message/live-out-gods-best-for-your-life-pm/,https://www.ccf.org.ph/message/live-out-gods-best-for-your-life-pm/,https://www.ccf.org.ph/message/live-out-gods-best-for-your-life-pm/,34030,2024-06-28T03:19:18+00:00,Live Out God's Best For Your Life - PM - Christ's Commission Fellowship,238,1,1,1,0,2,0,,
200,sermon,sermon-sitemap,https://www.ccf.org.ph/message/live-right-purpose/,https://www.ccf.org.ph/message/live-right-purpose/,https://www.ccf.org.ph/message/live-right-purpose/,13101,2018-01-11T09:08:16+00:00,Live with the Right Purpose - Christ's Commission Fellowship,107,1,1,0,0,2,0,,
200,sermon,sermon-sitemap,https://www.ccf.org.ph/message/live-the-opposite-life-am/,https://www.ccf.org.ph/message/live-the-opposite-life-am/,https://www.ccf.org.ph/message/live-the-opposite-life-am/,27028,2023-11-11T11:13:35+00:00,Live The Opposite Life - AM - Christ's Commission Fellowship,340,1,1,1,0,2,0,,
200,sermon,sermon-sitemap,https://www.ccf.org.ph/message/live-the-opposite-life-pm/,https://www.ccf.org.ph/message/live-the-opposite-life-pm/,https://www.ccf.org.ph/message/live-the-opposite-life-pm/,27030,2023-11-11T11:13:05+00:00,Live The Opposite Life - PM - Christ's Commission Fellowship,319,1,1,1,0,2,0,,
200,sermon,sermon-sitemap,https://www.ccf.org.ph/message/live-to-make-a-difference-am-runthrough/,https://www.ccf.org.ph/message/live-to-make-a-difference-am-runthrough/,https://www.ccf.org.ph/message/live-to-make-a-difference-am-runthrough/,27593,2023-11-04T02:09:23+00:00,Live To Make A Difference - AM - Runthrough - Christ's Commission Fellowship,421,1,1,1,0,2,2,,
200,sermon,sermon-sitemap,https://www.ccf.org.ph/message/live-to-make-a-difference-am/,https://www.ccf.org.ph/message/live-to-make-a-difference-am/,https://www.ccf.org.ph/message/live-to-make-a-difference-am/,26945,2023-11-11T10:59:58+00:00,Live To Make A Difference - AM - Christ's Commission Fellowship,534,1,1,1,0,2,0,,
200,sermon,sermon-sitemap,https://www.ccf.org.ph/message/live-to-make-a-difference-pm-runthrough/,https://www.ccf.org.ph/message/live-to-make-a-difference-pm-runthrough/,https://www.ccf.org.ph/message/live-to-make-a-difference-pm-runthrough/,27594,2023-11-04T02:09:55+00:00,Live To Make A Difference - PM - Runthrough - Christ's Commission Fellowship,473,1,1,1,0,2,2,,
200,sermon,sermon-sitemap,https://www.ccf.org.ph/message/live-to-make-a-difference-pm/,https://www.ccf.org.ph/message/live-to-make-a-difference-pm/,https://www.ccf.org.ph/message/live-to-make-a-difference-pm/,26958,2023-11-11T10:59:01+00:00,Live To Make A Difference - PM - Christ's Commission Fellowship,534,1,1,1,0,2,0,,
200,sermon,sermon-sitemap,https://www.ccf.org.ph/message/live-uncompromising-love/,https://www.ccf.org.ph/message/live-uncompromising-love/,https://www.ccf.org.ph/message/live-uncompromising-love/,14345,2018-09-24T01:00:49+00:00,Live Out an Uncompromising Love - Christ's Commission Fellowship,111,1,1,0,0,2,0,,
200,sermon,sermon-sitemap,https://www.ccf.org.ph/message/live-your-best-life-am/,https://www.ccf.org.ph/message/live-your-best-life-am/,https://www.ccf.org.ph/message/live-your-best-life-am/,27418,2023-10-28T19:46:25+00:00,Live Your Best Life - AM - Christ's Commission Fellowship,320,1,1,1,0,2,0,,
200,sermon,sermon-sitemap,https://www.ccf.org.ph/message/live-your-best-life-pm/,https://www.ccf.org.ph/message/live-your-best-life-pm/,https://www.ccf.org.ph/message/live-your-best-life-pm/,27417,2023-10-28T19:46:42+00:00,Live Your Best Life - PM - Christ's Commission Fellowship,326,1,1,1,0,2,0,,
200,sermon,sermon-sitemap,https://www.ccf.org.ph/message/living-hope-overcomes-fear-am-runthrough/,https://www.ccf.org.ph/message/living-hope-overcomes-fear-am-runthrough/,https://www.ccf.org.ph/message/living-hope-overcomes-fear-am-runthrough/,26389,2021-06-22T11:44:54+00:00,Living Hope Overcomes Fear - AM - Runthrough - Christ's Commission Fellowship,124,1,1,1,0,2,0,,
200,sermon,sermon-sitemap,https://www.ccf.org.ph/message/living-hope-overcomes-fear-pm-runthrough/,https://www.ccf.org.ph/message/living-hope-overcomes-fear-pm-runthrough/,https://www.ccf.org.ph/message/living-hope-overcomes-fear-pm-runthrough/,26390,2021-06-22T11:46:03+00:00,Living Hope Overcomes Fear - PM - Runthrough - Christ's Commission Fellowship,124,1,1,1,0,2,0,,
200,sermon,sermon-sitemap,https://www.ccf.org.ph/message/living-the-intentional-life-runthrough/,https://www.ccf.org.ph/message/living-the-intentional-life-runthrough/,https://www.ccf.org.ph/message/living-the-intentional-life-runthrough/,32058,2024-02-01T08:08:39+00:00,Living The Intentional Life - Runthrough - Christ's Commission Fellowship,435,1,1,1,0,2,2,,
200,sermon,sermon-sitemap,https://www.ccf.org.ph/message/living-the-intentional-life/,https://www.ccf.org.ph/message/living-the-intentional-life/,https://www.ccf.org.ph/message/living-the-intentional-life/,31963,2024-01-30T06:43:17+00:00,Living The Intentional Life - Christ's Commission Fellowship,389,1,1,1,0,2,0,,
200,sermon,sermon-sitemap,https://www.ccf.org.ph/message/looking-forward-to-glory-am-runthrough/,https://www.ccf.org.ph/message/looking-forward-to-glory-am-runthrough/,https://www.ccf.org.ph/message/looking-forward-to-glory-am-runthrough/,28814,2023-11-04T00:36:41+00:00,Looking Forward To Glory - AM - Runthrough - Christ's Commission Fellowship,303,1,1,1,0,2,1,,
200,sermon,sermon-sitemap,https://www.ccf.org.ph/message/looking-forward-to-glory-am/,https://www.ccf.org.ph/message/looking-forward-to-glory-am/,https://www.ccf.org.ph/message/looking-forward-to-glory-am/,27934,2023-10-30T09:16:32+00:00,Looking Forward To Glory - AM - Christ's Commission Fellowship,334,1,1,1,0,2,0,,
200,sermon,sermon-sitemap,https://www.ccf.org.ph/message/looking-forward-to-glory-pm-runthrough/,https://www.ccf.org.ph/message/looking-forward-to-glory-pm-runthrough/,https://www.ccf.org.ph/message/looking-forward-to-glory-pm-runthrough/,28804,2023-11-04T00:37:22+00:00,Looking Forward To Glory - PM - Runthrough - Christ's Commission Fellowship,314,1,1,1,0,2,1,,
200,sermon,sermon-sitemap,https://www.ccf.org.ph/message/looking-forward-to-glory-pm/,https://www.ccf.org.ph/message/looking-forward-to-glory-pm/,https://www.ccf.org.ph/message/looking-forward-to-glory-pm/,27935,2023-10-30T09:16:58+00:00,Looking Forward To Glory - PM - Christ's Commission Fellowship,383,1,1,1,0,2,0,,
200,sermon,sermon-sitemap,https://www.ccf.org.ph/message/love-difficult-people-2/,https://www.ccf.org.ph/message/love-difficult-people-2/,https://www.ccf.org.ph/message/love-difficult-people-2/,16464,2020-02-17T01:00:53+00:00,Love Difficult People - Christ's Commission Fellowship,101,1,1,0,0,2,0,,
200,sermon,sermon-sitemap,https://www.ccf.org.ph/message/love-difficult-people/,https://www.ccf.org.ph/message/love-difficult-people/,https://www.ccf.org.ph/message/love-difficult-people/,16462,2020-02-17T01:00:03+00:00,Love Difficult People - Christ's Commission Fellowship,101,1,1,0,0,2,0,,
200,sermon,sermon-sitemap,https://www.ccf.org.ph/message/love-fervently-am-runthrough/,https://www.ccf.org.ph/message/love-fervently-am-runthrough/,https://www.ccf.org.ph/message/love-fervently-am-runthrough/,32935,2024-03-06T02:52:50+00:00,Love Fervently - AM - Runthrough - Christ's Commission Fellowship,420,1,1,1,0,2,2,,
200,sermon,sermon-sitemap,https://www.ccf.org.ph/message/love-fervently-am/,https://www.ccf.org.ph/message/love-fervently-am/,https://www.ccf.org.ph/message/love-fervently-am/,32911,2024-03-03T16:01:03+00:00,Love Fervently - AM - Christ's Commission Fellowship,242,1,1,1,0,2,0,,
200,sermon,sermon-sitemap,https://www.ccf.org.ph/message/love-fervently-pm-runthrough/,https://www.ccf.org.ph/message/love-fervently-pm-runthrough/,https://www.ccf.org.ph/message/love-fervently-pm-runthrough/,32936,2024-03-06T02:53:26+00:00,Love Fervently - PM - Runthrough - Christ's Commission Fellowship,479,1,1,1,0,2,2,,
200,sermon,sermon-sitemap,https://www.ccf.org.ph/message/love-fervently-pm/,https://www.ccf.org.ph/message/love-fervently-pm/,https://www.ccf.org.ph/message/love-fervently-pm/,32912,2024-03-03T16:02:11+00:00,Love Fervently - PM - Christ's Commission Fellowship,250,1,1,1,0,2,0,,
200,sermon,sermon-sitemap,https://www.ccf.org.ph/message/love-fully-am/,https://www.ccf.org.ph/message/love-fully-am/,https://www.ccf.org.ph/message/love-fully-am/,27391,2023-10-28T19:34:15+00:00,Love Fully - AM - Christ's Commission Fellowship,384,1,1,1,0,2,0,,
200,sermon,sermon-sitemap,https://www.ccf.org.ph/message/love-fully-pm/,https://www.ccf.org.ph/message/love-fully-pm/,https://www.ccf.org.ph/message/love-fully-pm/,27390,2023-10-28T19:34:22+00:00,Love Fully - PM - Christ's Commission Fellowship,395,1,1,1,0,2,0,,
200,sermon,sermon-sitemap,https://www.ccf.org.ph/message/love-god-dedicate-your-best-am-runthrough/,https://www.ccf.org.ph/message/love-god-dedicate-your-best-am-runthrough/,https://www.ccf.org.ph/message/love-god-dedicate-your-best-am-runthrough/,33487,2024-05-14T11:30:09+00:00,"Love God, Dedicate Your Best - AM - Runthrough - Christ's Commission Fellowship",465,1,1,1,0,2,2,,
200,sermon,sermon-sitemap,https://www.ccf.org.ph/message/love-god-dedicate-your-best-am/,https://www.ccf.org.ph/message/love-god-dedicate-your-best-am/,https://www.ccf.org.ph/message/love-god-dedicate-your-best-am/,33444,2024-05-12T15:18:12+00:00,"Love God, Dedicate Your Best - AM - Christ's Commission Fellowship",283,1,1,1,0,2,0,,
200,sermon,sermon-sitemap,https://www.ccf.org.ph/message/love-god-dedicate-your-best-pm-runthrough/,https://www.ccf.org.ph/message/love-god-dedicate-your-best-pm-runthrough/,https://www.ccf.org.ph/message/love-god-dedicate-your-best-pm-runthrough/,33488,2024-05-14T11:30:49+00:00,"Love God, Dedicate Your Best - PM - Runthrough - Christ's Commission Fellowship",585,1,1,1,0,2,2,,
200,sermon,sermon-sitemap,https://www.ccf.org.ph/message/love-god-dedicate-your-best-pm/,https://www.ccf.org.ph/message/love-god-dedicate-your-best-pm/,https://www.ccf.org.ph/message/love-god-dedicate-your-best-pm/,33446,2024-05-12T15:20:04+00:00,"Love God, Dedicate Your Best - PM - Christ's Commission Fellowship",308,1,1,1,0,2,0,,
200,sermon,sermon-sitemap,https://www.ccf.org.ph/message/love-god-even-when-we-fail-am-runthrough/,https://www.ccf.org.ph/message/love-god-even-when-we-fail-am-runthrough/,https://www.ccf.org.ph/message/love-god-even-when-we-fail-am-runthrough/,33365,2024-05-03T06:09:56+00:00,Love God Even When We Fail - AM - Runthrough - Christ's Commission Fellowship,369,1,1,1,0,2,2,,
200,sermon,sermon-sitemap,https://www.ccf.org.ph/message/love-god-even-when-we-fail-am/,https://www.ccf.org.ph/message/love-god-even-when-we-fail-am/,https://www.ccf.org.ph/message/love-god-even-when-we-fail-am/,33313,2024-04-29T03:16:55+00:00,Love God Even When We Fail - AM - Christ's Commission Fellowship,321,1,1,1,0,2,0,,
200,sermon,sermon-sitemap,https://www.ccf.org.ph/message/love-god-even-when-we-fail-pm-runthrough/,https://www.ccf.org.ph/message/love-god-even-when-we-fail-pm-runthrough/,https://www.ccf.org.ph/message/love-god-even-when-we-fail-pm-runthrough/,33367,2024-05-03T06:10:23+00:00,Love God Even When We Fail - PM - Runthrough - Christ's Commission Fellowship,440,1,1,1,0,2,2,,
200,sermon,sermon-sitemap,https://www.ccf.org.ph/message/love-god-even-when-we-fail-pm/,https://www.ccf.org.ph/message/love-god-even-when-we-fail-pm/,https://www.ccf.org.ph/message/love-god-even-when-we-fail-pm/,33314,2024-04-29T03:17:57+00:00,Love God Even When We Fail - PM - Christ's Commission Fellowship,279,1,1,1,0,2,0,,
200,sermon,sermon-sitemap,https://www.ccf.org.ph/message/love-god-love-others-am-runthrough/,https://www.ccf.org.ph/message/love-god-love-others-am-runthrough/,https://www.ccf.org.ph/message/love-god-love-others-am-runthrough/,34653,2024-07-30T14:30:05+00:00,"Love God, Love Others - AM - Runthrough - Christ's Commission Fellowship",461,1,1,1,0,2,2,,
200,sermon,sermon-sitemap,https://www.ccf.org.ph/message/love-god-love-others-am/,https://www.ccf.org.ph/message/love-god-love-others-am/,https://www.ccf.org.ph/message/love-god-love-others-am/,34629,2024-08-04T15:29:55+00:00,"Love God, Love Others - AM - Christ's Commission Fellowship",259,1,1,1,0,2,0,,
200,sermon,sermon-sitemap,https://www.ccf.org.ph/message/love-god-love-others-pm-runthrough/,https://www.ccf.org.ph/message/love-god-love-others-pm-runthrough/,https://www.ccf.org.ph/message/love-god-love-others-pm-runthrough/,34654,2024-07-30T15:09:58+00:00,"Love God, Love Others - PM - Runthrough - Christ's Commission Fellowship",512,1,1,1,0,2,2,,
200,sermon,sermon-sitemap,https://www.ccf.org.ph/message/love-god-love-others-pm/,https://www.ccf.org.ph/message/love-god-love-others-pm/,https://www.ccf.org.ph/message/love-god-love-others-pm/,34633,2024-08-04T15:29:31+00:00,"Love God, Love Others - PM - Christ's Commission Fellowship",295,1,1,1,0,2,0,,
200,sermon,sermon-sitemap,https://www.ccf.org.ph/message/love-god-with-all-your-heart-am-runthrough/,https://www.ccf.org.ph/message/love-god-with-all-your-heart-am-runthrough/,https://www.ccf.org.ph/message/love-god-with-all-your-heart-am-runthrough/,28753,2023-11-03T16:23:18+00:00,"Love God, With All Your Heart - AM - Runthrough - Christ's Commission Fellowship",313,1,1,1,0,2,1,,
200,sermon,sermon-sitemap,https://www.ccf.org.ph/message/love-god-with-all-your-heart-am/,https://www.ccf.org.ph/message/love-god-with-all-your-heart-am/,https://www.ccf.org.ph/message/love-god-with-all-your-heart-am/,28041,2023-10-30T21:40:12+00:00,Love God With All Your Heart - AM - Christ's Commission Fellowship,319,1,1,1,0,2,0,,
200,sermon,sermon-sitemap,https://www.ccf.org.ph/message/love-god-with-all-your-heart-pm-runthrough/,https://www.ccf.org.ph/message/love-god-with-all-your-heart-pm-runthrough/,https://www.ccf.org.ph/message/love-god-with-all-your-heart-pm-runthrough/,28754,2023-11-03T16:23:54+00:00,"Love God, With All Your Heart - PM - Runthrough - Christ's Commission Fellowship",339,1,0,1,0,2,1,,
200,sermon,sermon-sitemap,https://www.ccf.org.ph/message/love-god-with-all-your-heart-pm/,https://www.ccf.org.ph/message/love-god-with-all-your-heart-pm/,https://www.ccf.org.ph/message/love-god-with-all-your-heart-pm/,28042,2023-10-30T21:40:25+00:00,Love God With All Your Heart - PM - Christ's Commission Fellowship,324,1,1,1,0,2,0,,
200,sermon,sermon-sitemap,https://www.ccf.org.ph/message/love-is-abiding-in-god-am-runthrough/,https://www.ccf.org.ph/message/love-is-abiding-in-god-am-runthrough/,https://www.ccf.org.ph/message/love-is-abiding-in-god-am-runthrough/,32979,2024-03-13T01:28:01+00:00,Love is Abiding in God - AM - Runthrough - Christ's Commission Fellowship,437,1,1,1,0,2,2,,
200,sermon,sermon-sitemap,https://www.ccf.org.ph/message/love-is-abiding-in-god-am/,https://www.ccf.org.ph/message/love-is-abiding-in-god-am/,https://www.ccf.org.ph/message/love-is-abiding-in-god-am/,32952,2024-03-11T02:13:07+00:00,Love is Abiding in God - AM - Christ's Commission Fellowship,450,1,1,1,0,2,0,,
200,sermon,sermon-sitemap,https://www.ccf.org.ph/message/love-is-abiding-in-god-pm-runthrough/,https://www.ccf.org.ph/message/love-is-abiding-in-god-pm-runthrough/,https://www.ccf.org.ph/message/love-is-abiding-in-god-pm-runthrough/,32980,2024-03-13T01:29:21+00:00,Love is Abiding in God - PM - Runthrough - Christ's Commission Fellowship,524,1,1,1,0,2,2,,
200,sermon,sermon-sitemap,https://www.ccf.org.ph/message/love-is-abiding-in-god-pm/,https://www.ccf.org.ph/message/love-is-abiding-in-god-pm/,https://www.ccf.org.ph/message/love-is-abiding-in-god-pm/,32953,2024-03-11T02:14:13+00:00,Love is Abiding in God - PM - Christ's Commission Fellowship,456,1,1,1,0,2,0,,
200,sermon,sermon-sitemap,https://www.ccf.org.ph/message/love-is-action-am-runthrough/,https://www.ccf.org.ph/message/love-is-action-am-runthrough/,https://www.ccf.org.ph/message/love-is-action-am-runthrough/,32852,2024-02-26T01:59:08+00:00,Love Is Action - AM - Runthrough - Christ's Commission Fellowship,422,1,1,1,0,2,2,,
200,sermon,sermon-sitemap,https://www.ccf.org.ph/message/love-is-action-am/,https://www.ccf.org.ph/message/love-is-action-am/,https://www.ccf.org.ph/message/love-is-action-am/,32557,2024-02-19T02:23:43+00:00,Love Is Action - AM - Christ's Commission Fellowship,275,1,1,1,0,2,0,,
200,sermon,sermon-sitemap,https://www.ccf.org.ph/message/love-is-action-pm-runthrough/,https://www.ccf.org.ph/message/love-is-action-pm-runthrough/,https://www.ccf.org.ph/message/love-is-action-pm-runthrough/,32853,2024-02-26T01:59:15+00:00,Love Is Action - PM - Runthrough - Christ's Commission Fellowship,484,1,1,1,0,2,2,,
200,sermon,sermon-sitemap,https://www.ccf.org.ph/message/love-is-action-pm/,https://www.ccf.org.ph/message/love-is-action-pm/,https://www.ccf.org.ph/message/love-is-action-pm/,32558,2024-02-19T02:24:45+00:00,Love Is Action - PM - Christ's Commission Fellowship,319,1,1,1,0,2,0,,
200,sermon,sermon-sitemap,https://www.ccf.org.ph/message/love-is-love-does-am/,https://www.ccf.org.ph/message/love-is-love-does-am/,https://www.ccf.org.ph/message/love-is-love-does-am/,24588,2021-04-20T05:36:36+00:00,"Love is, Love does - AM - Christ's Commission Fellowship",103,1,1,1,0,2,0,,
200,sermon,sermon-sitemap,https://www.ccf.org.ph/message/love-is-love-does-pm/,https://www.ccf.org.ph/message/love-is-love-does-pm/,https://www.ccf.org.ph/message/love-is-love-does-pm/,24589,2021-04-20T05:37:11+00:00,"Love is, Love Does - PM - Christ's Commission Fellowship",103,1,1,1,0,2,0,,
200,sermon,sermon-sitemap,https://www.ccf.org.ph/message/love-is-passionate-am-runthrough/,https://www.ccf.org.ph/message/love-is-passionate-am-runthrough/,https://www.ccf.org.ph/message/love-is-passionate-am-runthrough/,33065,2024-03-27T08:46:12+00:00,Love Is Passionate - AM - Runthrough - Christ's Commission Fellowship,406,1,1,1,0,2,2,,
200,sermon,sermon-sitemap,https://www.ccf.org.ph/message/love-is-passionate-am/,https://www.ccf.org.ph/message/love-is-passionate-am/,https://www.ccf.org.ph/message/love-is-passionate-am/,33046,2024-03-25T01:57:41+00:00,Love Is Passionate - AM - Christ's Commission Fellowship,480,1,1,1,0,2,0,,
200,sermon,sermon-sitemap,https://www.ccf.org.ph/message/love-is-passionate-pm-runthrough/,https://www.ccf.org.ph/message/love-is-passionate-pm-runthrough/,https://www.ccf.org.ph/message/love-is-passionate-pm-runthrough/,33066,2024-03-27T08:46:37+00:00,Love Is Passionate - PM - Runthrough - Christ's Commission Fellowship,492,1,1,1,0,2,2,,
200,sermon,sermon-sitemap,https://www.ccf.org.ph/message/love-is-passionate-pm/,https://www.ccf.org.ph/message/love-is-passionate-pm/,https://www.ccf.org.ph/message/love-is-passionate-pm/,33047,2024-03-25T01:59:25+00:00,Love Is Passionate - PM - Christ's Commission Fellowship,564,1,1,1,0,2,0,,
200,sermon,sermon-sitemap,https://www.ccf.org.ph/message/love-like-christ-am/,https://www.ccf.org.ph/message/love-like-christ-am/,https://www.ccf.org.ph/message/love-like-christ-am/,24766,2021-04-20T05:35:13+00:00,"When Love is Difficult, Love Like Christ - AM - Christ's Commission Fellowship",124,1,1,1,0,2,0,,
200,sermon,sermon-sitemap,https://www.ccf.org.ph/message/love-like-christ-pm/,https://www.ccf.org.ph/message/love-like-christ-pm/,https://www.ccf.org.ph/message/love-like-christ-pm/,24769,2021-04-20T05:35:49+00:00,"When Love is Difficult, Love like Christ - PM - Christ's Commission Fellowship",125,1,1,1,0,2,0,,
200,sermon,sermon-sitemap,https://www.ccf.org.ph/message/love-like-jesus-2/,https://www.ccf.org.ph/message/love-like-jesus-2/,https://www.ccf.org.ph/message/love-like-jesus-2/,11166,2017-08-12T06:17:03+00:00,Love Like Jesus - Christ's Commission Fellowship,635,1,1,0,0,2,0,,
200,sermon,sermon-sitemap,https://www.ccf.org.ph/message/love-like-jesus-am-runthrough/,https://www.ccf.org.ph/message/love-like-jesus-am-runthrough/,https://www.ccf.org.ph/message/love-like-jesus-am-runthrough/,28747,2023-11-03T16:19:21+00:00,Love Like Jesus - AM - Runthrough - Christ's Commission Fellowship,314,1,1,1,0,2,1,,
200,sermon,sermon-sitemap,https://www.ccf.org.ph/message/love-like-jesus-am/,https://www.ccf.org.ph/message/love-like-jesus-am/,https://www.ccf.org.ph/message/love-like-jesus-am/,28050,2023-10-30T21:51:50+00:00,Love Like Jesus - AM - Christ's Commission Fellowship,249,1,1,1,0,2,0,,
200,sermon,sermon-sitemap,https://www.ccf.org.ph/message/love-like-jesus-pm-runthrough/,https://www.ccf.org.ph/message/love-like-jesus-pm-runthrough/,https://www.ccf.org.ph/message/love-like-jesus-pm-runthrough/,28748,2023-11-03T16:19:59+00:00,Love Like Jesus - PM - Runthrough - Christ's Commission Fellowship,256,1,1,1,0,2,1,,
200,sermon,sermon-sitemap,https://www.ccf.org.ph/message/love-like-jesus-pm/,https://www.ccf.org.ph/message/love-like-jesus-pm/,https://www.ccf.org.ph/message/love-like-jesus-pm/,28049,2023-10-30T21:51:57+00:00,Love Like Jesus - PM - Christ's Commission Fellowship,272,1,1,1,0,2,0,,
200,sermon,sermon-sitemap,https://www.ccf.org.ph/message/love-like-jesus/,https://www.ccf.org.ph/message/love-like-jesus/,https://www.ccf.org.ph/message/love-like-jesus/,10375,2017-12-28T06:21:42+00:00,Jesus is Love: Love like Him - Christ's Commission Fellowship,709,1,1,0,0,2,0,,
200,sermon,sermon-sitemap,https://www.ccf.org.ph/message/love-listen-and-obey/,https://www.ccf.org.ph/message/love-listen-and-obey/,https://www.ccf.org.ph/message/love-listen-and-obey/,27073,2023-11-11T11:18:39+00:00,"Love, Listen, and Obey - Christ's Commission Fellowship",472,1,1,1,0,2,0,,
200,sermon,sermon-sitemap,https://www.ccf.org.ph/message/love-radically-am-runthrough/,https://www.ccf.org.ph/message/love-radically-am-runthrough/,https://www.ccf.org.ph/message/love-radically-am-runthrough/,32878,2024-02-28T01:20:59+00:00,Love Radically - AM - Runthrough - Christ's Commission Fellowship,449,1,1,1,0,2,2,,
200,sermon,sermon-sitemap,https://www.ccf.org.ph/message/love-radically-am/,https://www.ccf.org.ph/message/love-radically-am/,https://www.ccf.org.ph/message/love-radically-am/,32855,2024-02-26T06:52:35+00:00,Love Radically - AM - Christ's Commission Fellowship,320,1,1,1,0,2,0,,
200,sermon,sermon-sitemap,https://www.ccf.org.ph/message/love-radically-pm-runthrough/,https://www.ccf.org.ph/message/love-radically-pm-runthrough/,https://www.ccf.org.ph/message/love-radically-pm-runthrough/,32879,2024-02-28T01:21:20+00:00,Love Radically - PM - Runthrough - Christ's Commission Fellowship,550,1,1,1,0,2,2,,
200,sermon,sermon-sitemap,https://www.ccf.org.ph/message/love-radically-pm/,https://www.ccf.org.ph/message/love-radically-pm/,https://www.ccf.org.ph/message/love-radically-pm/,32856,2024-02-26T06:52:32+00:00,Love Radically - PM - Christ's Commission Fellowship,346,1,1,1,0,2,0,,
200,sermon,sermon-sitemap,https://www.ccf.org.ph/message/love-radically-serve-others-2/,https://www.ccf.org.ph/message/love-radically-serve-others-2/,https://www.ccf.org.ph/message/love-radically-serve-others-2/,11709,2017-06-13T07:40:56+00:00,Love Radically: Serve Others - Christ's Commission Fellowship,162,1,1,0,0,2,0,,
200,sermon,sermon-sitemap,https://www.ccf.org.ph/message/love-radically-serve-others/,https://www.ccf.org.ph/message/love-radically-serve-others/,https://www.ccf.org.ph/message/love-radically-serve-others/,11707,2017-08-12T06:24:02+00:00,Love Radically: Serve Others - Christ's Commission Fellowship,698,1,1,0,0,2,0,,
200,sermon,sermon-sitemap,https://www.ccf.org.ph/message/love-rediscovered-am/,https://www.ccf.org.ph/message/love-rediscovered-am/,https://www.ccf.org.ph/message/love-rediscovered-am/,32426,2024-02-12T01:06:34+00:00,Love: Rediscovered - AM - Christ's Commission Fellowship,415,1,1,1,0,2,0,,
200,sermon,sermon-sitemap,https://www.ccf.org.ph/message/love-rediscovered-be-known-by-love-am-runthrough/,https://www.ccf.org.ph/message/love-rediscovered-be-known-by-love-am-runthrough/,https://www.ccf.org.ph/message/love-rediscovered-be-known-by-love-am-runthrough/,32500,2024-02-14T01:23:52+00:00,Love Rediscovered: Be Known By Love - AM - Runthrough - Christ's Commission Fellowship,484,1,1,1,0,2,2,,
200,sermon,sermon-sitemap,https://www.ccf.org.ph/message/love-rediscovered-be-known-by-love-pm-runthrough/,https://www.ccf.org.ph/message/love-rediscovered-be-known-by-love-pm-runthrough/,https://www.ccf.org.ph/message/love-rediscovered-be-known-by-love-pm-runthrough/,32501,2024-02-14T01:24:16+00:00,Love Rediscovered: Be Known By Love - PM - Runthrough - Christ's Commission Fellowship,561,1,1,1,0,2,2,,
200,sermon,sermon-sitemap,https://www.ccf.org.ph/message/love-rediscovered-pm/,https://www.ccf.org.ph/message/love-rediscovered-pm/,https://www.ccf.org.ph/message/love-rediscovered-pm/,32427,2024-02-12T01:06:25+00:00,Love: Rediscovered - PM - Christ's Commission Fellowship,479,1,1,1,0,2,0,,
200,sermon,sermon-sitemap,https://www.ccf.org.ph/message/love-speaks-truth-love-2/,https://www.ccf.org.ph/message/love-speaks-truth-love-2/,https://www.ccf.org.ph/message/love-speaks-truth-love-2/,16485,2020-05-13T03:44:20+00:00,Love Speaks Truth in Love - Christ's Commission Fellowship,105,1,1,0,0,2,0,,
200,sermon,sermon-sitemap,https://www.ccf.org.ph/message/love-speaks-truth-love/,https://www.ccf.org.ph/message/love-speaks-truth-love/,https://www.ccf.org.ph/message/love-speaks-truth-love/,16484,2020-02-24T01:00:48+00:00,Love Speaks Truth in Love - Christ's Commission Fellowship,105,1,1,0,0,2,0,,
200,sermon,sermon-sitemap,https://www.ccf.org.ph/message/love-the-unlovable-am-runthrough/,https://www.ccf.org.ph/message/love-the-unlovable-am-runthrough/,https://www.ccf.org.ph/message/love-the-unlovable-am-runthrough/,28745,2023-11-03T16:17:51+00:00,Love The Unlovable - AM - Runthrough - Christ's Commission Fellowship,345,1,1,1,0,2,1,,
200,sermon,sermon-sitemap,https://www.ccf.org.ph/message/love-the-unlovable-am/,https://www.ccf.org.ph/message/love-the-unlovable-am/,https://www.ccf.org.ph/message/love-the-unlovable-am/,28055,2023-10-30T22:04:24+00:00,Love The Unlovable - AM - Christ's Commission Fellowship,341,1,1,1,0,2,0,,
200,sermon,sermon-sitemap,https://www.ccf.org.ph/message/love-the-unlovable-pm-runthrough/,https://www.ccf.org.ph/message/love-the-unlovable-pm-runthrough/,https://www.ccf.org.ph/message/love-the-unlovable-pm-runthrough/,28746,2023-11-03T16:18:38+00:00,Love The Unlovable - PM - Runthrough - Christ's Commission Fellowship,345,1,1,1,0,2,1,,
200,sermon,sermon-sitemap,https://www.ccf.org.ph/message/love-the-unlovable-pm/,https://www.ccf.org.ph/message/love-the-unlovable-pm/,https://www.ccf.org.ph/message/love-the-unlovable-pm/,28054,2023-10-30T22:04:39+00:00,Love The Unlovable - PM - Christ's Commission Fellowship,317,1,1,1,0,2,0,,
200,sermon,sermon-sitemap,https://www.ccf.org.ph/message/love-through-discipline-am-runthrough/,https://www.ccf.org.ph/message/love-through-discipline-am-runthrough/,https://www.ccf.org.ph/message/love-through-discipline-am-runthrough/,33025,2024-03-21T10:44:45+00:00,Love Through Discipline - AM - Runthrough - Christ's Commission Fellowship,455,1,1,1,0,2,2,,
200,sermon,sermon-sitemap,https://www.ccf.org.ph/message/love-through-discipline-am/,https://www.ccf.org.ph/message/love-through-discipline-am/,https://www.ccf.org.ph/message/love-through-discipline-am/,32995,2024-03-18T02:14:12+00:00,Love Through Discipline - AM - Christ's Commission Fellowship,346,1,1,1,0,2,0,,
200,sermon,sermon-sitemap,https://www.ccf.org.ph/message/love-through-discipline-pm-runthrough/,https://www.ccf.org.ph/message/love-through-discipline-pm-runthrough/,https://www.ccf.org.ph/message/love-through-discipline-pm-runthrough/,33026,2024-03-21T10:45:26+00:00,Love Through Discipline - PM - Runthrough - Christ's Commission Fellowship,527,1,1,1,0,2,2,,
200,sermon,sermon-sitemap,https://www.ccf.org.ph/message/love-through-discipline-pm/,https://www.ccf.org.ph/message/love-through-discipline-pm/,https://www.ccf.org.ph/message/love-through-discipline-pm/,32996,2024-03-18T02:16:34+00:00,Love Through Discipline - PM - Christ's Commission Fellowship,359,1,1,1,0,2,0,,
200,sermon,sermon-sitemap,https://www.ccf.org.ph/message/make-a-difference-am-runthrough/,https://www.ccf.org.ph/message/make-a-difference-am-runthrough/,https://www.ccf.org.ph/message/make-a-difference-am-runthrough/,34526,2024-07-16T16:16:58+00:00,Make A Difference! - AM - Runthrough - Christ's Commission Fellowship,472,1,1,1,0,2,2,,
200,sermon,sermon-sitemap,https://www.ccf.org.ph/message/make-a-difference-am/,https://www.ccf.org.ph/message/make-a-difference-am/,https://www.ccf.org.ph/message/make-a-difference-am/,34491,2024-07-27T05:48:20+00:00,Make A Difference! - AM - Christ's Commission Fellowship,291,1,1,1,0,2,0,,
200,sermon,sermon-sitemap,https://www.ccf.org.ph/message/make-a-difference-pm-runthrough/,https://www.ccf.org.ph/message/make-a-difference-pm-runthrough/,https://www.ccf.org.ph/message/make-a-difference-pm-runthrough/,34527,2024-07-16T16:17:29+00:00,Make A Difference! - PM - Runthrough - Christ's Commission Fellowship,515,1,1,1,0,2,2,,
200,sermon,sermon-sitemap,https://www.ccf.org.ph/message/make-a-difference-pm/,https://www.ccf.org.ph/message/make-a-difference-pm/,https://www.ccf.org.ph/message/make-a-difference-pm/,34490,2024-07-27T05:47:31+00:00,Make A Difference! - PM - Christ's Commission Fellowship,324,1,1,1,0,2,0,,
200,sermon,sermon-sitemap,https://www.ccf.org.ph/message/make-a-stand-for-jesus-am-runthrough/,https://www.ccf.org.ph/message/make-a-stand-for-jesus-am-runthrough/,https://www.ccf.org.ph/message/make-a-stand-for-jesus-am-runthrough/,28719,2023-11-03T15:53:44+00:00,Make A Stand For Jesus - AM - Runthrough - Christ's Commission Fellowship,357,1,1,1,0,2,1,,
200,sermon,sermon-sitemap,https://www.ccf.org.ph/message/make-a-stand-for-jesus-pm-runthrough/,https://www.ccf.org.ph/message/make-a-stand-for-jesus-pm-runthrough/,https://www.ccf.org.ph/message/make-a-stand-for-jesus-pm-runthrough/,28716,2023-11-03T15:54:24+00:00,Make A Stand For Jesus - PM - Runthrough - Christ's Commission Fellowship,377,1,1,1,0,2,1,,
200,sermon,sermon-sitemap,https://www.ccf.org.ph/message/make-the-most-of-your-time-am/,https://www.ccf.org.ph/message/make-the-most-of-your-time-am/,https://www.ccf.org.ph/message/make-the-most-of-your-time-am/,25592,2021-04-12T03:39:35+00:00,Make the Most of Your Time - AM - Christ's Commission Fellowship,286,1,1,1,0,2,0,,
200,sermon,sermon-sitemap,https://www.ccf.org.ph/message/make-the-most-of-your-time-pm/,https://www.ccf.org.ph/message/make-the-most-of-your-time-pm/,https://www.ccf.org.ph/message/make-the-most-of-your-time-pm/,25594,2021-04-12T03:40:01+00:00,Make the Most of Your Time - PM - Christ's Commission Fellowship,303,1,1,1,0,2,0,,
200,sermon,sermon-sitemap,https://www.ccf.org.ph/message/make-your-family-a-blessing-am-runthrough/,https://www.ccf.org.ph/message/make-your-family-a-blessing-am-runthrough/,https://www.ccf.org.ph/message/make-your-family-a-blessing-am-runthrough/,35123,2024-09-11T08:05:16+00:00,Make Your Family A Blessing - AM - Runthrough - Christ's Commission Fellowship,447,1,1,1,0,2,2,,
200,sermon,sermon-sitemap,https://www.ccf.org.ph/message/make-your-family-a-blessing-am/,https://www.ccf.org.ph/message/make-your-family-a-blessing-am/,https://www.ccf.org.ph/message/make-your-family-a-blessing-am/,35094,2024-09-15T15:54:36+00:00,Make Your Family A Blessing - AM - Christ's Commission Fellowship,237,1,1,1,0,2,0,,
200,sermon,sermon-sitemap,https://www.ccf.org.ph/message/make-your-family-a-blessing-pm-runthrough/,https://www.ccf.org.ph/message/make-your-family-a-blessing-pm-runthrough/,https://www.ccf.org.ph/message/make-your-family-a-blessing-pm-runthrough/,35124,2024-09-11T08:05:37+00:00,Make Your Family A Blessing - PM - Runthrough - Christ's Commission Fellowship,466,1,1,1,0,2,2,,
200,sermon,sermon-sitemap,https://www.ccf.org.ph/message/make-your-family-a-blessing-pm/,https://www.ccf.org.ph/message/make-your-family-a-blessing-pm/,https://www.ccf.org.ph/message/make-your-family-a-blessing-pm/,35095,2024-09-15T15:54:57+00:00,Make Your Family A Blessing - PM - Christ's Commission Fellowship,410,1,1,1,0,2,0,,
200,sermon,sermon-sitemap,https://www.ccf.org.ph/message/mary-christmas-receive-jesus-gods-sure-hope-am-runthrough/,https://www.ccf.org.ph/message/mary-christmas-receive-jesus-gods-sure-hope-am-runthrough/,https://www.ccf.org.ph/message/mary-christmas-receive-jesus-gods-sure-hope-am-runthrough/,30754,2023-12-06T12:19:11+00:00,Mary CHRISTmas! Receive Jesus: God’s Sure Hope - AM - Runthrough - Christ's Commission Fellowship,427,1,1,1,0,2,2,,
200,sermon,sermon-sitemap,https://www.ccf.org.ph/message/mary-christmas-receive-jesus-gods-sure-hope-am/,https://www.ccf.org.ph/message/mary-christmas-receive-jesus-gods-sure-hope-am/,https://www.ccf.org.ph/message/mary-christmas-receive-jesus-gods-sure-hope-am/,30482,2023-12-04T02:41:41+00:00,Mary CHRISTmas! Receive Jesus: God’s Sure Hope - AM - Christ's Commission Fellowship,361,1,1,1,0,2,0,,
200,sermon,sermon-sitemap,https://www.ccf.org.ph/message/mary-christmas-receive-jesus-gods-sure-hope-pm-runthrough/,https://www.ccf.org.ph/message/mary-christmas-receive-jesus-gods-sure-hope-pm-runthrough/,https://www.ccf.org.ph/message/mary-christmas-receive-jesus-gods-sure-hope-pm-runthrough/,30755,2023-12-06T12:19:48+00:00,Mary CHRISTmas! Receive Jesus: God’s Sure Hope - PM - Runthrough - Christ's Commission Fellowship,473,1,1,1,0,2,2,,
200,sermon,sermon-sitemap,https://www.ccf.org.ph/message/mary-christmas-receive-jesus-gods-sure-hope-pm/,https://www.ccf.org.ph/message/mary-christmas-receive-jesus-gods-sure-hope-pm/,https://www.ccf.org.ph/message/mary-christmas-receive-jesus-gods-sure-hope-pm/,30485,2023-12-04T02:43:00+00:00,Mary CHRISTmas! Receive Jesus: God’s Sure Hope - PM - Christ's Commission Fellowship,510,1,1,1,0,2,0,,
200,sermon,sermon-sitemap,https://www.ccf.org.ph/message/miracles/,https://www.ccf.org.ph/message/miracles/,https://www.ccf.org.ph/message/miracles/,24513,2021-02-23T03:09:30+00:00,Miracles - Christ's Commission Fellowship,87,1,1,1,0,2,0,,
200,sermon,sermon-sitemap,https://www.ccf.org.ph/message/modeling-am/,https://www.ccf.org.ph/message/modeling-am/,https://www.ccf.org.ph/message/modeling-am/,22211,2021-04-20T08:16:34+00:00,Modeling - AM - Christ's Commission Fellowship,93,1,1,1,0,2,0,,
200,sermon,sermon-sitemap,https://www.ccf.org.ph/message/modeling-pm/,https://www.ccf.org.ph/message/modeling-pm/,https://www.ccf.org.ph/message/modeling-pm/,22217,2021-04-20T08:17:08+00:00,Modeling - PM - Christ's Commission Fellowship,93,1,1,1,0,2,0,,
200,sermon,sermon-sitemap,https://www.ccf.org.ph/message/moses-surrendered-leader-am/,https://www.ccf.org.ph/message/moses-surrendered-leader-am/,https://www.ccf.org.ph/message/moses-surrendered-leader-am/,27252,2023-10-28T17:46:12+00:00,Moses: Surrendered Leader - AM - Christ's Commission Fellowship,365,1,1,1,0,2,0,,
200,sermon,sermon-sitemap,https://www.ccf.org.ph/message/moses-surrendered-leader-pm/,https://www.ccf.org.ph/message/moses-surrendered-leader-pm/,https://www.ccf.org.ph/message/moses-surrendered-leader-pm/,27251,2023-10-28T17:46:20+00:00,Moses: Surrendered Leader - PM - Christ's Commission Fellowship,461,1,1,1,0,2,0,,
200,sermon,sermon-sitemap,https://www.ccf.org.ph/message/motivate-time-am/,https://www.ccf.org.ph/message/motivate-time-am/,https://www.ccf.org.ph/message/motivate-time-am/,22535,2021-04-20T08:13:25+00:00,Time - AM - Christ's Commission Fellowship,88,1,1,1,0,2,0,,
200,sermon,sermon-sitemap,https://www.ccf.org.ph/message/motivate-time-pm/,https://www.ccf.org.ph/message/motivate-time-pm/,https://www.ccf.org.ph/message/motivate-time-pm/,22536,2021-04-20T08:13:59+00:00,Time - PM - Christ's Commission Fellowship,88,1,1,1,0,2,0,,
200,sermon,sermon-sitemap,https://www.ccf.org.ph/message/never-give-up-hope-am-runthrough/,https://www.ccf.org.ph/message/never-give-up-hope-am-runthrough/,https://www.ccf.org.ph/message/never-give-up-hope-am-runthrough/,26391,2021-06-22T11:48:47+00:00,Never Give Up Hope - AM - Runthrough - Christ's Commission Fellowship,116,1,1,1,0,2,0,,
200,sermon,sermon-sitemap,https://www.ccf.org.ph/message/never-give-up-hope-am/,https://www.ccf.org.ph/message/never-give-up-hope-am/,https://www.ccf.org.ph/message/never-give-up-hope-am/,26251,2021-06-06T15:53:26+00:00,Never Give Up Hope - AM - Christ's Commission Fellowship,332,1,1,1,0,2,0,,
200,sermon,sermon-sitemap,https://www.ccf.org.ph/message/never-give-up-hope-pm-runthrough/,https://www.ccf.org.ph/message/never-give-up-hope-pm-runthrough/,https://www.ccf.org.ph/message/never-give-up-hope-pm-runthrough/,26392,2021-06-22T11:49:49+00:00,Never Give Up Hope - PM - Runthrough - Christ's Commission Fellowship,116,1,1,1,0,2,0,,
200,sermon,sermon-sitemap,https://www.ccf.org.ph/message/never-give-up-hope-pm/,https://www.ccf.org.ph/message/never-give-up-hope-pm/,https://www.ccf.org.ph/message/never-give-up-hope-pm/,26253,2021-06-14T01:10:45+00:00,Never Give Up Hope PM - Christ's Commission Fellowship,89,1,1,1,0,2,0,,
200,sermon,sermon-sitemap,https://www.ccf.org.ph/message/no-excuses-assume-responsibility/,https://www.ccf.org.ph/message/no-excuses-assume-responsibility/,https://www.ccf.org.ph/message/no-excuses-assume-responsibility/,11963,2017-07-04T09:46:15+00:00,No Excuses Assume Responsibility - Christ's Commission Fellowship,186,1,1,0,0,2,0,,
200,sermon,sermon-sitemap,https://www.ccf.org.ph/message/no-regrets-with-money-am/,https://www.ccf.org.ph/message/no-regrets-with-money-am/,https://www.ccf.org.ph/message/no-regrets-with-money-am/,25652,2021-04-19T07:06:30+00:00,No Regrets with Money - AM - Christ's Commission Fellowship,106,1,1,1,0,2,0,,
200,sermon,sermon-sitemap,https://www.ccf.org.ph/message/no-regrets-with-money-pm/,https://www.ccf.org.ph/message/no-regrets-with-money-pm/,https://www.ccf.org.ph/message/no-regrets-with-money-pm/,25653,2021-04-19T07:11:57+00:00,No Regrets With Money - PM - Christ's Commission Fellowship,105,1,1,1,0,2,0,,
200,sermon,sermon-sitemap,https://www.ccf.org.ph/message/not-grab-grab-god/,https://www.ccf.org.ph/message/not-grab-grab-god/,https://www.ccf.org.ph/message/not-grab-grab-god/,16090,2019-11-25T01:00:54+00:00,"Do Not Grab, But Grab On To God - Christ's Commission Fellowship",543,1,1,0,0,2,0,,
200,sermon,sermon-sitemap,https://www.ccf.org.ph/message/not-judge-2/,https://www.ccf.org.ph/message/not-judge-2/,https://www.ccf.org.ph/message/not-judge-2/,14623,2018-12-10T01:00:41+00:00,Do Not Judge - Christ's Commission Fellowship,92,1,1,0,0,2,0,,
200,sermon,sermon-sitemap,https://www.ccf.org.ph/message/obey-and-be-blessed-am-runthrough/,https://www.ccf.org.ph/message/obey-and-be-blessed-am-runthrough/,https://www.ccf.org.ph/message/obey-and-be-blessed-am-runthrough/,34770,2024-08-08T08:26:52+00:00,Obey and Be Blessed! - AM - Runthrough - Christ's Commission Fellowship,435,1,1,1,0,2,2,,
200,sermon,sermon-sitemap,https://www.ccf.org.ph/message/obey-and-be-blessed-am/,https://www.ccf.org.ph/message/obey-and-be-blessed-am/,https://www.ccf.org.ph/message/obey-and-be-blessed-am/,34726,2024-08-15T13:55:44+00:00,Obey and Be Blessed! - AM - Christ's Commission Fellowship,313,1,1,1,0,2,0,,
200,sermon,sermon-sitemap,https://www.ccf.org.ph/message/obey-and-be-blessed-pm-runthrough/,https://www.ccf.org.ph/message/obey-and-be-blessed-pm-runthrough/,https://www.ccf.org.ph/message/obey-and-be-blessed-pm-runthrough/,34771,2024-08-08T08:27:28+00:00,Obey and Be Blessed! - PM - Runthrough - Christ's Commission Fellowship,453,1,1,1,0,2,2,,
200,sermon,sermon-sitemap,https://www.ccf.org.ph/message/obey-and-be-blessed-pm/,https://www.ccf.org.ph/message/obey-and-be-blessed-pm/,https://www.ccf.org.ph/message/obey-and-be-blessed-pm/,34727,2024-08-15T13:55:28+00:00,Obey and Be Blessed! - PM - Christ's Commission Fellowship,368,1,1,1,0,2,0,,
200,sermon,sermon-sitemap,https://www.ccf.org.ph/message/obey-god-fulfill-your-mission-am/,https://www.ccf.org.ph/message/obey-god-fulfill-your-mission-am/,https://www.ccf.org.ph/message/obey-god-fulfill-your-mission-am/,27044,2023-11-11T11:15:51+00:00,"Obey God, Fulfill Your Mission - AM - Christ's Commission Fellowship",416,1,1,1,0,2,0,,
200,sermon,sermon-sitemap,https://www.ccf.org.ph/message/obey-god-fulfill-your-mission-pm/,https://www.ccf.org.ph/message/obey-god-fulfill-your-mission-pm/,https://www.ccf.org.ph/message/obey-god-fulfill-your-mission-pm/,27053,2023-11-11T11:15:22+00:00,"Obey God, Fulfill Your Mission - PM - Christ's Commission Fellowship",474,1,1,1,0,2,0,,
200,sermon,sermon-sitemap,https://www.ccf.org.ph/message/obey-gods-word-appointed-authorities-afn/,https://www.ccf.org.ph/message/obey-gods-word-appointed-authorities-afn/,https://www.ccf.org.ph/message/obey-gods-word-appointed-authorities-afn/,11045,2017-04-05T06:38:27+00:00,Obey God's Word and Appointed Authorities - Christ's Commission Fellowship,269,1,1,0,0,2,0,,
200,sermon,sermon-sitemap,https://www.ccf.org.ph/message/obey-gods-word-appointed-authorities/,https://www.ccf.org.ph/message/obey-gods-word-appointed-authorities/,https://www.ccf.org.ph/message/obey-gods-word-appointed-authorities/,11046,2017-08-12T05:58:51+00:00,Obey God's Word and Appointed Authorities - Christ's Commission Fellowship,519,1,1,0,0,2,0,,
200,sermon,sermon-sitemap,https://www.ccf.org.ph/message/obey-the-lord-begin-your-mission-am/,https://www.ccf.org.ph/message/obey-the-lord-begin-your-mission-am/,https://www.ccf.org.ph/message/obey-the-lord-begin-your-mission-am/,27057,2023-11-11T11:18:17+00:00,"Obey the Lord, Begin Your Mission - AM - Christ's Commission Fellowship",382,1,1,1,0,2,0,,
200,sermon,sermon-sitemap,https://www.ccf.org.ph/message/obey-the-lord-begin-your-mission-pm/,https://www.ccf.org.ph/message/obey-the-lord-begin-your-mission-pm/,https://www.ccf.org.ph/message/obey-the-lord-begin-your-mission-pm/,27058,2023-11-11T11:16:21+00:00,"Obey the Lord, Begin Your Mission - PM - Christ's Commission Fellowship",352,1,1,1,0,2,0,,
200,sermon,sermon-sitemap,https://www.ccf.org.ph/message/open-communication-am/,https://www.ccf.org.ph/message/open-communication-am/,https://www.ccf.org.ph/message/open-communication-am/,22381,2021-04-20T08:14:31+00:00,Open Communication - AM - Christ's Commission Fellowship,103,1,1,1,0,2,0,,
200,sermon,sermon-sitemap,https://www.ccf.org.ph/message/open-communication-pm/,https://www.ccf.org.ph/message/open-communication-pm/,https://www.ccf.org.ph/message/open-communication-pm/,22382,2021-04-20T08:15:44+00:00,Open Communication - PM - Christ's Commission Fellowship,103,1,1,1,0,2,0,,
200,sermon,sermon-sitemap,https://www.ccf.org.ph/message/our-hope-of-heaven-am-runthrough/,https://www.ccf.org.ph/message/our-hope-of-heaven-am-runthrough/,https://www.ccf.org.ph/message/our-hope-of-heaven-am-runthrough/,28687,2023-11-03T15:17:23+00:00,Our Hope Of Heaven - AM - Runthrough - Christ's Commission Fellowship,347,1,1,1,0,2,1,,
200,sermon,sermon-sitemap,https://www.ccf.org.ph/message/our-hope-of-heaven-am/,https://www.ccf.org.ph/message/our-hope-of-heaven-am/,https://www.ccf.org.ph/message/our-hope-of-heaven-am/,26893,2021-07-26T01:20:56+00:00,Our Hope of Heaven - AM - Christ's Commission Fellowship,91,1,1,1,0,2,0,,
200,sermon,sermon-sitemap,https://www.ccf.org.ph/message/our-hope-of-heaven-pm-runthrough/,https://www.ccf.org.ph/message/our-hope-of-heaven-pm-runthrough/,https://www.ccf.org.ph/message/our-hope-of-heaven-pm-runthrough/,28688,2023-11-03T15:19:10+00:00,Our Hope Of Heaven - PM - Runthrough - Christ's Commission Fellowship,346,1,1,1,0,2,1,,
200,sermon,sermon-sitemap,https://www.ccf.org.ph/message/our-hope-of-heaven-pm/,https://www.ccf.org.ph/message/our-hope-of-heaven-pm/,https://www.ccf.org.ph/message/our-hope-of-heaven-pm/,26894,2021-07-26T01:24:32+00:00,Our Hope of Heaven - PM - Christ's Commission Fellowship,91,1,1,1,0,2,0,,
200,sermon,sermon-sitemap,https://www.ccf.org.ph/message/overcome-anxiety-am/,https://www.ccf.org.ph/message/overcome-anxiety-am/,https://www.ccf.org.ph/message/overcome-anxiety-am/,28237,2023-10-31T11:50:37+00:00,Overcome Anxiety - AM - Christ's Commission Fellowship,361,1,1,1,0,2,0,,
200,sermon,sermon-sitemap,https://www.ccf.org.ph/message/overcome-anxiety-pm/,https://www.ccf.org.ph/message/overcome-anxiety-pm/,https://www.ccf.org.ph/message/overcome-anxiety-pm/,28236,2023-10-31T11:51:45+00:00,Overcome Anxiety - PM - Christ's Commission Fellowship,281,1,1,1,0,2,0,,
200,sermon,sermon-sitemap,https://www.ccf.org.ph/message/overcome-blurred-morality-am-runthrough/,https://www.ccf.org.ph/message/overcome-blurred-morality-am-runthrough/,https://www.ccf.org.ph/message/overcome-blurred-morality-am-runthrough/,28707,2023-11-03T15:49:24+00:00,Overcome Blurred Morality - AM - Runthrough - Christ's Commission Fellowship,345,1,1,1,0,2,1,,
200,sermon,sermon-sitemap,https://www.ccf.org.ph/message/overcome-blurred-morality-am/,https://www.ccf.org.ph/message/overcome-blurred-morality-am/,https://www.ccf.org.ph/message/overcome-blurred-morality-am/,28128,2023-10-31T01:07:01+00:00,Overcome Blurred Morality - AM - Christ's Commission Fellowship,287,1,1,1,0,2,0,,
200,sermon,sermon-sitemap,https://www.ccf.org.ph/message/overcome-blurred-morality-pm-runthrough/,https://www.ccf.org.ph/message/overcome-blurred-morality-pm-runthrough/,https://www.ccf.org.ph/message/overcome-blurred-morality-pm-runthrough/,28712,2023-11-03T15:50:20+00:00,Overcome Blurred Morality - PM - Runthrough - Christ's Commission Fellowship,367,1,1,1,0,2,1,,
200,sermon,sermon-sitemap,https://www.ccf.org.ph/message/overcome-blurred-morality-pm/,https://www.ccf.org.ph/message/overcome-blurred-morality-pm/,https://www.ccf.org.ph/message/overcome-blurred-morality-pm/,28127,2023-10-31T01:07:26+00:00,Overcome Blurred Morality - PM - Christ's Commission Fellowship,291,1,1,1,0,2,0,,
200,sermon,sermon-sitemap,https://www.ccf.org.ph/message/overcome-fear-am/,https://www.ccf.org.ph/message/overcome-fear-am/,https://www.ccf.org.ph/message/overcome-fear-am/,26199,2021-05-30T20:21:26+00:00,Overcome Fear - AM - Christ's Commission Fellowship,296,1,1,1,0,2,0,,
200,sermon,sermon-sitemap,https://www.ccf.org.ph/message/overcome-fear-pm/,https://www.ccf.org.ph/message/overcome-fear-pm/,https://www.ccf.org.ph/message/overcome-fear-pm/,26200,2021-05-30T20:25:11+00:00,Overcome Fear - PM - Christ's Commission Fellowship,327,1,1,1,0,2,0,,
200,sermon,sermon-sitemap,https://www.ccf.org.ph/message/overcome-purposelessness-am/,https://www.ccf.org.ph/message/overcome-purposelessness-am/,https://www.ccf.org.ph/message/overcome-purposelessness-am/,28225,2023-10-31T11:40:53+00:00,Overcome Purposelessness - AM - Christ's Commission Fellowship,365,1,1,1,0,2,0,,
200,sermon,sermon-sitemap,https://www.ccf.org.ph/message/overcome-purposelessness-pm/,https://www.ccf.org.ph/message/overcome-purposelessness-pm/,https://www.ccf.org.ph/message/overcome-purposelessness-pm/,28224,2023-10-31T11:40:58+00:00,Overcome Purposelessness - PM - Christ's Commission Fellowship,401,1,1,1,0,2,0,,
200,sermon,sermon-sitemap,https://www.ccf.org.ph/message/overcoming-anxiety-am-runthrough/,https://www.ccf.org.ph/message/overcoming-anxiety-am-runthrough/,https://www.ccf.org.ph/message/overcoming-anxiety-am-runthrough/,28701,2023-11-03T15:38:43+00:00,Overcoming Anxiety - AM - Runthrough - Christ's Commission Fellowship,265,1,1,1,0,2,1,,
200,sermon,sermon-sitemap,https://www.ccf.org.ph/message/overcoming-anxiety-pm-runthrough/,https://www.ccf.org.ph/message/overcoming-anxiety-pm-runthrough/,https://www.ccf.org.ph/message/overcoming-anxiety-pm-runthrough/,28695,2023-11-03T15:39:49+00:00,Overcoming Anxiety - PM - Runthrough - Christ's Commission Fellowship,339,1,1,1,0,2,1,,
200,sermon,sermon-sitemap,https://www.ccf.org.ph/message/overcoming-purposelessness-am-runthrough/,https://www.ccf.org.ph/message/overcoming-purposelessness-am-runthrough/,https://www.ccf.org.ph/message/overcoming-purposelessness-am-runthrough/,28708,2023-11-03T15:43:52+00:00,Overcoming Purposelessness - AM - Runthrough - Christ's Commission Fellowship,318,1,1,1,0,2,1,,
200,sermon,sermon-sitemap,https://www.ccf.org.ph/message/overcoming-purposelessness-pm-runthrough/,https://www.ccf.org.ph/message/overcoming-purposelessness-pm-runthrough/,https://www.ccf.org.ph/message/overcoming-purposelessness-pm-runthrough/,28710,2023-11-03T15:44:31+00:00,Overcoming Purposelessness - PM - Runthrough - Christ's Commission Fellowship,361,1,1,1,0,2,1,,
200,sermon,sermon-sitemap,https://www.ccf.org.ph/message/overcoming-the-challenge-runthrough/,https://www.ccf.org.ph/message/overcoming-the-challenge-runthrough/,https://www.ccf.org.ph/message/overcoming-the-challenge-runthrough/,34447,2024-07-10T01:07:08+00:00,Overcoming the Challenge - Runthrough - Christ's Commission Fellowship,402,1,1,1,0,2,2,,
200,sermon,sermon-sitemap,https://www.ccf.org.ph/message/overcoming-the-challenge/,https://www.ccf.org.ph/message/overcoming-the-challenge/,https://www.ccf.org.ph/message/overcoming-the-challenge/,34394,2024-07-07T14:30:18+00:00,Overcoming the Challenge - Christ's Commission Fellowship,289,1,1,1,0,2,0,,
200,sermon,sermon-sitemap,https://www.ccf.org.ph/message/passing-faith-next-generation/,https://www.ccf.org.ph/message/passing-faith-next-generation/,https://www.ccf.org.ph/message/passing-faith-next-generation/,13946,2018-09-22T05:45:58+00:00,Passing on Your Faith to the next Generation - Christ's Commission Fellowship,124,1,1,0,0,2,0,,
200,sermon,sermon-sitemap,https://www.ccf.org.ph/message/pauls-one-thing-pursue-gods-purpose/,https://www.ccf.org.ph/message/pauls-one-thing-pursue-gods-purpose/,https://www.ccf.org.ph/message/pauls-one-thing-pursue-gods-purpose/,16390,2020-01-27T01:00:22+00:00,Paul's One Thing: Pursue God's Purpose - Christ's Commission Fellowship,118,1,1,0,0,2,0,,
200,sermon,sermon-sitemap,https://www.ccf.org.ph/message/persevere-god-unstoppable/,https://www.ccf.org.ph/message/persevere-god-unstoppable/,https://www.ccf.org.ph/message/persevere-god-unstoppable/,14898,2019-03-18T01:00:39+00:00,Persevere - God is Unstoppable - Christ's Commission Fellowship,415,1,1,0,0,2,0,,
200,sermon,sermon-sitemap,https://www.ccf.org.ph/message/persevere-god-unstoppable2/,https://www.ccf.org.ph/message/persevere-god-unstoppable2/,https://www.ccf.org.ph/message/persevere-god-unstoppable2/,14900,2019-03-18T01:00:22+00:00,Persevere - God is Unstoppable - Christ's Commission Fellowship,415,1,1,0,0,2,0,,
200,sermon,sermon-sitemap,https://www.ccf.org.ph/message/persevere-in-prayer-am/,https://www.ccf.org.ph/message/persevere-in-prayer-am/,https://www.ccf.org.ph/message/persevere-in-prayer-am/,31829,2024-01-22T05:11:38+00:00,Persevere in Prayer - AM - Christ's Commission Fellowship,345,1,1,1,0,2,0,,
200,sermon,sermon-sitemap,https://www.ccf.org.ph/message/persevere-in-prayer-pm/,https://www.ccf.org.ph/message/persevere-in-prayer-pm/,https://www.ccf.org.ph/message/persevere-in-prayer-pm/,31830,2024-01-22T05:11:57+00:00,Persevere in Prayer - PM - Christ's Commission Fellowship,341,1,1,1,0,2,0,,
200,sermon,sermon-sitemap,https://www.ccf.org.ph/message/persevere-truth-matters-2/,https://www.ccf.org.ph/message/persevere-truth-matters-2/,https://www.ccf.org.ph/message/persevere-truth-matters-2/,15228,2019-06-03T01:00:02+00:00,Persevere Because Truth Matters - Christ's Commission Fellowship,254,1,1,0,0,2,0,,
200,sermon,sermon-sitemap,https://www.ccf.org.ph/message/persevere-truth-matters/,https://www.ccf.org.ph/message/persevere-truth-matters/,https://www.ccf.org.ph/message/persevere-truth-matters/,15227,2019-06-03T01:00:55+00:00,Persevere Because Truth Matters - Christ's Commission Fellowship,254,1,1,0,0,2,0,,
200,sermon,sermon-sitemap,https://www.ccf.org.ph/message/practice-a-god-centered-perspective-am-runthrough/,https://www.ccf.org.ph/message/practice-a-god-centered-perspective-am-runthrough/,https://www.ccf.org.ph/message/practice-a-god-centered-perspective-am-runthrough/,28768,2023-11-03T16:35:52+00:00,Practice A God-Centered Perspective - AM - Runthrough - Christ's Commission Fellowship,348,1,1,1,0,2,1,,
200,sermon,sermon-sitemap,https://www.ccf.org.ph/message/practice-a-god-centered-perspective-am/,https://www.ccf.org.ph/message/practice-a-god-centered-perspective-am/,https://www.ccf.org.ph/message/practice-a-god-centered-perspective-am/,28008,2023-10-30T19:03:46+00:00,Practice A God-Centered Perspective - AM - Christ's Commission Fellowship,312,1,1,1,0,2,0,,
200,sermon,sermon-sitemap,https://www.ccf.org.ph/message/practice-a-god-centered-perspective-pm-runthrough/,https://www.ccf.org.ph/message/practice-a-god-centered-perspective-pm-runthrough/,https://www.ccf.org.ph/message/practice-a-god-centered-perspective-pm-runthrough/,28770,2023-11-03T16:36:27+00:00,Practice A God-Centered Perspective - PM - Runthrough - Christ's Commission Fellowship,317,1,1,1,0,2,1,,
200,sermon,sermon-sitemap,https://www.ccf.org.ph/message/practice-a-god-centered-perspective-pm/,https://www.ccf.org.ph/message/practice-a-god-centered-perspective-pm/,https://www.ccf.org.ph/message/practice-a-god-centered-perspective-pm/,28010,2023-10-30T19:04:05+00:00,Practice A God-Centered Perspective - PM - Christ's Commission Fellowship,292,1,1,1,0,2,0,,
200,sermon,sermon-sitemap,https://www.ccf.org.ph/message/practice-contentment-2/,https://www.ccf.org.ph/message/practice-contentment-2/,https://www.ccf.org.ph/message/practice-contentment-2/,18171,2021-07-27T06:43:29+00:00,Practice Contentment - PM - Christ's Commission Fellowship,105,1,1,1,0,2,0,,
200,sermon,sermon-sitemap,https://www.ccf.org.ph/message/practice-contentment/,https://www.ccf.org.ph/message/practice-contentment/,https://www.ccf.org.ph/message/practice-contentment/,18167,2021-07-27T06:43:22+00:00,Practice Contentment - AM - Christ's Commission Fellowship,105,1,1,1,0,2,0,,
200,sermon,sermon-sitemap,https://www.ccf.org.ph/message/practice-habits-spirit-filled-church-2/,https://www.ccf.org.ph/message/practice-habits-spirit-filled-church-2/,https://www.ccf.org.ph/message/practice-habits-spirit-filled-church-2/,14808,2019-02-18T01:00:49+00:00,Practice the Habits of a Spirit-Filled Church - Christ's Commission Fellowship,405,1,1,0,0,2,0,,
200,sermon,sermon-sitemap,https://www.ccf.org.ph/message/practice-habits-spirit-filled-church/,https://www.ccf.org.ph/message/practice-habits-spirit-filled-church/,https://www.ccf.org.ph/message/practice-habits-spirit-filled-church/,14804,2019-02-18T01:00:41+00:00,Practice the Habits of a Spirit-Filled Church - Christ's Commission Fellowship,405,1,1,0,0,2,0,,
200,sermon,sermon-sitemap,https://www.ccf.org.ph/message/practice-radical-love-2/,https://www.ccf.org.ph/message/practice-radical-love-2/,https://www.ccf.org.ph/message/practice-radical-love-2/,10922,2017-03-07T08:59:35+00:00,Practice Radical Love - Christ's Commission Fellowship,101,1,0,0,0,2,0,,
200,sermon,sermon-sitemap,https://www.ccf.org.ph/message/practice-radical-love-iii/,https://www.ccf.org.ph/message/practice-radical-love-iii/,https://www.ccf.org.ph/message/practice-radical-love-iii/,10967,2017-08-12T05:49:06+00:00,Practice Radical Love III - Christ's Commission Fellowship,455,1,1,0,0,2,0,,
200,sermon,sermon-sitemap,https://www.ccf.org.ph/message/practice-radical-love-patient-god-work-2/,https://www.ccf.org.ph/message/practice-radical-love-patient-god-work-2/,https://www.ccf.org.ph/message/practice-radical-love-patient-god-work-2/,11015,2017-04-05T06:35:59+00:00,Practice Radical Love: Be Patient God Is at Work - Christ's Commission Fellowship,214,1,1,0,0,2,0,,
200,sermon,sermon-sitemap,https://www.ccf.org.ph/message/practice-radical-love-patient-god-work/,https://www.ccf.org.ph/message/practice-radical-love-patient-god-work/,https://www.ccf.org.ph/message/practice-radical-love-patient-god-work/,11001,2017-08-12T05:55:43+00:00,Practice Radical Love: Be Patient God Is at Work - Christ's Commission Fellowship,615,1,1,0,0,2,0,,
200,sermon,sermon-sitemap,https://www.ccf.org.ph/message/practice-radical-love-seek-best-2/,https://www.ccf.org.ph/message/practice-radical-love-seek-best-2/,https://www.ccf.org.ph/message/practice-radical-love-seek-best-2/,10947,2017-03-07T08:59:57+00:00,Practice Radical Love: Seek What is Best - Christ's Commission Fellowship,190,1,1,0,0,2,0,,
200,sermon,sermon-sitemap,https://www.ccf.org.ph/message/practice-radical-love-seek-best/,https://www.ccf.org.ph/message/practice-radical-love-seek-best/,https://www.ccf.org.ph/message/practice-radical-love-seek-best/,10945,2017-08-12T05:47:01+00:00,Practice Radical Love: Seek What is Best - Christ's Commission Fellowship,658,1,1,0,0,2,0,,
200,sermon,sermon-sitemap,https://www.ccf.org.ph/message/practice-radical-love/,https://www.ccf.org.ph/message/practice-radical-love/,https://www.ccf.org.ph/message/practice-radical-love/,10864,2017-08-12T05:42:45+00:00,Practice Radical Love - Christ's Commission Fellowship,485,1,1,0,0,2,0,,
200,sermon,sermon-sitemap,https://www.ccf.org.ph/message/pray-faithful-witness-2/,https://www.ccf.org.ph/message/pray-faithful-witness-2/,https://www.ccf.org.ph/message/pray-faithful-witness-2/,14723,2019-01-14T01:00:03+00:00,Pray To Be A Faithful Witness - Christ's Commission Fellowship,109,1,1,0,0,2,0,,
200,sermon,sermon-sitemap,https://www.ccf.org.ph/message/pray-faithful-witness/,https://www.ccf.org.ph/message/pray-faithful-witness/,https://www.ccf.org.ph/message/pray-faithful-witness/,14721,2019-01-14T01:00:43+00:00,Pray To Be A Faithful Witness - Christ's Commission Fellowship,109,1,1,0,0,2,0,,
200,sermon,sermon-sitemap,https://www.ccf.org.ph/message/pray-with-humility-am/,https://www.ccf.org.ph/message/pray-with-humility-am/,https://www.ccf.org.ph/message/pray-with-humility-am/,32240,2024-02-05T02:04:09+00:00,Pray With Humility - AM - Christ's Commission Fellowship,361,1,1,1,0,2,0,,
200,sermon,sermon-sitemap,https://www.ccf.org.ph/message/pray-with-humility-pm/,https://www.ccf.org.ph/message/pray-with-humility-pm/,https://www.ccf.org.ph/message/pray-with-humility-pm/,32241,2024-02-05T02:06:45+00:00,Pray With Humility - PM - Christ's Commission Fellowship,449,1,1,1,0,2,0,,
200,sermon,sermon-sitemap,https://www.ccf.org.ph/message/pray-without-ceasing/,https://www.ccf.org.ph/message/pray-without-ceasing/,https://www.ccf.org.ph/message/pray-without-ceasing/,15155,2019-05-13T01:00:22+00:00,Pray Without Ceasing - Christ's Commission Fellowship,434,1,1,0,0,2,0,,
200,sermon,sermon-sitemap,https://www.ccf.org.ph/message/prayer-changes-lives-afn/,https://www.ccf.org.ph/message/prayer-changes-lives-afn/,https://www.ccf.org.ph/message/prayer-changes-lives-afn/,13302,2018-05-24T07:31:56+00:00,The Prayer That Changes Lives - Christ's Commission Fellowship,109,1,1,0,0,2,0,,
200,sermon,sermon-sitemap,https://www.ccf.org.ph/message/prayer-changes-lives/,https://www.ccf.org.ph/message/prayer-changes-lives/,https://www.ccf.org.ph/message/prayer-changes-lives/,13300,2018-05-24T07:31:48+00:00,The Prayer That Changes Lives - Christ's Commission Fellowship,109,1,1,0,0,2,0,,
200,sermon,sermon-sitemap,https://www.ccf.org.ph/message/prayer-is-blessing-2/,https://www.ccf.org.ph/message/prayer-is-blessing-2/,https://www.ccf.org.ph/message/prayer-is-blessing-2/,14529,2018-11-05T01:00:00+00:00,Prayer is Blessing - Christ's Commission Fellowship,98,1,1,0,0,2,0,,
200,sermon,sermon-sitemap,https://www.ccf.org.ph/message/prayer-is-blessing/,https://www.ccf.org.ph/message/prayer-is-blessing/,https://www.ccf.org.ph/message/prayer-is-blessing/,14511,2018-11-05T01:00:01+00:00,Prayer is Blessing - Christ's Commission Fellowship,98,1,1,0,0,2,0,,
200,sermon,sermon-sitemap,https://www.ccf.org.ph/message/preparing-for-lifes-battle-am/,https://www.ccf.org.ph/message/preparing-for-lifes-battle-am/,https://www.ccf.org.ph/message/preparing-for-lifes-battle-am/,27302,2023-10-28T18:25:11+00:00,Preparing For Life's Battle - AM - Christ's Commission Fellowship,384,1,1,1,0,2,0,,
200,sermon,sermon-sitemap,https://www.ccf.org.ph/message/preparing-for-lifes-battle-pm/,https://www.ccf.org.ph/message/preparing-for-lifes-battle-pm/,https://www.ccf.org.ph/message/preparing-for-lifes-battle-pm/,27301,2023-10-28T18:25:33+00:00,Preparing For Life's Battle - PM - Christ's Commission Fellowship,447,1,1,1,0,2,0,,
200,sermon,sermon-sitemap,https://www.ccf.org.ph/message/preparing-for-the-best-day-am-runthrough/,https://www.ccf.org.ph/message/preparing-for-the-best-day-am-runthrough/,https://www.ccf.org.ph/message/preparing-for-the-best-day-am-runthrough/,28691,2023-11-03T15:26:16+00:00,Preparing For The Best Day - AM - Runthrough - Christ's Commission Fellowship,371,1,1,1,0,2,1,,
200,sermon,sermon-sitemap,https://www.ccf.org.ph/message/preparing-for-the-best-day-am/,https://www.ccf.org.ph/message/preparing-for-the-best-day-am/,https://www.ccf.org.ph/message/preparing-for-the-best-day-am/,28256,2023-10-31T12:21:19+00:00,Preparing For The Best Day - AM - Christ's Commission Fellowship,389,1,1,1,0,2,0,,
200,sermon,sermon-sitemap,https://www.ccf.org.ph/message/preparing-for-the-best-day-pm-runthrough/,https://www.ccf.org.ph/message/preparing-for-the-best-day-pm-runthrough/,https://www.ccf.org.ph/message/preparing-for-the-best-day-pm-runthrough/,28689,2023-11-03T15:27:09+00:00,Preparing For The Best Day - PM - Runthrough - Christ's Commission Fellowship,410,1,1,1,0,2,1,,
200,sermon,sermon-sitemap,https://www.ccf.org.ph/message/preparing-for-the-best-day-pm/,https://www.ccf.org.ph/message/preparing-for-the-best-day-pm/,https://www.ccf.org.ph/message/preparing-for-the-best-day-pm/,28257,2023-10-31T12:21:40+00:00,Preparing For The Best Day - PM - Christ's Commission Fellowship,370,1,1,1,0,2,0,,
200,sermon,sermon-sitemap,https://www.ccf.org.ph/message/proclaim-hope-am-runthrough/,https://www.ccf.org.ph/message/proclaim-hope-am-runthrough/,https://www.ccf.org.ph/message/proclaim-hope-am-runthrough/,26385,2021-06-22T11:39:27+00:00,Proclaim Hope - AM - Runthrough - Christ's Commission Fellowship,111,1,1,1,0,2,0,,
200,sermon,sermon-sitemap,https://www.ccf.org.ph/message/proclaim-hope-am/,https://www.ccf.org.ph/message/proclaim-hope-am/,https://www.ccf.org.ph/message/proclaim-hope-am/,25935,2021-05-17T04:37:24+00:00,Proclaim Hope - AM - Christ's Commission Fellowship,270,1,1,1,0,2,0,,
200,sermon,sermon-sitemap,https://www.ccf.org.ph/message/proclaim-hope-pm-runthrough/,https://www.ccf.org.ph/message/proclaim-hope-pm-runthrough/,https://www.ccf.org.ph/message/proclaim-hope-pm-runthrough/,26386,2021-06-22T11:40:35+00:00,Proclaim Hope - PM - Runthrough - Christ's Commission Fellowship,111,1,1,1,0,2,0,,
200,sermon,sermon-sitemap,https://www.ccf.org.ph/message/proclaim-hope-pm/,https://www.ccf.org.ph/message/proclaim-hope-pm/,https://www.ccf.org.ph/message/proclaim-hope-pm/,25937,2021-05-17T04:50:48+00:00,Proclaim Hope - PM - Christ's Commission Fellowship,270,1,1,1,0,2,0,,
200,sermon,sermon-sitemap,https://www.ccf.org.ph/message/protect-this-house-anf/,https://www.ccf.org.ph/message/protect-this-house-anf/,https://www.ccf.org.ph/message/protect-this-house-anf/,11752,2017-06-13T07:39:05+00:00,Protect This House - Christ's Commission Fellowship,207,1,1,0,0,2,0,,
200,sermon,sermon-sitemap,https://www.ccf.org.ph/message/protect-this-house/,https://www.ccf.org.ph/message/protect-this-house/,https://www.ccf.org.ph/message/protect-this-house/,11751,2017-08-12T06:28:26+00:00,Protect This House - Christ's Commission Fellowship,411,1,1,0,0,2,0,,
200,sermon,sermon-sitemap,https://www.ccf.org.ph/message/pure-see-god-2/,https://www.ccf.org.ph/message/pure-see-god-2/,https://www.ccf.org.ph/message/pure-see-god-2/,14115,2018-09-22T05:54:58+00:00,Be Pure and See God - Christ's Commission Fellowship,99,1,1,0,0,2,0,,
200,sermon,sermon-sitemap,https://www.ccf.org.ph/message/pure-see-god/,https://www.ccf.org.ph/message/pure-see-god/,https://www.ccf.org.ph/message/pure-see-god/,14113,2018-09-22T05:54:54+00:00,Be Pure and See God - Christ's Commission Fellowship,99,1,1,0,0,2,0,,
200,sermon,sermon-sitemap,https://www.ccf.org.ph/message/pursue-gods-mission-power-holy-spirit/,https://www.ccf.org.ph/message/pursue-gods-mission-power-holy-spirit/,https://www.ccf.org.ph/message/pursue-gods-mission-power-holy-spirit/,15414,2019-07-29T01:00:30+00:00,Pursue God's Mission By The Power Of The Holy Spirit - Christ's Commission Fellowship,834,1,1,0,0,2,0,,
200,sermon,sermon-sitemap,https://www.ccf.org.ph/message/pursue-great-gain-am-runthrough/,https://www.ccf.org.ph/message/pursue-great-gain-am-runthrough/,https://www.ccf.org.ph/message/pursue-great-gain-am-runthrough/,28781,2023-11-03T16:45:22+00:00,Pursue Great Gain - AM - Runthrough - Christ's Commission Fellowship,304,1,1,1,0,2,1,,
200,sermon,sermon-sitemap,https://www.ccf.org.ph/message/pursue-great-gain-am/,https://www.ccf.org.ph/message/pursue-great-gain-am/,https://www.ccf.org.ph/message/pursue-great-gain-am/,27988,2023-10-30T18:40:43+00:00,Pursue Great Gain - AM - Christ's Commission Fellowship,373,1,1,1,0,2,0,,
200,sermon,sermon-sitemap,https://www.ccf.org.ph/message/pursue-great-gain-pm-runthrough/,https://www.ccf.org.ph/message/pursue-great-gain-pm-runthrough/,https://www.ccf.org.ph/message/pursue-great-gain-pm-runthrough/,28782,2023-11-03T16:45:58+00:00,Pursue Great Gain - PM - Runthrough - Christ's Commission Fellowship,327,1,1,1,0,2,1,,
200,sermon,sermon-sitemap,https://www.ccf.org.ph/message/pursue-great-gain-pm/,https://www.ccf.org.ph/message/pursue-great-gain-pm/,https://www.ccf.org.ph/message/pursue-great-gain-pm/,27990,2023-10-30T18:40:46+00:00,Pursue Great Gain - PM - Christ's Commission Fellowship,359,1,1,1,0,2,0,,
200,sermon,sermon-sitemap,https://www.ccf.org.ph/message/pursue-one-thing-seek-intimacy-god-2/,https://www.ccf.org.ph/message/pursue-one-thing-seek-intimacy-god-2/,https://www.ccf.org.ph/message/pursue-one-thing-seek-intimacy-god-2/,16339,2020-01-21T09:27:37+00:00,Pursue One Thing: Seek Intimacy with God - Christ's Commission Fellowship,119,1,1,0,0,2,0,,
200,sermon,sermon-sitemap,https://www.ccf.org.ph/message/pursue-one-thing-seek-intimacy-god/,https://www.ccf.org.ph/message/pursue-one-thing-seek-intimacy-god/,https://www.ccf.org.ph/message/pursue-one-thing-seek-intimacy-god/,16336,2020-01-21T09:26:44+00:00,Pursue One Thing: Seek Intimacy with God - Christ's Commission Fellowship,370,1,1,0,0,2,0,,
200,sermon,sermon-sitemap,https://www.ccf.org.ph/message/put-confidence-christ-2/,https://www.ccf.org.ph/message/put-confidence-christ-2/,https://www.ccf.org.ph/message/put-confidence-christ-2/,17138,2021-07-27T05:32:21+00:00,Put your Confidence in Christ - PM - Christ's Commission Fellowship,113,1,1,1,0,2,0,,
200,sermon,sermon-sitemap,https://www.ccf.org.ph/message/put-confidence-christ/,https://www.ccf.org.ph/message/put-confidence-christ/,https://www.ccf.org.ph/message/put-confidence-christ/,17136,2021-07-27T05:30:13+00:00,Put your Confidence in Christ - AM - Christ's Commission Fellowship,114,1,1,1,0,2,0,,
200,sermon,sermon-sitemap,https://www.ccf.org.ph/message/ready-inevitable-2/,https://www.ccf.org.ph/message/ready-inevitable-2/,https://www.ccf.org.ph/message/ready-inevitable-2/,17379,2021-07-27T05:33:17+00:00,Be Ready for the Inevitable - PM - Christ's Commission Fellowship,112,1,1,1,0,2,0,,
200,sermon,sermon-sitemap,https://www.ccf.org.ph/message/reboot-your-relationships/,https://www.ccf.org.ph/message/reboot-your-relationships/,https://www.ccf.org.ph/message/reboot-your-relationships/,11831,2017-08-12T06:36:55+00:00,Reboot Your Relationships - Christ's Commission Fellowship,501,1,1,0,0,2,0,,
200,sermon,sermon-sitemap,https://www.ccf.org.ph/message/receive-big-surprise-share-extraordinary-christmas/,https://www.ccf.org.ph/message/receive-big-surprise-share-extraordinary-christmas/,https://www.ccf.org.ph/message/receive-big-surprise-share-extraordinary-christmas/,16233,2019-12-30T01:00:58+00:00,Receive the BIG Surprise: Share the Extraordinary Christmas - Christ's Commission Fellowship,371,1,1,0,0,2,0,,
200,sermon,sermon-sitemap,https://www.ccf.org.ph/message/redefine-success-afn/,https://www.ccf.org.ph/message/redefine-success-afn/,https://www.ccf.org.ph/message/redefine-success-afn/,13550,2018-05-24T07:49:49+00:00,Redefine Success - Christ's Commission Fellowship,96,1,1,0,0,2,0,,
200,sermon,sermon-sitemap,https://www.ccf.org.ph/message/repent-god-restores-2/,https://www.ccf.org.ph/message/repent-god-restores-2/,https://www.ccf.org.ph/message/repent-god-restores-2/,19209,2021-07-27T06:38:47+00:00,Repent: God Restores! - PM - Christ's Commission Fellowship,106,1,1,1,0,2,0,,
200,sermon,sermon-sitemap,https://www.ccf.org.ph/message/repent-god-restores/,https://www.ccf.org.ph/message/repent-god-restores/,https://www.ccf.org.ph/message/repent-god-restores/,19203,2021-07-27T06:38:20+00:00,Repent: God Restores! - AM - Christ's Commission Fellowship,106,1,1,1,0,2,0,,
200,sermon,sermon-sitemap,https://www.ccf.org.ph/message/represent-christ-well/,https://www.ccf.org.ph/message/represent-christ-well/,https://www.ccf.org.ph/message/represent-christ-well/,13202,2018-05-24T07:26:43+00:00,Represent Christ Well - Christ's Commission Fellowship,101,1,1,0,0,2,0,,
200,sermon,sermon-sitemap,https://www.ccf.org.ph/message/rescue-and-response-am-runthrough/,https://www.ccf.org.ph/message/rescue-and-response-am-runthrough/,https://www.ccf.org.ph/message/rescue-and-response-am-runthrough/,33168,2024-04-09T16:28:30+00:00,Rescue and Response - AM - Runthrough - Christ's Commission Fellowship,426,1,1,1,0,2,2,,
200,sermon,sermon-sitemap,https://www.ccf.org.ph/message/rescue-and-response-am/,https://www.ccf.org.ph/message/rescue-and-response-am/,https://www.ccf.org.ph/message/rescue-and-response-am/,33139,2024-04-08T03:04:48+00:00,Rescue and Response - AM - Christ's Commission Fellowship,546,1,1,1,0,2,0,,
200,sermon,sermon-sitemap,https://www.ccf.org.ph/message/rescue-and-response-pm-runthrough/,https://www.ccf.org.ph/message/rescue-and-response-pm-runthrough/,https://www.ccf.org.ph/message/rescue-and-response-pm-runthrough/,33169,2024-04-09T16:29:13+00:00,Rescue and Response - PM - Runthrough - Christ's Commission Fellowship,471,1,1,1,0,2,2,,
200,sermon,sermon-sitemap,https://www.ccf.org.ph/message/rescue-and-response-pm/,https://www.ccf.org.ph/message/rescue-and-response-pm/,https://www.ccf.org.ph/message/rescue-and-response-pm/,33140,2024-04-08T03:06:19+00:00,Rescue and Response - PM - Christ's Commission Fellowship,572,1,1,1,0,2,0,,
200,sermon,sermon-sitemap,https://www.ccf.org.ph/message/resolve-conflicts-in-truth-and-love-am/,https://www.ccf.org.ph/message/resolve-conflicts-in-truth-and-love-am/,https://www.ccf.org.ph/message/resolve-conflicts-in-truth-and-love-am/,27082,2023-11-11T11:20:18+00:00,Resolve Conflicts in Truth and Love - AM - Christ's Commission Fellowship,417,1,1,1,0,2,0,,
200,sermon,sermon-sitemap,https://www.ccf.org.ph/message/resolve-conflicts-in-truth-and-love-pm/,https://www.ccf.org.ph/message/resolve-conflicts-in-truth-and-love-pm/,https://www.ccf.org.ph/message/resolve-conflicts-in-truth-and-love-pm/,27083,2023-11-11T11:19:53+00:00,Resolve Conflicts in Truth and Love - PM - Christ's Commission Fellowship,464,1,1,1,0,2,0,,
200,sermon,sermon-sitemap,https://www.ccf.org.ph/message/resolve-conflicts-truth-love/,https://www.ccf.org.ph/message/resolve-conflicts-truth-love/,https://www.ccf.org.ph/message/resolve-conflicts-truth-love/,15251,2019-06-10T01:00:07+00:00,Resolve Conflicts in Truth and Love - Christ's Commission Fellowship,453,1,1,0,0,2,0,,
200,sermon,sermon-sitemap,https://www.ccf.org.ph/message/respond-god-2/,https://www.ccf.org.ph/message/respond-god-2/,https://www.ccf.org.ph/message/respond-god-2/,11150,2017-06-13T08:13:42+00:00,Respond to God - Christ's Commission Fellowship,206,1,1,0,0,2,0,,
200,sermon,sermon-sitemap,https://www.ccf.org.ph/message/respond-humbly-to-gods-grace-am/,https://www.ccf.org.ph/message/respond-humbly-to-gods-grace-am/,https://www.ccf.org.ph/message/respond-humbly-to-gods-grace-am/,27898,2023-10-30T07:21:57+00:00,Respond Humbly to God’s Grace - AM - Christ's Commission Fellowship,327,1,1,1,0,2,0,,
200,sermon,sermon-sitemap,https://www.ccf.org.ph/message/respond-humbly-to-gods-grace-pm/,https://www.ccf.org.ph/message/respond-humbly-to-gods-grace-pm/,https://www.ccf.org.ph/message/respond-humbly-to-gods-grace-pm/,27900,2023-10-30T07:22:19+00:00,Respond Humbly to God’s Grace - PM - Christ's Commission Fellowship,345,1,1,1,0,2,0,,
200,sermon,sermon-sitemap,https://www.ccf.org.ph/message/respond-to-god/,https://www.ccf.org.ph/message/respond-to-god/,https://www.ccf.org.ph/message/respond-to-god/,11144,2017-08-12T06:13:20+00:00,Respond to God - Christ's Commission Fellowship,514,1,1,0,0,2,0,,
200,sermon,sermon-sitemap,https://www.ccf.org.ph/message/respond-well-to-finish-well-am/,https://www.ccf.org.ph/message/respond-well-to-finish-well-am/,https://www.ccf.org.ph/message/respond-well-to-finish-well-am/,27128,2023-10-28T16:42:54+00:00,Respond Well To Finish Well - AM - Christ's Commission Fellowship,383,1,1,1,0,2,0,,
200,sermon,sermon-sitemap,https://www.ccf.org.ph/message/respond-well-to-finish-well-pm/,https://www.ccf.org.ph/message/respond-well-to-finish-well-pm/,https://www.ccf.org.ph/message/respond-well-to-finish-well-pm/,27129,2023-10-28T16:43:47+00:00,Respond Well To Finish Well - PM - Christ's Commission Fellowship,440,1,1,1,0,2,0,,
200,sermon,sermon-sitemap,https://www.ccf.org.ph/message/respond-wisely-truth-2/,https://www.ccf.org.ph/message/respond-wisely-truth-2/,https://www.ccf.org.ph/message/respond-wisely-truth-2/,15205,2019-05-27T01:00:08+00:00,Respond Wisely to the Truth - Christ's Commission Fellowship,673,1,1,0,0,2,0,,
200,sermon,sermon-sitemap,https://www.ccf.org.ph/message/respond-wisely-truth/,https://www.ccf.org.ph/message/respond-wisely-truth/,https://www.ccf.org.ph/message/respond-wisely-truth/,15204,2019-05-27T01:00:02+00:00,Respond Wisely to the Truth - Christ's Commission Fellowship,672,1,1,0,0,2,0,,
200,sermon,sermon-sitemap,https://www.ccf.org.ph/message/rest-in-him-2/,https://www.ccf.org.ph/message/rest-in-him-2/,https://www.ccf.org.ph/message/rest-in-him-2/,15773,2019-09-16T01:00:06+00:00,Rest in Him - Christ's Commission Fellowship,418,1,1,0,0,2,0,,
200,sermon,sermon-sitemap,https://www.ccf.org.ph/message/rest-in-him/,https://www.ccf.org.ph/message/rest-in-him/,https://www.ccf.org.ph/message/rest-in-him/,15772,2019-09-16T01:00:56+00:00,Rest in Him - Christ's Commission Fellowship,418,1,1,0,0,2,0,,
200,sermon,sermon-sitemap,https://www.ccf.org.ph/message/resurrection-sunday/,https://www.ccf.org.ph/message/resurrection-sunday/,https://www.ccf.org.ph/message/resurrection-sunday/,17181,2021-07-27T05:15:31+00:00,"Our Hope is in Christ, The Risen Lord! - Christ's Commission Fellowship",118,1,1,1,0,2,0,,
200,sermon,sermon-sitemap,https://www.ccf.org.ph/message/s-e-e-family-as-jesus-does-am-runthrough/,https://www.ccf.org.ph/message/s-e-e-family-as-jesus-does-am-runthrough/,https://www.ccf.org.ph/message/s-e-e-family-as-jesus-does-am-runthrough/,35274,2024-10-02T01:30:20+00:00,S.E.E. Family As Jesus Does - AM - Runthrough - Christ's Commission Fellowship,418,1,1,1,0,2,2,,
200,sermon,sermon-sitemap,https://www.ccf.org.ph/message/s-e-e-family-as-jesus-does-am/,https://www.ccf.org.ph/message/s-e-e-family-as-jesus-does-am/,https://www.ccf.org.ph/message/s-e-e-family-as-jesus-does-am/,35230,2024-10-10T02:54:07+00:00,S.E.E. Family As Jesus Does - AM - Christ's Commission Fellowship,287,1,1,1,0,2,0,,
200,sermon,sermon-sitemap,https://www.ccf.org.ph/message/s-e-e-family-as-jesus-does-pm-runthrough/,https://www.ccf.org.ph/message/s-e-e-family-as-jesus-does-pm-runthrough/,https://www.ccf.org.ph/message/s-e-e-family-as-jesus-does-pm-runthrough/,35273,2024-10-02T01:31:10+00:00,S.E.E. Family As Jesus Does - PM - Runthrough - Christ's Commission Fellowship,490,1,1,1,0,2,2,,
200,sermon,sermon-sitemap,https://www.ccf.org.ph/message/s-e-e-family-as-jesus-does-pm/,https://www.ccf.org.ph/message/s-e-e-family-as-jesus-does-pm/,https://www.ccf.org.ph/message/s-e-e-family-as-jesus-does-pm/,35229,2024-10-10T02:54:29+00:00,S.E.E. Family As Jesus Does - PM - Christ's Commission Fellowship,345,1,1,1,0,2,0,,
200,sermon,sermon-sitemap,https://www.ccf.org.ph/message/s-e-r-v-e-power-holy-spirit/,https://www.ccf.org.ph/message/s-e-r-v-e-power-holy-spirit/,https://www.ccf.org.ph/message/s-e-r-v-e-power-holy-spirit/,14946,2019-03-24T01:00:11+00:00,S.E.R.V.E. by the Power of the Holy Spirit - Christ's Commission Fellowship,343,1,1,0,0,2,0,,
200,sermon,sermon-sitemap,https://www.ccf.org.ph/message/saved-share-2/,https://www.ccf.org.ph/message/saved-share-2/,https://www.ccf.org.ph/message/saved-share-2/,14650,2018-12-31T01:00:51+00:00,Saved to Share - Christ's Commission Fellowship,352,1,1,0,0,2,0,,
200,sermon,sermon-sitemap,https://www.ccf.org.ph/message/saved-to-share/,https://www.ccf.org.ph/message/saved-to-share/,https://www.ccf.org.ph/message/saved-to-share/,14648,2018-12-31T01:00:48+00:00,Saved to Share - Christ's Commission Fellowship,352,1,1,0,0,2,0,,
200,sermon,sermon-sitemap,https://www.ccf.org.ph/message/secret-true-joy-live-christ-centered-life/,https://www.ccf.org.ph/message/secret-true-joy-live-christ-centered-life/,https://www.ccf.org.ph/message/secret-true-joy-live-christ-centered-life/,16525,2020-03-09T01:00:10+00:00,The Secret To True Joy: Live A Christ-Centered Life! - Christ's Commission Fellowship,132,1,0,0,0,2,0,,
200,sermon,sermon-sitemap,https://www.ccf.org.ph/message/serve-christ-am/,https://www.ccf.org.ph/message/serve-christ-am/,https://www.ccf.org.ph/message/serve-christ-am/,27013,2023-11-11T11:12:34+00:00,Serve Christ - AM - Christ's Commission Fellowship,422,1,1,1,0,2,0,,
200,sermon,sermon-sitemap,https://www.ccf.org.ph/message/serve-christ-pm/,https://www.ccf.org.ph/message/serve-christ-pm/,https://www.ccf.org.ph/message/serve-christ-pm/,27018,2023-11-11T11:11:55+00:00,Serve Christ - PM - Christ's Commission Fellowship,527,1,1,1,0,2,0,,
200,sermon,sermon-sitemap,https://www.ccf.org.ph/message/serving-serve-god/,https://www.ccf.org.ph/message/serving-serve-god/,https://www.ccf.org.ph/message/serving-serve-god/,14578,2018-11-26T01:00:54+00:00,Who Are You Serving? Serve God. - Christ's Commission Fellowship,421,1,1,0,0,2,0,,
200,sermon,sermon-sitemap,https://www.ccf.org.ph/message/set-mind-christ-afn/,https://www.ccf.org.ph/message/set-mind-christ-afn/,https://www.ccf.org.ph/message/set-mind-christ-afn/,12992,2018-01-11T10:13:13+00:00,Set Your Mind on Christ - Christ's Commission Fellowship,103,1,1,0,0,2,0,,
200,sermon,sermon-sitemap,https://www.ccf.org.ph/message/set-mind-christ/,https://www.ccf.org.ph/message/set-mind-christ/,https://www.ccf.org.ph/message/set-mind-christ/,12993,2018-01-11T10:12:50+00:00,Set Your Mind on Christ - Christ's Commission Fellowship,103,1,1,0,0,2,0,,
200,sermon,sermon-sitemap,https://www.ccf.org.ph/message/sit-at-the-feet-of-jesus/,https://www.ccf.org.ph/message/sit-at-the-feet-of-jesus/,https://www.ccf.org.ph/message/sit-at-the-feet-of-jesus/,16270,2020-01-21T09:29:22+00:00,Pursue the One Thing: Sit at the Feet of Jesus - Christ's Commission Fellowship,126,1,1,0,0,2,0,,
200,sermon,sermon-sitemap,https://www.ccf.org.ph/message/stand-firm-2/,https://www.ccf.org.ph/message/stand-firm-2/,https://www.ccf.org.ph/message/stand-firm-2/,17485,2021-07-27T05:28:54+00:00,Stand Firm - PM - Christ's Commission Fellowship,95,1,1,1,0,2,0,,
200,sermon,sermon-sitemap,https://www.ccf.org.ph/message/stand-firm/,https://www.ccf.org.ph/message/stand-firm/,https://www.ccf.org.ph/message/stand-firm/,17483,2021-07-27T05:28:12+00:00,Stand Firm - AM - Christ's Commission Fellowship,94,1,1,1,0,2,0,,
200,sermon,sermon-sitemap,https://www.ccf.org.ph/message/still-know-god-2/,https://www.ccf.org.ph/message/still-know-god-2/,https://www.ccf.org.ph/message/still-know-god-2/,18394,2021-07-27T06:48:55+00:00,Be Still and Know I Am God - PM - Christ's Commission Fellowship,111,1,1,1,0,2,0,,
200,sermon,sermon-sitemap,https://www.ccf.org.ph/message/still-know-god/,https://www.ccf.org.ph/message/still-know-god/,https://www.ccf.org.ph/message/still-know-god/,18392,2021-07-27T06:48:48+00:00,Be Still and Know I Am God - AM - Christ's Commission Fellowship,111,1,1,1,0,2,0,,
200,sermon,sermon-sitemap,https://www.ccf.org.ph/message/stop-grabbing/,https://www.ccf.org.ph/message/stop-grabbing/,https://www.ccf.org.ph/message/stop-grabbing/,12492,2017-09-12T03:42:34+00:00,Stop Grabbing - Christ's Commission Fellowship,246,1,1,0,0,2,0,,
200,sermon,sermon-sitemap,https://www.ccf.org.ph/message/study-apply-teach-bible-2/,https://www.ccf.org.ph/message/study-apply-teach-bible-2/,https://www.ccf.org.ph/message/study-apply-teach-bible-2/,15316,2019-07-01T01:00:36+00:00,"Study, Apply, and Teach the Bible - Christ's Commission Fellowship",541,1,1,0,0,2,0,,
200,sermon,sermon-sitemap,https://www.ccf.org.ph/message/study-apply-teach-bible/,https://www.ccf.org.ph/message/study-apply-teach-bible/,https://www.ccf.org.ph/message/study-apply-teach-bible/,15311,2019-07-01T01:00:10+00:00,"Study, Apply, and Teach the Bible - Christ's Commission Fellowship",541,1,1,0,0,2,0,,
200,sermon,sermon-sitemap,https://www.ccf.org.ph/message/succeed-at-work/,https://www.ccf.org.ph/message/succeed-at-work/,https://www.ccf.org.ph/message/succeed-at-work/,13590,2018-05-24T07:51:00+00:00,Succeed at Work - Christ's Commission Fellowship,95,1,1,0,0,2,0,,
200,sermon,sermon-sitemap,https://www.ccf.org.ph/message/succeed-balancing-life-afn/,https://www.ccf.org.ph/message/succeed-balancing-life-afn/,https://www.ccf.org.ph/message/succeed-balancing-life-afn/,13702,2018-05-24T07:57:00+00:00,Succeed In Balancing Life - Christ's Commission Fellowship,105,1,1,0,0,2,0,,
200,sermon,sermon-sitemap,https://www.ccf.org.ph/message/succeed-balancing-life/,https://www.ccf.org.ph/message/succeed-balancing-life/,https://www.ccf.org.ph/message/succeed-balancing-life/,13703,2018-05-24T07:56:55+00:00,Succeed In Balancing Life - Christ's Commission Fellowship,105,1,1,0,0,2,0,,
200,sermon,sermon-sitemap,https://www.ccf.org.ph/message/succeed-family-relationships-afn/,https://www.ccf.org.ph/message/succeed-family-relationships-afn/,https://www.ccf.org.ph/message/succeed-family-relationships-afn/,13718,2018-05-24T07:58:40+00:00,Succeed In Family Relationships - Christ's Commission Fellowship,111,1,1,0,0,2,0,,
200,sermon,sermon-sitemap,https://www.ccf.org.ph/message/succeed-family-relationships-embrace-restoration-afn/,https://www.ccf.org.ph/message/succeed-family-relationships-embrace-restoration-afn/,https://www.ccf.org.ph/message/succeed-family-relationships-embrace-restoration-afn/,13737,2018-05-24T07:59:42+00:00,Succeed In Family Relationships: Embrace Restoration - Christ's Commission Fellowship,132,1,1,0,0,2,0,,
200,sermon,sermon-sitemap,https://www.ccf.org.ph/message/succeed-family-relationships-embrace-restoration/,https://www.ccf.org.ph/message/succeed-family-relationships-embrace-restoration/,https://www.ccf.org.ph/message/succeed-family-relationships-embrace-restoration/,13736,2018-05-24T07:59:50+00:00,Succeed In Family Relationships: Embrace Restoration - Christ's Commission Fellowship,132,1,1,0,0,2,0,,
200,sermon,sermon-sitemap,https://www.ccf.org.ph/message/succeed-family-relationships/,https://www.ccf.org.ph/message/succeed-family-relationships/,https://www.ccf.org.ph/message/succeed-family-relationships/,13717,2018-05-24T07:58:34+00:00,Succeed In Family Relationships - Christ's Commission Fellowship,111,1,1,0,0,2,0,,
200,sermon,sermon-sitemap,https://www.ccf.org.ph/message/succeed-in-finances-afn/,https://www.ccf.org.ph/message/succeed-in-finances-afn/,https://www.ccf.org.ph/message/succeed-in-finances-afn/,13643,2018-05-24T07:53:54+00:00,Succeed In Finances - Christ's Commission Fellowship,99,1,1,0,0,2,0,,
200,sermon,sermon-sitemap,https://www.ccf.org.ph/message/succeed-in-finances/,https://www.ccf.org.ph/message/succeed-in-finances/,https://www.ccf.org.ph/message/succeed-in-finances/,13642,2018-05-24T07:54:02+00:00,Succeed In Finances - Christ's Commission Fellowship,98,1,1,0,0,2,0,,
200,sermon,sermon-sitemap,https://www.ccf.org.ph/message/succeed-passing-godly-legacy/,https://www.ccf.org.ph/message/succeed-passing-godly-legacy/,https://www.ccf.org.ph/message/succeed-passing-godly-legacy/,13773,2018-05-24T08:02:06+00:00,Succeed In Passing A Godly Legacy - Christ's Commission Fellowship,112,1,1,0,0,2,0,,
200,sermon,sermon-sitemap,https://www.ccf.org.ph/message/sure-salvation-2/,https://www.ccf.org.ph/message/sure-salvation-2/,https://www.ccf.org.ph/message/sure-salvation-2/,14639,2018-12-24T01:00:26+00:00,Be Sure of Your Salvation - Christ's Commission Fellowship,105,1,1,0,0,2,0,,
200,sermon,sermon-sitemap,https://www.ccf.org.ph/message/surrender-your-needs-through-prayer-am/,https://www.ccf.org.ph/message/surrender-your-needs-through-prayer-am/,https://www.ccf.org.ph/message/surrender-your-needs-through-prayer-am/,31498,2024-01-15T01:38:39+00:00,Surrender Your Needs Through Prayer - AM - Christ's Commission Fellowship,402,1,1,1,0,2,0,,
200,sermon,sermon-sitemap,https://www.ccf.org.ph/message/surrender-your-needs-through-prayer-pm/,https://www.ccf.org.ph/message/surrender-your-needs-through-prayer-pm/,https://www.ccf.org.ph/message/surrender-your-needs-through-prayer-pm/,31499,2024-01-15T01:39:48+00:00,Surrender Your Needs Through Prayer - PM - Christ's Commission Fellowship,461,1,1,1,0,2,0,,
200,sermon,sermon-sitemap,https://www.ccf.org.ph/message/surrender-your-rights-am-runthrough/,https://www.ccf.org.ph/message/surrender-your-rights-am-runthrough/,https://www.ccf.org.ph/message/surrender-your-rights-am-runthrough/,27587,2023-11-04T02:02:43+00:00,Surrender Your Rights - AM - Runthrough - Christ's Commission Fellowship,470,1,1,1,0,2,2,,
200,sermon,sermon-sitemap,https://www.ccf.org.ph/message/surrender-your-rights-am/,https://www.ccf.org.ph/message/surrender-your-rights-am/,https://www.ccf.org.ph/message/surrender-your-rights-am/,26975,2023-11-11T11:05:18+00:00,Surrender Your Rights - AM - Christ's Commission Fellowship,407,1,1,1,0,2,0,,
200,sermon,sermon-sitemap,https://www.ccf.org.ph/message/surrender-your-rights-pm-runthrough/,https://www.ccf.org.ph/message/surrender-your-rights-pm-runthrough/,https://www.ccf.org.ph/message/surrender-your-rights-pm-runthrough/,27588,2023-11-04T02:02:49+00:00,Surrender Your Rights - PM - Runthrough - Christ's Commission Fellowship,564,1,1,1,0,2,2,,
200,sermon,sermon-sitemap,https://www.ccf.org.ph/message/surrender-your-rights-pm/,https://www.ccf.org.ph/message/surrender-your-rights-pm/,https://www.ccf.org.ph/message/surrender-your-rights-pm/,26979,2023-11-11T11:04:43+00:00,Surrender Your Rights - PM - Christ's Commission Fellowship,426,1,1,1,0,2,0,,
200,sermon,sermon-sitemap,https://www.ccf.org.ph/message/take-comfort-god-is-in-control-am-runthrough/,https://www.ccf.org.ph/message/take-comfort-god-is-in-control-am-runthrough/,https://www.ccf.org.ph/message/take-comfort-god-is-in-control-am-runthrough/,28805,2023-11-04T00:39:21+00:00,"Take Comfort, God is in Control - AM - Runthrough - Christ's Commission Fellowship",318,1,1,1,0,2,1,,
200,sermon,sermon-sitemap,https://www.ccf.org.ph/message/take-comfort-god-is-in-control-am/,https://www.ccf.org.ph/message/take-comfort-god-is-in-control-am/,https://www.ccf.org.ph/message/take-comfort-god-is-in-control-am/,27911,2023-10-30T07:43:39+00:00,"Take Comfort, God is in Control - AM - Christ's Commission Fellowship",315,1,1,1,0,2,0,,
200,sermon,sermon-sitemap,https://www.ccf.org.ph/message/take-comfort-god-is-in-control-pm-runthrough/,https://www.ccf.org.ph/message/take-comfort-god-is-in-control-pm-runthrough/,https://www.ccf.org.ph/message/take-comfort-god-is-in-control-pm-runthrough/,28809,2023-11-04T00:39:59+00:00,"Take Comfort, God is in Control - PM - Runthrough - Christ's Commission Fellowship",368,1,1,1,0,2,1,,
200,sermon,sermon-sitemap,https://www.ccf.org.ph/message/take-comfort-god-is-in-control-pm/,https://www.ccf.org.ph/message/take-comfort-god-is-in-control-pm/,https://www.ccf.org.ph/message/take-comfort-god-is-in-control-pm/,27912,2023-10-30T07:43:54+00:00,"Take Comfort, God is in Control - PM - Christ's Commission Fellowship",317,1,1,1,0,2,0,,
200,sermon,sermon-sitemap,https://www.ccf.org.ph/message/teach-am/,https://www.ccf.org.ph/message/teach-am/,https://www.ccf.org.ph/message/teach-am/,23206,2021-04-20T07:58:16+00:00,Teach - AM - Christ's Commission Fellowship,90,1,1,1,0,2,0,,
200,sermon,sermon-sitemap,https://www.ccf.org.ph/message/teach-pm/,https://www.ccf.org.ph/message/teach-pm/,https://www.ccf.org.ph/message/teach-pm/,23208,2021-04-20T07:58:50+00:00,Teach - PM - Christ's Commission Fellowship,90,1,1,1,0,2,0,,
200,sermon,sermon-sitemap,https://www.ccf.org.ph/message/the-art-of-survival/,https://www.ccf.org.ph/message/the-art-of-survival/,https://www.ccf.org.ph/message/the-art-of-survival/,27314,2023-10-28T18:35:09+00:00,The Art of Survival - Christ's Commission Fellowship,194,1,1,1,0,2,0,,
200,sermon,sermon-sitemap,https://www.ccf.org.ph/message/the-battle-within-am/,https://www.ccf.org.ph/message/the-battle-within-am/,https://www.ccf.org.ph/message/the-battle-within-am/,27945,2023-10-30T10:52:31+00:00,The Battle Within - AM - Christ's Commission Fellowship,299,1,1,1,0,2,0,,
200,sermon,sermon-sitemap,https://www.ccf.org.ph/message/the-battle-within-pm/,https://www.ccf.org.ph/message/the-battle-within-pm/,https://www.ccf.org.ph/message/the-battle-within-pm/,27946,2023-10-30T10:52:40+00:00,The Battle Within - PM - Christ's Commission Fellowship,316,1,1,1,0,2,0,,
200,sermon,sermon-sitemap,https://www.ccf.org.ph/message/the-battle-within-us-am-runthrough/,https://www.ccf.org.ph/message/the-battle-within-us-am-runthrough/,https://www.ccf.org.ph/message/the-battle-within-us-am-runthrough/,28802,2023-11-04T00:32:04+00:00,The Battle Within Us - AM - Runthrough - Christ's Commission Fellowship,305,1,1,1,0,2,1,,
200,sermon,sermon-sitemap,https://www.ccf.org.ph/message/the-battle-within-us-pm-runthrough/,https://www.ccf.org.ph/message/the-battle-within-us-pm-runthrough/,https://www.ccf.org.ph/message/the-battle-within-us-pm-runthrough/,28803,2023-11-04T00:32:40+00:00,The Battle Within Us - PM - Runthrough - Christ's Commission Fellowship,342,1,1,1,0,2,1,,
200,sermon,sermon-sitemap,https://www.ccf.org.ph/message/the-best-news-am/,https://www.ccf.org.ph/message/the-best-news-am/,https://www.ccf.org.ph/message/the-best-news-am/,27970,2023-10-30T17:25:55+00:00,The Best News - AM - Christ's Commission Fellowship,288,1,1,1,0,2,0,,
200,sermon,sermon-sitemap,https://www.ccf.org.ph/message/the-best-news-pm/,https://www.ccf.org.ph/message/the-best-news-pm/,https://www.ccf.org.ph/message/the-best-news-pm/,27971,2023-10-30T17:26:09+00:00,The Best News - PM - Christ's Commission Fellowship,340,1,1,1,0,2,0,,
200,sermon,sermon-sitemap,https://www.ccf.org.ph/message/the-best-news-the-one-solution-am-runthrough/,https://www.ccf.org.ph/message/the-best-news-the-one-solution-am-runthrough/,https://www.ccf.org.ph/message/the-best-news-the-one-solution-am-runthrough/,28793,2023-11-04T00:28:23+00:00,The Best News: The One Solution! - AM - Runthrough - Christ's Commission Fellowship,312,1,1,1,0,2,1,,
200,sermon,sermon-sitemap,https://www.ccf.org.ph/message/the-best-news-the-one-solution-pm-runthrough/,https://www.ccf.org.ph/message/the-best-news-the-one-solution-pm-runthrough/,https://www.ccf.org.ph/message/the-best-news-the-one-solution-pm-runthrough/,28798,2023-11-04T00:29:04+00:00,The Best News: The One Solution! - PM - Runthrough - Christ's Commission Fellowship,362,1,1,1,0,2,1,,
200,sermon,sermon-sitemap,https://www.ccf.org.ph/message/the-best-news-you-can-be-sure-of-heaven-am-runthrough/,https://www.ccf.org.ph/message/the-best-news-you-can-be-sure-of-heaven-am-runthrough/,https://www.ccf.org.ph/message/the-best-news-you-can-be-sure-of-heaven-am-runthrough/,28790,2023-11-03T16:49:46+00:00,The Best News: You Can Be Sure Of Heaven - AM - Runthrough - Christ's Commission Fellowship,334,1,1,1,0,2,1,,
200,sermon,sermon-sitemap,https://www.ccf.org.ph/message/the-best-news-you-can-be-sure-of-heaven-pm-runthrough/,https://www.ccf.org.ph/message/the-best-news-you-can-be-sure-of-heaven-pm-runthrough/,https://www.ccf.org.ph/message/the-best-news-you-can-be-sure-of-heaven-pm-runthrough/,28788,2023-11-03T16:50:22+00:00,The Best News: You Can Be Sure Of Heaven - PM - Runthrough - Christ's Commission Fellowship,383,1,1,1,0,2,1,,
200,sermon,sermon-sitemap,https://www.ccf.org.ph/message/the-best-solution-jesus-the-one-am/,https://www.ccf.org.ph/message/the-best-solution-jesus-the-one-am/,https://www.ccf.org.ph/message/the-best-solution-jesus-the-one-am/,27958,2023-10-30T16:54:18+00:00,"The Best Solution: Jesus, ""the One!"" - AM - Christ's Commission Fellowship",333,1,1,1,0,2,0,,
200,sermon,sermon-sitemap,https://www.ccf.org.ph/message/the-best-solution-jesus-the-one-pm/,https://www.ccf.org.ph/message/the-best-solution-jesus-the-one-pm/,https://www.ccf.org.ph/message/the-best-solution-jesus-the-one-pm/,27960,2023-10-30T16:54:28+00:00,"The Best Solution: Jesus, ""the One!"" - PM - Christ's Commission Fellowship",371,1,1,1,0,2,0,,
200,sermon,sermon-sitemap,https://www.ccf.org.ph/message/the-end-is-only-the-beginning-am-runthrough/,https://www.ccf.org.ph/message/the-end-is-only-the-beginning-am-runthrough/,https://www.ccf.org.ph/message/the-end-is-only-the-beginning-am-runthrough/,26873,2021-07-22T03:10:28+00:00,The End Is Only The Beginning - AM - Runthrough - Christ's Commission Fellowship,127,1,1,1,0,2,0,,
200,sermon,sermon-sitemap,https://www.ccf.org.ph/message/the-end-is-only-the-beginning-am/,https://www.ccf.org.ph/message/the-end-is-only-the-beginning-am/,https://www.ccf.org.ph/message/the-end-is-only-the-beginning-am/,26860,2021-07-19T05:57:54+00:00,The End Is Only The Beginning - AM - Christ's Commission Fellowship,102,1,1,1,0,2,0,,
200,sermon,sermon-sitemap,https://www.ccf.org.ph/message/the-end-is-only-the-beginning-pm-runthrough/,https://www.ccf.org.ph/message/the-end-is-only-the-beginning-pm-runthrough/,https://www.ccf.org.ph/message/the-end-is-only-the-beginning-pm-runthrough/,26874,2021-07-21T11:37:41+00:00,The End Is Only The Beginning - PM - Runthrough - Christ's Commission Fellowship,127,1,1,1,0,2,0,,
200,sermon,sermon-sitemap,https://www.ccf.org.ph/message/the-end-is-only-the-beginning-pm/,https://www.ccf.org.ph/message/the-end-is-only-the-beginning-pm/,https://www.ccf.org.ph/message/the-end-is-only-the-beginning-pm/,26861,2021-07-19T06:00:20+00:00,The End Is Only The Beginning - PM - Christ's Commission Fellowship,101,1,1,1,0,2,0,,
200,sermon,sermon-sitemap,https://www.ccf.org.ph/message/the-family-that-flourishes-am-runthrough/,https://www.ccf.org.ph/message/the-family-that-flourishes-am-runthrough/,https://www.ccf.org.ph/message/the-family-that-flourishes-am-runthrough/,35210,2024-09-25T01:52:55+00:00,The Family That Flourishes - AM - Runthrough - Christ's Commission Fellowship,559,1,1,1,0,2,2,,
200,sermon,sermon-sitemap,https://www.ccf.org.ph/message/the-family-that-flourishes-am/,https://www.ccf.org.ph/message/the-family-that-flourishes-am/,https://www.ccf.org.ph/message/the-family-that-flourishes-am/,35184,2024-09-29T14:58:52+00:00,The Family That Flourishes - AM - Christ's Commission Fellowship,284,1,1,1,0,2,0,,
200,sermon,sermon-sitemap,https://www.ccf.org.ph/message/the-lord-is-my-shepherd/,https://www.ccf.org.ph/message/the-lord-is-my-shepherd/,https://www.ccf.org.ph/message/the-lord-is-my-shepherd/,18207,2020-06-16T05:06:33+00:00,The Lord is my Shepherd - Christ's Commission Fellowship,103,1,1,1,0,2,0,,
200,sermon,sermon-sitemap,https://www.ccf.org.ph/message/the-love-driven-life-am-runthrough/,https://www.ccf.org.ph/message/the-love-driven-life-am-runthrough/,https://www.ccf.org.ph/message/the-love-driven-life-am-runthrough/,28277,2023-11-04T02:09:55+00:00,The Love-Driven Life - AM - Runthrough - Christ's Commission Fellowship,449,1,1,1,0,2,2,,
200,sermon,sermon-sitemap,https://www.ccf.org.ph/message/the-love-driven-life-am/,https://www.ccf.org.ph/message/the-love-driven-life-am/,https://www.ccf.org.ph/message/the-love-driven-life-am/,27893,2023-11-11T11:00:50+00:00,The Love-Driven Life - AM - Christ's Commission Fellowship,349,1,1,1,0,2,0,,
200,sermon,sermon-sitemap,https://www.ccf.org.ph/message/the-love-driven-life-pm-runthrough/,https://www.ccf.org.ph/message/the-love-driven-life-pm-runthrough/,https://www.ccf.org.ph/message/the-love-driven-life-pm-runthrough/,28278,2023-11-14T01:35:34+00:00,The Love-Driven Life - PM - Runthrough - Christ's Commission Fellowship,522,1,1,1,0,2,2,,
200,sermon,sermon-sitemap,https://www.ccf.org.ph/message/the-love-driven-life-pm/,https://www.ccf.org.ph/message/the-love-driven-life-pm/,https://www.ccf.org.ph/message/the-love-driven-life-pm/,27894,2023-11-11T10:57:35+00:00,The Love-Driven Life - PM - Christ's Commission Fellowship,367,1,1,1,0,2,0,,
200,sermon,sermon-sitemap,https://www.ccf.org.ph/message/the-mystery-of-the-rapture/,https://www.ccf.org.ph/message/the-mystery-of-the-rapture/,https://www.ccf.org.ph/message/the-mystery-of-the-rapture/,10678,2017-02-02T13:26:23+00:00,The Mystery of the Rapture - Christ's Commission Fellowship,152,1,1,0,0,2,0,,
200,sermon,sermon-sitemap,https://www.ccf.org.ph/message/the-passing-and-the-abiding/,https://www.ccf.org.ph/message/the-passing-and-the-abiding/,https://www.ccf.org.ph/message/the-passing-and-the-abiding/,13506,2018-05-24T07:48:13+00:00,The Passing and the Abiding - Christ's Commission Fellowship,106,1,1,0,0,2,0,,
200,sermon,sermon-sitemap,https://www.ccf.org.ph/message/the-peace-process/,https://www.ccf.org.ph/message/the-peace-process/,https://www.ccf.org.ph/message/the-peace-process/,10783,2017-02-05T16:01:44+00:00,The Peace Process - Christ's Commission Fellowship,252,1,1,0,0,2,0,,
200,sermon,sermon-sitemap,https://www.ccf.org.ph/message/the-power-to-win-its-not-me-but-christ-in-me-am-runthrough/,https://www.ccf.org.ph/message/the-power-to-win-its-not-me-but-christ-in-me-am-runthrough/,https://www.ccf.org.ph/message/the-power-to-win-its-not-me-but-christ-in-me-am-runthrough/,28811,2023-11-04T00:35:30+00:00,The Power to Win: It’s Not Me But Christ In Me - AM - Runthrough - Christ's Commission Fellowship,333,1,1,1,0,2,1,,
200,sermon,sermon-sitemap,https://www.ccf.org.ph/message/the-power-to-win-its-not-me-but-christ-in-me-am/,https://www.ccf.org.ph/message/the-power-to-win-its-not-me-but-christ-in-me-am/,https://www.ccf.org.ph/message/the-power-to-win-its-not-me-but-christ-in-me-am/,27939,2023-10-30T09:21:08+00:00,The Power to Win: It’s Not Me But Christ In Me - AM - Christ's Commission Fellowship,309,1,1,1,0,2,0,,
200,sermon,sermon-sitemap,https://www.ccf.org.ph/message/the-power-to-win-its-not-me-but-christ-in-me-pm-runthrough/,https://www.ccf.org.ph/message/the-power-to-win-its-not-me-but-christ-in-me-pm-runthrough/,https://www.ccf.org.ph/message/the-power-to-win-its-not-me-but-christ-in-me-pm-runthrough/,28813,2023-11-04T00:36:07+00:00,The Power to Win: It’s Not Me But Christ In Me - PM - Runthrough - Christ's Commission Fellowship,372,1,0,1,0,2,1,,
200,sermon,sermon-sitemap,https://www.ccf.org.ph/message/the-power-to-win-its-not-me-but-christ-in-me-pm/,https://www.ccf.org.ph/message/the-power-to-win-its-not-me-but-christ-in-me-pm/,https://www.ccf.org.ph/message/the-power-to-win-its-not-me-but-christ-in-me-pm/,27938,2023-10-30T09:20:58+00:00,The Power to Win: It’s Not Me But Christ In Me - PM - Christ's Commission Fellowship,319,1,1,1,0,2,0,,
200,sermon,sermon-sitemap,https://www.ccf.org.ph/message/the-reason-for-our-hope-am-runthrough/,https://www.ccf.org.ph/message/the-reason-for-our-hope-am-runthrough/,https://www.ccf.org.ph/message/the-reason-for-our-hope-am-runthrough/,28763,2023-11-03T16:31:16+00:00,The Reason For Our Hope - AM - Runthrough - Christ's Commission Fellowship,345,1,1,1,0,2,1,,
200,sermon,sermon-sitemap,https://www.ccf.org.ph/message/the-reason-for-our-hope-am/,https://www.ccf.org.ph/message/the-reason-for-our-hope-am/,https://www.ccf.org.ph/message/the-reason-for-our-hope-am/,28020,2023-10-30T20:59:47+00:00,The Reason For Our Hope - AM - Christ's Commission Fellowship,292,1,1,1,0,2,0,,
200,sermon,sermon-sitemap,https://www.ccf.org.ph/message/the-reason-for-our-hope-pm-runthrough/,https://www.ccf.org.ph/message/the-reason-for-our-hope-pm-runthrough/,https://www.ccf.org.ph/message/the-reason-for-our-hope-pm-runthrough/,28764,2023-11-03T16:31:56+00:00,The Reason For Our Hope - PM - Runthrough - Christ's Commission Fellowship,399,1,0,1,0,2,1,,
200,sermon,sermon-sitemap,https://www.ccf.org.ph/message/the-reason-for-our-hope-pm/,https://www.ccf.org.ph/message/the-reason-for-our-hope-pm/,https://www.ccf.org.ph/message/the-reason-for-our-hope-pm/,28021,2023-10-30T21:00:10+00:00,The Reason For Our Hope - PM - Christ's Commission Fellowship,354,1,1,1,0,2,0,,
200,sermon,sermon-sitemap,https://www.ccf.org.ph/message/the-resurrection-love-brings-hope-am-runthrough/,https://www.ccf.org.ph/message/the-resurrection-love-brings-hope-am-runthrough/,https://www.ccf.org.ph/message/the-resurrection-love-brings-hope-am-runthrough/,33257,2024-04-22T02:36:55+00:00,The Resurrection: Love Brings Hope - AM - Runthrough - Christ's Commission Fellowship,512,1,1,1,0,2,2,,
200,sermon,sermon-sitemap,https://www.ccf.org.ph/message/the-resurrection-love-brings-hope-am/,https://www.ccf.org.ph/message/the-resurrection-love-brings-hope-am/,https://www.ccf.org.ph/message/the-resurrection-love-brings-hope-am/,33082,2024-04-01T01:29:19+00:00,The Resurrection: Love Brings Hope - AM - Christ's Commission Fellowship,342,1,1,1,0,2,0,,
200,sermon,sermon-sitemap,https://www.ccf.org.ph/message/the-resurrection-love-brings-hope-pm-runthrough/,https://www.ccf.org.ph/message/the-resurrection-love-brings-hope-pm-runthrough/,https://www.ccf.org.ph/message/the-resurrection-love-brings-hope-pm-runthrough/,33260,2024-04-22T02:37:02+00:00,The Resurrection: Love Brings Hope - PM - Runthrough - Christ's Commission Fellowship,625,1,1,1,0,2,2,,
200,sermon,sermon-sitemap,https://www.ccf.org.ph/message/the-resurrection-love-brings-hope-pm/,https://www.ccf.org.ph/message/the-resurrection-love-brings-hope-pm/,https://www.ccf.org.ph/message/the-resurrection-love-brings-hope-pm/,33083,2024-04-01T01:31:08+00:00,The Resurrection: Love Brings Hope - PM - Christ's Commission Fellowship,337,1,1,1,0,2,0,,
200,sermon,sermon-sitemap,https://www.ccf.org.ph/message/the-secret-of-rest-2/,https://www.ccf.org.ph/message/the-secret-of-rest-2/,https://www.ccf.org.ph/message/the-secret-of-rest-2/,19806,2021-07-27T06:30:21+00:00,The Secret of Rest in Times of Stress - PM - Christ's Commission Fellowship,122,1,1,1,0,2,0,,
200,sermon,sermon-sitemap,https://www.ccf.org.ph/message/the-secret-of-rest/,https://www.ccf.org.ph/message/the-secret-of-rest/,https://www.ccf.org.ph/message/the-secret-of-rest/,19801,2021-07-27T06:29:49+00:00,The Secret of Rest in Times of Stress - AM - Christ's Commission Fellowship,121,1,1,1,0,2,0,,
200,sermon,sermon-sitemap,https://www.ccf.org.ph/message/the-unfathomable-love-of-god-am-runthrough/,https://www.ccf.org.ph/message/the-unfathomable-love-of-god-am-runthrough/,https://www.ccf.org.ph/message/the-unfathomable-love-of-god-am-runthrough/,33253,2024-04-22T02:38:14+00:00,The Unfathomable Love of God - AM - Runthrough - Christ's Commission Fellowship,430,1,1,1,0,2,2,,
200,sermon,sermon-sitemap,https://www.ccf.org.ph/message/the-unfathomable-love-of-god-am/,https://www.ccf.org.ph/message/the-unfathomable-love-of-god-am/,https://www.ccf.org.ph/message/the-unfathomable-love-of-god-am/,33213,2024-04-17T06:53:54+00:00,The Unfathomable Love of God - AM - Christ's Commission Fellowship,237,1,1,1,0,2,0,,
200,sermon,sermon-sitemap,https://www.ccf.org.ph/message/the-unfathomable-love-of-god-pm-runthrough/,https://www.ccf.org.ph/message/the-unfathomable-love-of-god-pm-runthrough/,https://www.ccf.org.ph/message/the-unfathomable-love-of-god-pm-runthrough/,33255,2024-04-22T02:38:08+00:00,The Unfathomable Love of God - PM - Runthrough - Christ's Commission Fellowship,478,1,1,1,0,2,2,,
200,sermon,sermon-sitemap,https://www.ccf.org.ph/message/the-unfathomable-love-of-god-pm/,https://www.ccf.org.ph/message/the-unfathomable-love-of-god-pm/,https://www.ccf.org.ph/message/the-unfathomable-love-of-god-pm/,33214,2024-04-15T01:46:45+00:00,The Unfathomable Love of God - PM - Christ's Commission Fellowship,234,1,1,1,0,2,0,,
200,sermon,sermon-sitemap,https://www.ccf.org.ph/message/the-whys-of-blessing-am/,https://www.ccf.org.ph/message/the-whys-of-blessing-am/,https://www.ccf.org.ph/message/the-whys-of-blessing-am/,34560,2024-07-27T05:47:21+00:00,The Why's Of Blessing - AM - Christ's Commission Fellowship,289,1,1,1,0,2,0,,
200,sermon,sermon-sitemap,https://www.ccf.org.ph/message/the-whys-of-blessing-pm/,https://www.ccf.org.ph/message/the-whys-of-blessing-pm/,https://www.ccf.org.ph/message/the-whys-of-blessing-pm/,34563,2024-07-27T05:46:17+00:00,The Why's Of Blessing - PM - Christ's Commission Fellowship,316,1,1,1,0,2,0,,
200,sermon,sermon-sitemap,https://www.ccf.org.ph/message/the-whys-of-gods-blessing-am-runthrough/,https://www.ccf.org.ph/message/the-whys-of-gods-blessing-am-runthrough/,https://www.ccf.org.ph/message/the-whys-of-gods-blessing-am-runthrough/,34584,2024-07-23T15:12:07+00:00,The Whys of God’s Blessing - AM - Runthrough - Christ's Commission Fellowship,380,1,1,1,0,2,2,,
200,sermon,sermon-sitemap,https://www.ccf.org.ph/message/the-wonder-of-christmas-afn/,https://www.ccf.org.ph/message/the-wonder-of-christmas-afn/,https://www.ccf.org.ph/message/the-wonder-of-christmas-afn/,13139,2018-01-11T09:05:16+00:00,The Wonder of Christmas - Christ's Commission Fellowship,103,1,1,0,0,2,0,,
200,sermon,sermon-sitemap,https://www.ccf.org.ph/message/the-wonder-of-christmas/,https://www.ccf.org.ph/message/the-wonder-of-christmas/,https://www.ccf.org.ph/message/the-wonder-of-christmas/,13137,2018-01-11T09:04:00+00:00,The Wonder of Christmas - Christ's Commission Fellowship,102,1,1,0,0,2,0,,
200,sermon,sermon-sitemap,https://www.ccf.org.ph/message/think-right-2/,https://www.ccf.org.ph/message/think-right-2/,https://www.ccf.org.ph/message/think-right-2/,17570,2021-07-27T06:44:40+00:00,Think Right - PM - Christ's Commission Fellowship,95,1,1,1,0,2,0,,
200,sermon,sermon-sitemap,https://www.ccf.org.ph/message/think-right/,https://www.ccf.org.ph/message/think-right/,https://www.ccf.org.ph/message/think-right/,17568,2021-07-27T06:44:27+00:00,Think Right - AM - Christ's Commission Fellowship,95,1,1,1,0,2,0,,
200,sermon,sermon-sitemap,https://www.ccf.org.ph/message/three-words-extraordinary-life/,https://www.ccf.org.ph/message/three-words-extraordinary-life/,https://www.ccf.org.ph/message/three-words-extraordinary-life/,16241,2020-01-06T01:00:51+00:00,Three Words for an Extraordinary Life: “Here I Am!” - Christ's Commission Fellowship,427,1,1,0,0,2,0,,
200,sermon,sermon-sitemap,https://www.ccf.org.ph/message/to-finish-well-keep-on-growing-am/,https://www.ccf.org.ph/message/to-finish-well-keep-on-growing-am/,https://www.ccf.org.ph/message/to-finish-well-keep-on-growing-am/,27120,2023-11-11T11:21:06+00:00,"To Finish Well, Keep on Growing - AM - Christ's Commission Fellowship",363,1,1,1,0,2,0,,
200,sermon,sermon-sitemap,https://www.ccf.org.ph/message/to-finish-well-keep-on-growing-pm/,https://www.ccf.org.ph/message/to-finish-well-keep-on-growing-pm/,https://www.ccf.org.ph/message/to-finish-well-keep-on-growing-pm/,27122,2023-11-11T11:20:42+00:00,"To Finish Well, Keep on Growing - PM - Christ's Commission Fellowship",476,1,1,1,0,2,0,,
200,sermon,sermon-sitemap,https://www.ccf.org.ph/message/to-finish-well-live-in-gods-presence-am/,https://www.ccf.org.ph/message/to-finish-well-live-in-gods-presence-am/,https://www.ccf.org.ph/message/to-finish-well-live-in-gods-presence-am/,27144,2023-10-28T16:58:23+00:00,"To Finish Well, Live In God’s Presence - AM - Christ's Commission Fellowship",413,1,1,1,0,2,1,,
200,sermon,sermon-sitemap,https://www.ccf.org.ph/message/to-finish-well-live-in-gods-presence-pm/,https://www.ccf.org.ph/message/to-finish-well-live-in-gods-presence-pm/,https://www.ccf.org.ph/message/to-finish-well-live-in-gods-presence-pm/,27145,2023-10-28T16:58:37+00:00,"To Finish Well, Live In God’s Presence - PM - Christ's Commission Fellowship",476,1,1,1,0,2,1,,
200,sermon,sermon-sitemap,https://www.ccf.org.ph/message/together-lets-abound-in-gods-work-am-runthrough/,https://www.ccf.org.ph/message/together-lets-abound-in-gods-work-am-runthrough/,https://www.ccf.org.ph/message/together-lets-abound-in-gods-work-am-runthrough/,30087,2023-11-29T03:51:48+00:00,"Together, Let's Abound in God's Work - AM - Runthrough - Christ's Commission Fellowship",423,1,1,1,0,2,2,,
200,sermon,sermon-sitemap,https://www.ccf.org.ph/message/together-lets-abound-in-gods-work-am/,https://www.ccf.org.ph/message/together-lets-abound-in-gods-work-am/,https://www.ccf.org.ph/message/together-lets-abound-in-gods-work-am/,29911,2023-11-29T02:07:21+00:00,"Together, Let's Abound In God's Work - AM - Christ's Commission Fellowship",522,1,1,1,0,2,0,,
200,sermon,sermon-sitemap,https://www.ccf.org.ph/message/together-lets-abound-in-gods-work-pm-runthrough/,https://www.ccf.org.ph/message/together-lets-abound-in-gods-work-pm-runthrough/,https://www.ccf.org.ph/message/together-lets-abound-in-gods-work-pm-runthrough/,30091,2023-11-29T03:52:33+00:00,"Together, Let's Abound in God's Work - PM - Runthrough - Christ's Commission Fellowship",436,1,1,1,0,2,2,,
200,sermon,sermon-sitemap,https://www.ccf.org.ph/message/together-lets-abound-in-gods-work-pm/,https://www.ccf.org.ph/message/together-lets-abound-in-gods-work-pm/,https://www.ccf.org.ph/message/together-lets-abound-in-gods-work-pm/,29912,2023-11-29T02:08:44+00:00,"Together, Let's Abound In God's Work - PM - Christ's Commission Fellowship",506,1,1,1,0,2,0,,
200,sermon,sermon-sitemap,https://www.ccf.org.ph/message/train-am/,https://www.ccf.org.ph/message/train-am/,https://www.ccf.org.ph/message/train-am/,23117,2021-04-20T07:59:53+00:00,Train - AM - Christ's Commission Fellowship,90,1,1,1,0,2,0,,
200,sermon,sermon-sitemap,https://www.ccf.org.ph/message/train-pm/,https://www.ccf.org.ph/message/train-pm/,https://www.ccf.org.ph/message/train-pm/,23118,2021-04-20T08:01:04+00:00,Train - PM - Christ's Commission Fellowship,89,1,1,1,0,2,0,,
200,sermon,sermon-sitemap,https://www.ccf.org.ph/message/training-for-victorious-faith-am/,https://www.ccf.org.ph/message/training-for-victorious-faith-am/,https://www.ccf.org.ph/message/training-for-victorious-faith-am/,27324,2023-10-28T18:39:50+00:00,Training For Victorious Faith - AM - Christ's Commission Fellowship,373,1,1,1,0,2,0,,
200,sermon,sermon-sitemap,https://www.ccf.org.ph/message/training-for-victorious-faith-pm/,https://www.ccf.org.ph/message/training-for-victorious-faith-pm/,https://www.ccf.org.ph/message/training-for-victorious-faith-pm/,27323,2023-10-28T18:39:56+00:00,Training For Victorious Faith - PM - Christ's Commission Fellowship,347,1,1,1,0,2,0,,
200,sermon,sermon-sitemap,https://www.ccf.org.ph/message/treat-others-way-want-treated/,https://www.ccf.org.ph/message/treat-others-way-want-treated/,https://www.ccf.org.ph/message/treat-others-way-want-treated/,14632,2018-12-17T01:00:06+00:00,Treat Others the Way You Want to Be Treated. - Christ's Commission Fellowship,580,1,1,0,0,2,0,,
200,sermon,sermon-sitemap,https://www.ccf.org.ph/message/true-blessing-is-not-about-us-runthrough/,https://www.ccf.org.ph/message/true-blessing-is-not-about-us-runthrough/,https://www.ccf.org.ph/message/true-blessing-is-not-about-us-runthrough/,28699,2023-11-03T15:37:34+00:00,True Blessing Is Not About Us - Runthrough - Christ's Commission Fellowship,367,1,1,1,0,2,1,,
200,sermon,sermon-sitemap,https://www.ccf.org.ph/message/true-blessing-is-not-about-us/,https://www.ccf.org.ph/message/true-blessing-is-not-about-us/,https://www.ccf.org.ph/message/true-blessing-is-not-about-us/,28242,2023-10-31T12:05:56+00:00,True Blessing Is Not About Us - Christ's Commission Fellowship,359,1,0,1,0,2,1,,
200,sermon,sermon-sitemap,https://www.ccf.org.ph/message/true-freedom-know-your-new-master-am-runthrough/,https://www.ccf.org.ph/message/true-freedom-know-your-new-master-am-runthrough/,https://www.ccf.org.ph/message/true-freedom-know-your-new-master-am-runthrough/,28800,2023-11-04T00:30:47+00:00,True Freedom: Know Your New Master - AM - Runthrough - Christ's Commission Fellowship,317,1,1,1,0,2,1,,
200,sermon,sermon-sitemap,https://www.ccf.org.ph/message/true-freedom-know-your-new-master-am/,https://www.ccf.org.ph/message/true-freedom-know-your-new-master-am/,https://www.ccf.org.ph/message/true-freedom-know-your-new-master-am/,27949,2023-10-30T10:58:33+00:00,True Freedom: Know Your New Master - AM - Christ's Commission Fellowship,323,1,1,1,0,2,0,,
200,sermon,sermon-sitemap,https://www.ccf.org.ph/message/true-freedom-know-your-new-master-pm-runthrough/,https://www.ccf.org.ph/message/true-freedom-know-your-new-master-pm-runthrough/,https://www.ccf.org.ph/message/true-freedom-know-your-new-master-pm-runthrough/,28801,2023-11-04T00:31:26+00:00,True Freedom: Know Your New Master - PM - Runthrough - Christ's Commission Fellowship,353,1,1,1,0,2,1,,
200,sermon,sermon-sitemap,https://www.ccf.org.ph/message/true-freedom-know-your-new-master-pm/,https://www.ccf.org.ph/message/true-freedom-know-your-new-master-pm/,https://www.ccf.org.ph/message/true-freedom-know-your-new-master-pm/,27950,2023-10-30T10:58:47+00:00,True Freedom: Know Your New Master - PM - Christ's Commission Fellowship,364,1,1,1,0,2,0,,
200,sermon,sermon-sitemap,https://www.ccf.org.ph/message/true-love-endures-am/,https://www.ccf.org.ph/message/true-love-endures-am/,https://www.ccf.org.ph/message/true-love-endures-am/,25161,2021-04-20T05:26:40+00:00,True Love Endures - AM - Christ's Commission Fellowship,101,1,1,1,0,2,0,,
200,sermon,sermon-sitemap,https://www.ccf.org.ph/message/true-love-endures-pm/,https://www.ccf.org.ph/message/true-love-endures-pm/,https://www.ccf.org.ph/message/true-love-endures-pm/,25163,2021-04-20T05:30:38+00:00,True Love Endures - PM - Christ's Commission Fellowship,102,1,1,1,0,2,0,,
200,sermon,sermon-sitemap,https://www.ccf.org.ph/message/true-love-forgives-am/,https://www.ccf.org.ph/message/true-love-forgives-am/,https://www.ccf.org.ph/message/true-love-forgives-am/,24932,2021-04-20T05:32:55+00:00,True Love Forgives - AM - Christ's Commission Fellowship,102,1,1,1,0,2,0,,
200,sermon,sermon-sitemap,https://www.ccf.org.ph/message/true-love-forgives-pm/,https://www.ccf.org.ph/message/true-love-forgives-pm/,https://www.ccf.org.ph/message/true-love-forgives-pm/,24934,2021-04-20T05:33:37+00:00,True Love Forgives - PM - Christ's Commission Fellowship,102,1,1,1,0,2,0,,
200,sermon,sermon-sitemap,https://www.ccf.org.ph/message/true-love-goes-extra-am/,https://www.ccf.org.ph/message/true-love-goes-extra-am/,https://www.ccf.org.ph/message/true-love-goes-extra-am/,25230,2021-03-20T12:56:33+00:00,True Love Goes Extra - AM - Christ's Commission Fellowship,104,1,1,1,0,2,0,,
200,sermon,sermon-sitemap,https://www.ccf.org.ph/message/true-love-goes-extra-pm/,https://www.ccf.org.ph/message/true-love-goes-extra-pm/,https://www.ccf.org.ph/message/true-love-goes-extra-pm/,25231,2021-06-29T06:20:52+00:00,True Love Goes Extra - PM - Christ's Commission Fellowship,105,1,1,1,0,2,0,,
200,sermon,sermon-sitemap,https://www.ccf.org.ph/message/true-love-pure-selfless-2/,https://www.ccf.org.ph/message/true-love-pure-selfless-2/,https://www.ccf.org.ph/message/true-love-pure-selfless-2/,16506,2020-03-02T01:00:52+00:00,True Love is Pure and Selfless - Christ's Commission Fellowship,110,1,1,0,0,2,0,,
200,sermon,sermon-sitemap,https://www.ccf.org.ph/message/true-love-pure-selfless/,https://www.ccf.org.ph/message/true-love-pure-selfless/,https://www.ccf.org.ph/message/true-love-pure-selfless/,16507,2020-03-02T01:00:59+00:00,True Love is Pure and Selfless - Christ's Commission Fellowship,110,1,1,0,0,2,0,,
200,sermon,sermon-sitemap,https://www.ccf.org.ph/message/true-love-serves-am/,https://www.ccf.org.ph/message/true-love-serves-am/,https://www.ccf.org.ph/message/true-love-serves-am/,24997,2021-04-20T05:31:26+00:00,True Love Serves - AM - Christ's Commission Fellowship,101,1,1,1,0,2,0,,
200,sermon,sermon-sitemap,https://www.ccf.org.ph/message/true-love-serves-pm/,https://www.ccf.org.ph/message/true-love-serves-pm/,https://www.ccf.org.ph/message/true-love-serves-pm/,25000,2021-04-20T05:31:58+00:00,True Love Serves - PM - Christ's Commission Fellowship,101,1,1,1,0,2,0,,
200,sermon,sermon-sitemap,https://www.ccf.org.ph/message/true-love-wins-share-it-am-runthrough/,https://www.ccf.org.ph/message/true-love-wins-share-it-am-runthrough/,https://www.ccf.org.ph/message/true-love-wins-share-it-am-runthrough/,28749,2023-11-03T16:22:27+00:00,"True Love Wins, Share It - AM - Runthrough - Christ's Commission Fellowship",274,1,1,1,0,2,1,,
200,sermon,sermon-sitemap,https://www.ccf.org.ph/message/true-love-wins-share-it-am/,https://www.ccf.org.ph/message/true-love-wins-share-it-am/,https://www.ccf.org.ph/message/true-love-wins-share-it-am/,28045,2023-10-30T21:44:52+00:00,True Love Wins: SHARE IT! - AM - Christ's Commission Fellowship,299,1,1,1,0,2,0,,
200,sermon,sermon-sitemap,https://www.ccf.org.ph/message/true-love-wins-share-it-pm-runthrough/,https://www.ccf.org.ph/message/true-love-wins-share-it-pm-runthrough/,https://www.ccf.org.ph/message/true-love-wins-share-it-pm-runthrough/,28752,2023-11-03T16:22:43+00:00,"True Love Wins, Share It - PM - Runthrough - Christ's Commission Fellowship",320,1,0,1,0,2,1,,
200,sermon,sermon-sitemap,https://www.ccf.org.ph/message/true-love-wins-share-it-pm/,https://www.ccf.org.ph/message/true-love-wins-share-it-pm/,https://www.ccf.org.ph/message/true-love-wins-share-it-pm/,28046,2023-10-30T21:45:02+00:00,True Love Wins: SHARE IT! - PM - Christ's Commission Fellowship,266,1,1,1,0,2,0,,
200,sermon,sermon-sitemap,https://www.ccf.org.ph/message/true-repentance-brings-breakthrough/,https://www.ccf.org.ph/message/true-repentance-brings-breakthrough/,https://www.ccf.org.ph/message/true-repentance-brings-breakthrough/,13269,2018-05-24T07:29:57+00:00,True Repentance Brings Breakthrough - Christ's Commission Fellowship,115,1,1,0,0,2,0,,
200,sermon,sermon-sitemap,https://www.ccf.org.ph/message/truly-christlike-go-extra-mile/,https://www.ccf.org.ph/message/truly-christlike-go-extra-mile/,https://www.ccf.org.ph/message/truly-christlike-go-extra-mile/,14458,2018-10-15T01:00:24+00:00,"Be Truly Christlike, Go the Extra Mile - Christ's Commission Fellowship",118,1,1,0,0,2,0,,
200,sermon,sermon-sitemap,https://www.ccf.org.ph/message/truth-matters-share/,https://www.ccf.org.ph/message/truth-matters-share/,https://www.ccf.org.ph/message/truth-matters-share/,15117,2019-04-29T01:00:05+00:00,Truth That Matters Most: Share It! - Christ's Commission Fellowship,574,1,1,0,0,2,0,,
200,sermon,sermon-sitemap,https://www.ccf.org.ph/message/turn-defeat-into-victory-am/,https://www.ccf.org.ph/message/turn-defeat-into-victory-am/,https://www.ccf.org.ph/message/turn-defeat-into-victory-am/,27288,2023-10-28T18:15:13+00:00,Turn Defeat Into Victory - AM - Christ's Commission Fellowship,316,1,1,1,0,2,0,,
200,sermon,sermon-sitemap,https://www.ccf.org.ph/message/turn-defeat-into-victory-pm/,https://www.ccf.org.ph/message/turn-defeat-into-victory-pm/,https://www.ccf.org.ph/message/turn-defeat-into-victory-pm/,27287,2023-10-28T18:15:26+00:00,Turn Defeat Into Victory - PM - Christ's Commission Fellowship,359,1,1,1,0,2,0,,
200,sermon,sermon-sitemap,https://www.ccf.org.ph/message/turn-depression-h-o-p-e-celebration-2/,https://www.ccf.org.ph/message/turn-depression-h-o-p-e-celebration-2/,https://www.ccf.org.ph/message/turn-depression-h-o-p-e-celebration-2/,12747,2018-01-11T12:00:08+00:00,Turn Depression Into a H.O.P.E Celebration - Christ's Commission Fellowship,254,1,1,0,0,2,0,,
200,sermon,sermon-sitemap,https://www.ccf.org.ph/message/turn-depression-h-o-p-e-celebration/,https://www.ccf.org.ph/message/turn-depression-h-o-p-e-celebration/,https://www.ccf.org.ph/message/turn-depression-h-o-p-e-celebration/,12748,2018-01-11T12:00:01+00:00,Turn Depression Into a H.O.P.E Celebration - Christ's Commission Fellowship,253,1,1,0,0,2,0,,
200,sermon,sermon-sitemap,https://www.ccf.org.ph/message/turn-disappointments-blessings-trust-god-2/,https://www.ccf.org.ph/message/turn-disappointments-blessings-trust-god-2/,https://www.ccf.org.ph/message/turn-disappointments-blessings-trust-god-2/,16206,2019-12-16T01:00:55+00:00,Turn Disappointments to Blessings: Trust God! - Christ's Commission Fellowship,858,1,1,0,0,2,0,,
200,sermon,sermon-sitemap,https://www.ccf.org.ph/message/turn-disappointments-blessings-trust-god/,https://www.ccf.org.ph/message/turn-disappointments-blessings-trust-god/,https://www.ccf.org.ph/message/turn-disappointments-blessings-trust-god/,16205,2019-12-16T01:00:48+00:00,Turn Disappointments to Blessings: Trust God! - Christ's Commission Fellowship,857,1,1,0,0,2,0,,
200,sermon,sermon-sitemap,https://www.ccf.org.ph/message/two-eternal-judgments/,https://www.ccf.org.ph/message/two-eternal-judgments/,https://www.ccf.org.ph/message/two-eternal-judgments/,15268,2019-06-17T01:00:16+00:00,The Two Eternal Judgments - Christ's Commission Fellowship,563,1,1,0,0,2,0,,
200,sermon,sermon-sitemap,https://www.ccf.org.ph/message/unchanging-god-live-wisely-afn/,https://www.ccf.org.ph/message/unchanging-god-live-wisely-afn/,https://www.ccf.org.ph/message/unchanging-god-live-wisely-afn/,13377,2018-05-24T07:36:37+00:00,Unchanging God: Live Wisely - Christ's Commission Fellowship,107,1,1,0,0,2,0,,
200,sermon,sermon-sitemap,https://www.ccf.org.ph/message/unchanging-god-live-wisely/,https://www.ccf.org.ph/message/unchanging-god-live-wisely/,https://www.ccf.org.ph/message/unchanging-god-live-wisely/,13375,2018-05-24T07:36:29+00:00,Unchanging God: Live Wisely - Christ's Commission Fellowship,107,1,1,0,0,2,0,,
200,sermon,sermon-sitemap,https://www.ccf.org.ph/message/unleash-gods-power-persevere-in-prayer-am-runthrough/,https://www.ccf.org.ph/message/unleash-gods-power-persevere-in-prayer-am-runthrough/,https://www.ccf.org.ph/message/unleash-gods-power-persevere-in-prayer-am-runthrough/,31895,2024-01-24T09:41:48+00:00,Unleash God's Power: Persevere in Prayer - AM - Runthrough - Christ's Commission Fellowship,404,1,1,1,0,2,2,,
200,sermon,sermon-sitemap,https://www.ccf.org.ph/message/unleash-gods-power-persevere-in-prayer-pm-runthrough/,https://www.ccf.org.ph/message/unleash-gods-power-persevere-in-prayer-pm-runthrough/,https://www.ccf.org.ph/message/unleash-gods-power-persevere-in-prayer-pm-runthrough/,31896,2024-01-24T09:42:32+00:00,Unleash God's Power: Persevere in Prayer - PM - Runthrough - Christ's Commission Fellowship,461,1,1,1,0,2,2,,
200,sermon,sermon-sitemap,https://www.ccf.org.ph/message/unleash-gods-power-pray-am-runthrough/,https://www.ccf.org.ph/message/unleash-gods-power-pray-am-runthrough/,https://www.ccf.org.ph/message/unleash-gods-power-pray-am-runthrough/,31389,2024-01-10T07:24:15+00:00,"Unleash God's Power, Pray! - AM - Runthrough - Christ's Commission Fellowship",400,1,1,1,0,2,2,,
200,sermon,sermon-sitemap,https://www.ccf.org.ph/message/unleash-gods-power-pray-am/,https://www.ccf.org.ph/message/unleash-gods-power-pray-am/,https://www.ccf.org.ph/message/unleash-gods-power-pray-am/,31347,2024-01-15T01:29:03+00:00,"Unleash God's Power, Pray! - AM - Christ's Commission Fellowship",366,1,1,1,0,2,0,,
200,sermon,sermon-sitemap,https://www.ccf.org.ph/message/unleash-gods-power-pray-pm-runthrough/,https://www.ccf.org.ph/message/unleash-gods-power-pray-pm-runthrough/,https://www.ccf.org.ph/message/unleash-gods-power-pray-pm-runthrough/,31390,2024-01-10T07:25:23+00:00,"Unleash God's Power, Pray! - PM - Runthrough - Christ's Commission Fellowship",163,1,1,1,0,2,2,,
200,sermon,sermon-sitemap,https://www.ccf.org.ph/message/unleash-gods-power-pray-pm/,https://www.ccf.org.ph/message/unleash-gods-power-pray-pm/,https://www.ccf.org.ph/message/unleash-gods-power-pray-pm/,31348,2024-01-15T01:29:39+00:00,"Unleash God's Power, Pray! - PM - Christ's Commission Fellowship",439,1,1,1,0,2,0,,
200,sermon,sermon-sitemap,https://www.ccf.org.ph/message/unleash-gods-power-pray-with-humility-am-runthrough/,https://www.ccf.org.ph/message/unleash-gods-power-pray-with-humility-am-runthrough/,https://www.ccf.org.ph/message/unleash-gods-power-pray-with-humility-am-runthrough/,32584,2024-02-20T05:50:46+00:00,Unleash God's Power: Pray With Humility - AM - Runthrough - Christ's Commission Fellowship,466,1,1,1,0,2,2,,
200,sermon,sermon-sitemap,https://www.ccf.org.ph/message/unleash-gods-power-pray-with-humility-pm-runthrough/,https://www.ccf.org.ph/message/unleash-gods-power-pray-with-humility-pm-runthrough/,https://www.ccf.org.ph/message/unleash-gods-power-pray-with-humility-pm-runthrough/,32585,2024-02-20T05:50:48+00:00,Unleash God's Power: Pray With Humility - PM - Runthrough - Christ's Commission Fellowship,540,1,1,1,0,2,2,,
200,sermon,sermon-sitemap,https://www.ccf.org.ph/message/unleash-gods-power-surrender-your-needs-through-prayer-am-runthrough/,https://www.ccf.org.ph/message/unleash-gods-power-surrender-your-needs-through-prayer-am-runthrough/,https://www.ccf.org.ph/message/unleash-gods-power-surrender-your-needs-through-prayer-am-runthrough/,31746,2024-01-17T07:58:55+00:00,"Unleash God's Power, Surrender Your Needs Through Prayer - AM - Runthrough - Christ's Commission Fellowship",379,1,1,1,0,2,2,,
200,sermon,sermon-sitemap,https://www.ccf.org.ph/message/unleash-gods-power-surrender-your-needs-through-prayer-pm-runthrough/,https://www.ccf.org.ph/message/unleash-gods-power-surrender-your-needs-through-prayer-pm-runthrough/,https://www.ccf.org.ph/message/unleash-gods-power-surrender-your-needs-through-prayer-pm-runthrough/,31747,2024-01-17T07:59:35+00:00,"Unleash God's Power, Surrender Your Needs Through Prayer - PM - Runthrough - Christ's Commission Fellowship",425,1,1,1,0,2,2,,
200,sermon,sermon-sitemap,https://www.ccf.org.ph/message/unstoppable-god-our-greatest-hope/,https://www.ccf.org.ph/message/unstoppable-god-our-greatest-hope/,https://www.ccf.org.ph/message/unstoppable-god-our-greatest-hope/,21589,2020-09-01T03:29:57+00:00,"Unstoppable God, Our Greatest Hope - Christ's Commission Fellowship",114,1,1,1,0,2,0,,
200,sermon,sermon-sitemap,https://www.ccf.org.ph/message/unwrapping-gods-greatest-gift-am/,https://www.ccf.org.ph/message/unwrapping-gods-greatest-gift-am/,https://www.ccf.org.ph/message/unwrapping-gods-greatest-gift-am/,27345,2023-10-28T19:01:49+00:00,Unwrapping God’s Greatest Gift - AM - Christ's Commission Fellowship,390,1,1,1,0,2,0,,
200,sermon,sermon-sitemap,https://www.ccf.org.ph/message/unwrapping-gods-greatest-gift-pm/,https://www.ccf.org.ph/message/unwrapping-gods-greatest-gift-pm/,https://www.ccf.org.ph/message/unwrapping-gods-greatest-gift-pm/,27348,2023-10-28T19:02:01+00:00,Unwrapping God’s Greatest Gift - PM - Christ's Commission Fellowship,341,1,1,1,0,2,0,,
200,sermon,sermon-sitemap,https://www.ccf.org.ph/message/victorious-faith-brings-victorious-living-am/,https://www.ccf.org.ph/message/victorious-faith-brings-victorious-living-am/,https://www.ccf.org.ph/message/victorious-faith-brings-victorious-living-am/,27328,2023-10-28T18:43:06+00:00,Victorious Faith Brings Victorious Living - AM - Christ's Commission Fellowship,381,1,1,1,0,2,0,,
200,sermon,sermon-sitemap,https://www.ccf.org.ph/message/victorious-faith-brings-victorious-living-pm/,https://www.ccf.org.ph/message/victorious-faith-brings-victorious-living-pm/,https://www.ccf.org.ph/message/victorious-faith-brings-victorious-living-pm/,27327,2023-10-28T18:43:11+00:00,Victorious Faith Brings Victorious Living - PM - Christ's Commission Fellowship,366,1,1,1,0,2,0,,
200,sermon,sermon-sitemap,https://www.ccf.org.ph/message/victory-over-conflict-am/,https://www.ccf.org.ph/message/victory-over-conflict-am/,https://www.ccf.org.ph/message/victory-over-conflict-am/,27267,2023-10-28T17:59:10+00:00,Victory Over Conflict - AM - Christ's Commission Fellowship,321,1,1,1,0,2,0,,
200,sermon,sermon-sitemap,https://www.ccf.org.ph/message/victory-over-conflict-pm/,https://www.ccf.org.ph/message/victory-over-conflict-pm/,https://www.ccf.org.ph/message/victory-over-conflict-pm/,27268,2023-10-28T17:59:22+00:00,Victory Over Conflict - PM - Christ's Commission Fellowship,347,1,1,1,0,2,0,,
200,sermon,sermon-sitemap,https://www.ccf.org.ph/message/victory-over-depression-am-runthrough/,https://www.ccf.org.ph/message/victory-over-depression-am-runthrough/,https://www.ccf.org.ph/message/victory-over-depression-am-runthrough/,28694,2023-11-03T15:40:34+00:00,Victory Over Depression - AM - Runthrough - Christ's Commission Fellowship,329,1,1,1,0,2,1,,
200,sermon,sermon-sitemap,https://www.ccf.org.ph/message/victory-over-depression-am/,https://www.ccf.org.ph/message/victory-over-depression-am/,https://www.ccf.org.ph/message/victory-over-depression-am/,28233,2023-10-31T11:47:34+00:00,Victory Over Depression - AM - Christ's Commission Fellowship,397,1,1,1,0,2,0,,
200,sermon,sermon-sitemap,https://www.ccf.org.ph/message/victory-over-depression-pm-runthrough/,https://www.ccf.org.ph/message/victory-over-depression-pm-runthrough/,https://www.ccf.org.ph/message/victory-over-depression-pm-runthrough/,28696,2023-11-03T15:41:18+00:00,Victory Over Depression - PM - Runthrough - Christ's Commission Fellowship,360,1,1,1,0,2,1,,
200,sermon,sermon-sitemap,https://www.ccf.org.ph/message/victory-over-depression-pm/,https://www.ccf.org.ph/message/victory-over-depression-pm/,https://www.ccf.org.ph/message/victory-over-depression-pm/,28232,2023-10-31T11:47:36+00:00,Victory Over Depression - PM - Christ's Commission Fellowship,461,1,1,1,0,2,0,,
200,sermon,sermon-sitemap,https://www.ccf.org.ph/message/vision-am/,https://www.ccf.org.ph/message/vision-am/,https://www.ccf.org.ph/message/vision-am/,22870,2021-04-20T08:05:05+00:00,Vision - AM - Christ's Commission Fellowship,91,1,1,1,0,2,0,,
200,sermon,sermon-sitemap,https://www.ccf.org.ph/message/vision-pm/,https://www.ccf.org.ph/message/vision-pm/,https://www.ccf.org.ph/message/vision-pm/,22871,2021-04-20T08:05:33+00:00,Vision - PM - Christ's Commission Fellowship,91,1,1,1,0,2,0,,
200,sermon,sermon-sitemap,https://www.ccf.org.ph/message/volt-serve-dgroup-2/,https://www.ccf.org.ph/message/volt-serve-dgroup-2/,https://www.ccf.org.ph/message/volt-serve-dgroup-2/,11602,2017-06-13T07:40:54+00:00,Volt-In: Serve Through a Dgroup - Christ's Commission Fellowship,189,1,1,0,0,2,0,,
200,sermon,sermon-sitemap,https://www.ccf.org.ph/message/volt-serve-dgroup/,https://www.ccf.org.ph/message/volt-serve-dgroup/,https://www.ccf.org.ph/message/volt-serve-dgroup/,11600,2017-08-12T06:22:37+00:00,Volt-In: Serve Through a Dgroup - Christ's Commission Fellowship,552,1,1,0,0,2,0,,
200,sermon,sermon-sitemap,https://www.ccf.org.ph/message/volunteer-serve-god-joyfully-am-runthrough/,https://www.ccf.org.ph/message/volunteer-serve-god-joyfully-am-runthrough/,https://www.ccf.org.ph/message/volunteer-serve-god-joyfully-am-runthrough/,34821,2024-08-15T01:38:45+00:00,"Volunteer, Serve God Joyfully! - AM - Runthrough - Christ's Commission Fellowship",495,1,1,1,0,2,2,,
200,sermon,sermon-sitemap,https://www.ccf.org.ph/message/volunteer-serve-god-joyfully-am/,https://www.ccf.org.ph/message/volunteer-serve-god-joyfully-am/,https://www.ccf.org.ph/message/volunteer-serve-god-joyfully-am/,34785,2024-08-15T13:54:50+00:00,"Volunteer, Serve God Joyfully - AM - Christ's Commission Fellowship",268,1,1,1,0,2,0,,
200,sermon,sermon-sitemap,https://www.ccf.org.ph/message/volunteer-serve-god-joyfully-pm-runthrough/,https://www.ccf.org.ph/message/volunteer-serve-god-joyfully-pm-runthrough/,https://www.ccf.org.ph/message/volunteer-serve-god-joyfully-pm-runthrough/,34822,2024-08-15T01:37:11+00:00,"Volunteer, Serve God Joyfully! - PM - Runthrough - Christ's Commission Fellowship",531,1,1,1,0,2,2,,
200,sermon,sermon-sitemap,https://www.ccf.org.ph/message/volunteer-serve-god-joyfully-pm/,https://www.ccf.org.ph/message/volunteer-serve-god-joyfully-pm/,https://www.ccf.org.ph/message/volunteer-serve-god-joyfully-pm/,34790,2024-08-15T13:54:35+00:00,"Volunteer, Serve God Joyfully - PM - Christ's Commission Fellowship",299,1,1,1,0,2,0,,
200,sermon,sermon-sitemap,https://www.ccf.org.ph/message/volunteer-serve-like-jesus-part-2/,https://www.ccf.org.ph/message/volunteer-serve-like-jesus-part-2/,https://www.ccf.org.ph/message/volunteer-serve-like-jesus-part-2/,4975,2016-10-05T08:39:05+00:00,Volunteer: Serve like Jesus Part 2 - Christ's Commission Fellowship,237,1,1,0,0,2,0,,
200,sermon,sermon-sitemap,https://www.ccf.org.ph/message/wait-lord-afn/,https://www.ccf.org.ph/message/wait-lord-afn/,https://www.ccf.org.ph/message/wait-lord-afn/,12377,2017-07-28T02:58:13+00:00,Wait On The Lord - Christ's Commission Fellowship,176,1,1,0,0,2,0,,
200,sermon,sermon-sitemap,https://www.ccf.org.ph/message/wait-on-the-lord/,https://www.ccf.org.ph/message/wait-on-the-lord/,https://www.ccf.org.ph/message/wait-on-the-lord/,12376,2017-07-28T02:58:19+00:00,Wait On The Lord - Christ's Commission Fellowship,176,1,1,0,0,2,0,,
200,sermon,sermon-sitemap,https://www.ccf.org.ph/message/want-a-life-changing-prayer-pm/,https://www.ccf.org.ph/message/want-a-life-changing-prayer-pm/,https://www.ccf.org.ph/message/want-a-life-changing-prayer-pm/,33698,2024-06-20T11:37:53+00:00,A Life-Changing Prayer - PM - Christ's Commission Fellowship,310,1,1,1,0,2,0,,
200,sermon,sermon-sitemap,https://www.ccf.org.ph/message/what-are-you-known-for-am-runthrough/,https://www.ccf.org.ph/message/what-are-you-known-for-am-runthrough/,https://www.ccf.org.ph/message/what-are-you-known-for-am-runthrough/,28744,2023-11-03T16:16:58+00:00,What Are You Known For? - AM - Runthrough - Christ's Commission Fellowship,347,1,1,1,0,2,1,,
200,sermon,sermon-sitemap,https://www.ccf.org.ph/message/what-are-you-known-for-am/,https://www.ccf.org.ph/message/what-are-you-known-for-am/,https://www.ccf.org.ph/message/what-are-you-known-for-am/,28058,2023-10-30T22:09:47+00:00,What Are You Known For - AM - Christ's Commission Fellowship,371,1,1,1,0,2,0,,
200,sermon,sermon-sitemap,https://www.ccf.org.ph/message/what-are-you-known-for-pm-runthrough/,https://www.ccf.org.ph/message/what-are-you-known-for-pm-runthrough/,https://www.ccf.org.ph/message/what-are-you-known-for-pm-runthrough/,28743,2023-11-03T16:17:15+00:00,What Are You Known For? - PM - Runthrough - Christ's Commission Fellowship,420,1,1,1,0,2,1,,
200,sermon,sermon-sitemap,https://www.ccf.org.ph/message/what-are-you-known-for-pm/,https://www.ccf.org.ph/message/what-are-you-known-for-pm/,https://www.ccf.org.ph/message/what-are-you-known-for-pm/,28059,2023-10-30T22:09:55+00:00,What Are You Known For - PM - Christ's Commission Fellowship,526,1,1,1,0,2,0,,
200,sermon,sermon-sitemap,https://www.ccf.org.ph/message/what-do-you-want-for-christmas-am/,https://www.ccf.org.ph/message/what-do-you-want-for-christmas-am/,https://www.ccf.org.ph/message/what-do-you-want-for-christmas-am/,28093,2023-10-30T23:56:23+00:00,What Do You Want For Christmas? - AM - Christ's Commission Fellowship,285,1,1,1,0,2,0,,
200,sermon,sermon-sitemap,https://www.ccf.org.ph/message/what-do-you-want-for-christmas-pm/,https://www.ccf.org.ph/message/what-do-you-want-for-christmas-pm/,https://www.ccf.org.ph/message/what-do-you-want-for-christmas-pm/,28092,2023-10-30T23:55:46+00:00,What Do You Want For Christmas? - PM - Christ's Commission Fellowship,206,1,1,1,0,2,0,,
200,sermon,sermon-sitemap,https://www.ccf.org.ph/message/whats-the-best-blessing-am-runthrough/,https://www.ccf.org.ph/message/whats-the-best-blessing-am-runthrough/,https://www.ccf.org.ph/message/whats-the-best-blessing-am-runthrough/,28795,2023-11-04T00:27:15+00:00,What’s The Best Blessing? - AM - Runthrough - Christ's Commission Fellowship,316,1,1,1,0,2,1,,
200,sermon,sermon-sitemap,https://www.ccf.org.ph/message/whats-the-best-blessing-am/,https://www.ccf.org.ph/message/whats-the-best-blessing-am/,https://www.ccf.org.ph/message/whats-the-best-blessing-am/,27962,2023-10-30T16:59:14+00:00,What’s The Best Blessing? - AM - Christ's Commission Fellowship,356,1,1,1,0,2,0,,
200,sermon,sermon-sitemap,https://www.ccf.org.ph/message/whats-the-best-blessing-pm-runthrough/,https://www.ccf.org.ph/message/whats-the-best-blessing-pm-runthrough/,https://www.ccf.org.ph/message/whats-the-best-blessing-pm-runthrough/,28799,2023-11-04T00:27:50+00:00,What’s The Best Blessing? - PM - Runthrough - Christ's Commission Fellowship,353,1,0,1,0,2,1,,
200,sermon,sermon-sitemap,https://www.ccf.org.ph/message/whats-the-best-blessing-pm/,https://www.ccf.org.ph/message/whats-the-best-blessing-pm/,https://www.ccf.org.ph/message/whats-the-best-blessing-pm/,27963,2023-10-30T16:59:24+00:00,What’s The Best Blessing? - PM - Christ's Commission Fellowship,394,1,1,1,0,2,0,,
200,sermon,sermon-sitemap,https://www.ccf.org.ph/message/when-life-seems-scary-2/,https://www.ccf.org.ph/message/when-life-seems-scary-2/,https://www.ccf.org.ph/message/when-life-seems-scary-2/,19680,2021-07-27T06:35:23+00:00,When Life Seems Scary Call 91-1 - PM - Christ's Commission Fellowship,115,1,1,1,0,2,0,,
200,sermon,sermon-sitemap,https://www.ccf.org.ph/message/when-life-seems-scary/,https://www.ccf.org.ph/message/when-life-seems-scary/,https://www.ccf.org.ph/message/when-life-seems-scary/,19675,2021-07-27T06:31:58+00:00,When Life Seems Scary Call 91-1 - AM - Christ's Commission Fellowship,116,1,1,1,0,2,0,,
200,sermon,sermon-sitemap,https://www.ccf.org.ph/message/when-love-is-hard-am/,https://www.ccf.org.ph/message/when-love-is-hard-am/,https://www.ccf.org.ph/message/when-love-is-hard-am/,27378,2023-10-28T19:27:58+00:00,When Love Is Hard - AM - Christ's Commission Fellowship,336,1,1,1,0,2,0,,
200,sermon,sermon-sitemap,https://www.ccf.org.ph/message/when-love-is-hard-dont-give-up-keep-love-alive-am/,https://www.ccf.org.ph/message/when-love-is-hard-dont-give-up-keep-love-alive-am/,https://www.ccf.org.ph/message/when-love-is-hard-dont-give-up-keep-love-alive-am/,27372,2023-10-28T19:23:01+00:00,"When Love Is Hard: Don't Give Up, Keep Love Alive! - AM - Christ's Commission Fellowship",379,1,1,1,0,2,0,,
200,sermon,sermon-sitemap,https://www.ccf.org.ph/message/when-love-is-hard-dont-give-up-keep-love-alive-pm/,https://www.ccf.org.ph/message/when-love-is-hard-dont-give-up-keep-love-alive-pm/,https://www.ccf.org.ph/message/when-love-is-hard-dont-give-up-keep-love-alive-pm/,27371,2023-10-28T19:23:15+00:00,"When Love Is Hard: Don't Give Up, Keep Love Alive! - PM - Christ's Commission Fellowship",420,1,1,1,0,2,0,,
200,sermon,sermon-sitemap,https://www.ccf.org.ph/message/when-love-is-hard-pm/,https://www.ccf.org.ph/message/when-love-is-hard-pm/,https://www.ccf.org.ph/message/when-love-is-hard-pm/,27379,2023-10-28T19:48:39+00:00,When Love Is Hard - PM - Christ's Commission Fellowship,351,1,1,1,0,2,0,,
200,sermon,sermon-sitemap,https://www.ccf.org.ph/message/when-relationships-are-difficult-am-runthrough/,https://www.ccf.org.ph/message/when-relationships-are-difficult-am-runthrough/,https://www.ccf.org.ph/message/when-relationships-are-difficult-am-runthrough/,26387,2021-06-22T11:42:11+00:00,When Relationships Are Difficult - AM - Runthrough - Christ's Commission Fellowship,130,1,1,1,0,2,0,,
200,sermon,sermon-sitemap,https://www.ccf.org.ph/message/when-relationships-are-difficult-pm-runthrough/,https://www.ccf.org.ph/message/when-relationships-are-difficult-pm-runthrough/,https://www.ccf.org.ph/message/when-relationships-are-difficult-pm-runthrough/,26388,2021-06-22T11:43:32+00:00,When Relationships Are Difficult - PM - Runthrough - Christ's Commission Fellowship,130,1,1,1,0,2,0,,
200,sermon,sermon-sitemap,https://www.ccf.org.ph/message/when-youre-down-let-god-lift-you-up-am/,https://www.ccf.org.ph/message/when-youre-down-let-god-lift-you-up-am/,https://www.ccf.org.ph/message/when-youre-down-let-god-lift-you-up-am/,27134,2023-10-28T16:49:10+00:00,"When You’re Down, Let God Lift You Up! - AM - Christ's Commission Fellowship",495,1,1,1,0,2,1,,
200,sermon,sermon-sitemap,https://www.ccf.org.ph/message/when-youre-down-let-god-lift-you-up-pm/,https://www.ccf.org.ph/message/when-youre-down-let-god-lift-you-up-pm/,https://www.ccf.org.ph/message/when-youre-down-let-god-lift-you-up-pm/,27135,2023-10-28T16:49:34+00:00,"When You’re Down, Let God Lift You Up! - PM - Christ's Commission Fellowship",591,1,1,1,0,2,1,,
200,sermon,sermon-sitemap,https://www.ccf.org.ph/message/who-do-you-really-work-for-am-runthrough/,https://www.ccf.org.ph/message/who-do-you-really-work-for-am-runthrough/,https://www.ccf.org.ph/message/who-do-you-really-work-for-am-runthrough/,28759,2023-11-03T16:27:17+00:00,Who Do You Really Work For? - AM - Runthrough - Christ's Commission Fellowship,336,1,1,1,0,2,1,,
200,sermon,sermon-sitemap,https://www.ccf.org.ph/message/who-do-you-really-work-for-am/,https://www.ccf.org.ph/message/who-do-you-really-work-for-am/,https://www.ccf.org.ph/message/who-do-you-really-work-for-am/,28029,2023-10-30T21:16:18+00:00,Who Do You Really Work For? - AM - Christ's Commission Fellowship,392,1,1,1,0,2,0,,
200,sermon,sermon-sitemap,https://www.ccf.org.ph/message/who-do-you-really-work-for-pm-runthrough/,https://www.ccf.org.ph/message/who-do-you-really-work-for-pm-runthrough/,https://www.ccf.org.ph/message/who-do-you-really-work-for-pm-runthrough/,28758,2023-11-03T16:27:46+00:00,Who Do You Really Work For? - PM - Runthrough - Christ's Commission Fellowship,326,1,1,1,0,2,1,,
200,sermon,sermon-sitemap,https://www.ccf.org.ph/message/who-do-you-really-work-for-pm/,https://www.ccf.org.ph/message/who-do-you-really-work-for-pm/,https://www.ccf.org.ph/message/who-do-you-really-work-for-pm/,28030,2023-10-30T21:16:29+00:00,Who Do You Really Work For? - PM - Christ's Commission Fellowship,483,1,1,1,0,2,0,,
200,sermon,sermon-sitemap,https://www.ccf.org.ph/message/who-owns-your-body-am/,https://www.ccf.org.ph/message/who-owns-your-body-am/,https://www.ccf.org.ph/message/who-owns-your-body-am/,26987,2023-11-11T11:07:32+00:00,Who Owns Your Body? - AM - Christ's Commission Fellowship,453,1,1,1,0,2,0,,
200,sermon,sermon-sitemap,https://www.ccf.org.ph/message/who-owns-your-body-pm/,https://www.ccf.org.ph/message/who-owns-your-body-pm/,https://www.ccf.org.ph/message/who-owns-your-body-pm/,26993,2023-11-11T11:06:59+00:00,Who Owns Your Body? - PM - Christ's Commission Fellowship,400,1,1,1,0,2,0,,
200,sermon,sermon-sitemap,https://www.ccf.org.ph/message/win-over-fear-am-runthrough/,https://www.ccf.org.ph/message/win-over-fear-am-runthrough/,https://www.ccf.org.ph/message/win-over-fear-am-runthrough/,26393,2021-06-22T11:51:08+00:00,Win Over Fear - AM - Runthrough - Christ's Commission Fellowship,111,1,1,1,0,2,0,,
200,sermon,sermon-sitemap,https://www.ccf.org.ph/message/win-over-fear-am/,https://www.ccf.org.ph/message/win-over-fear-am/,https://www.ccf.org.ph/message/win-over-fear-am/,26292,2021-06-14T01:04:57+00:00,Win Over Fear AM - Christ's Commission Fellowship,84,1,1,1,0,2,0,,
200,sermon,sermon-sitemap,https://www.ccf.org.ph/message/win-over-fear-pm-runthrough/,https://www.ccf.org.ph/message/win-over-fear-pm-runthrough/,https://www.ccf.org.ph/message/win-over-fear-pm-runthrough/,26395,2021-06-22T11:52:20+00:00,Win Over Fear - PM - Runthrough - Christ's Commission Fellowship,111,1,1,1,0,2,0,,
200,sermon,sermon-sitemap,https://www.ccf.org.ph/message/win-over-fear-pm/,https://www.ccf.org.ph/message/win-over-fear-pm/,https://www.ccf.org.ph/message/win-over-fear-pm/,26293,2021-06-14T01:12:22+00:00,Win Over Fear PM - Christ's Commission Fellowship,83,1,1,1,0,2,0,,
200,sermon,sermon-sitemap,https://www.ccf.org.ph/message/winning-the-war-within-am-runthrough/,https://www.ccf.org.ph/message/winning-the-war-within-am-runthrough/,https://www.ccf.org.ph/message/winning-the-war-within-am-runthrough/,28797,2023-11-04T00:29:45+00:00,Winning the War Within - AM - Runthrough - Christ's Commission Fellowship,273,1,1,1,0,2,1,,
200,sermon,sermon-sitemap,https://www.ccf.org.ph/message/winning-the-war-within-am/,https://www.ccf.org.ph/message/winning-the-war-within-am/,https://www.ccf.org.ph/message/winning-the-war-within-am/,27954,2023-10-30T11:02:16+00:00,Winning The War Within - AM - Christ's Commission Fellowship,322,1,1,1,0,2,0,,
200,sermon,sermon-sitemap,https://www.ccf.org.ph/message/winning-the-war-within-pm-runthrough/,https://www.ccf.org.ph/message/winning-the-war-within-pm-runthrough/,https://www.ccf.org.ph/message/winning-the-war-within-pm-runthrough/,28796,2023-11-04T00:30:13+00:00,Winning the War Within - PM - Runthrough - Christ's Commission Fellowship,297,1,0,1,0,2,1,,
200,sermon,sermon-sitemap,https://www.ccf.org.ph/message/winning-the-war-within-pm/,https://www.ccf.org.ph/message/winning-the-war-within-pm/,https://www.ccf.org.ph/message/winning-the-war-within-pm/,27953,2023-10-30T11:02:31+00:00,Winning The War Within - PM - Christ's Commission Fellowship,168,1,1,1,0,2,0,,
200,sermon,sermon-sitemap,https://www.ccf.org.ph/message/wired-for-worship-am-runthrough/,https://www.ccf.org.ph/message/wired-for-worship-am-runthrough/,https://www.ccf.org.ph/message/wired-for-worship-am-runthrough/,28693,2023-11-03T15:30:32+00:00,Wired For Worship - AM - Runthrough - Christ's Commission Fellowship,393,1,1,1,0,2,1,,
200,sermon,sermon-sitemap,https://www.ccf.org.ph/message/wired-for-worship-am/,https://www.ccf.org.ph/message/wired-for-worship-am/,https://www.ccf.org.ph/message/wired-for-worship-am/,28249,2023-10-31T12:12:59+00:00,Wired For Worship - AM - Christ's Commission Fellowship,460,1,1,1,0,2,0,,
200,sermon,sermon-sitemap,https://www.ccf.org.ph/message/wired-for-worship-pm-runthrough/,https://www.ccf.org.ph/message/wired-for-worship-pm-runthrough/,https://www.ccf.org.ph/message/wired-for-worship-pm-runthrough/,28698,2023-11-03T15:31:19+00:00,Wired For Worship - PM - Runthrough - Christ's Commission Fellowship,364,1,1,1,0,2,1,,
200,sermon,sermon-sitemap,https://www.ccf.org.ph/message/wired-for-worship-pm/,https://www.ccf.org.ph/message/wired-for-worship-pm/,https://www.ccf.org.ph/message/wired-for-worship-pm/,28248,2023-10-31T12:13:18+00:00,Wired For Worship - PM - Christ's Commission Fellowship,371,1,1,1,0,2,0,,
200,sermon,sermon-sitemap,https://www.ccf.org.ph/message/wise-up-choose-gods-wisdom-am/,https://www.ccf.org.ph/message/wise-up-choose-gods-wisdom-am/,https://www.ccf.org.ph/message/wise-up-choose-gods-wisdom-am/,27078,2023-11-11T11:19:28+00:00,Wise Up! Choose God's Wisdom - AM - Christ's Commission Fellowship,260,1,1,1,0,2,0,,
200,sermon,sermon-sitemap,https://www.ccf.org.ph/message/wise-up-choose-gods-wisdom-pm/,https://www.ccf.org.ph/message/wise-up-choose-gods-wisdom-pm/,https://www.ccf.org.ph/message/wise-up-choose-gods-wisdom-pm/,27079,2023-11-11T11:19:03+00:00,Wise Up! Choose God's Wisdom - PM - Christ's Commission Fellowship,271,1,1,1,0,2,0,,
200,sermon,sermon-sitemap,https://www.ccf.org.ph/message/witness-while-you-work/,https://www.ccf.org.ph/message/witness-while-you-work/,https://www.ccf.org.ph/message/witness-while-you-work/,15365,2019-07-15T01:00:19+00:00,Witness While You Work - Christ's Commission Fellowship,457,1,0,0,0,2,0,,
200,sermon,sermon-sitemap,https://www.ccf.org.ph/message/witness-work-2/,https://www.ccf.org.ph/message/witness-work-2/,https://www.ccf.org.ph/message/witness-work-2/,15367,2019-07-15T01:00:05+00:00,Witness While You Work - Christ's Commission Fellowship,457,1,0,0,0,2,0,,
200,sermon,sermon-sitemap,https://www.ccf.org.ph/message/work-matters-am-runthrough/,https://www.ccf.org.ph/message/work-matters-am-runthrough/,https://www.ccf.org.ph/message/work-matters-am-runthrough/,28750,2023-11-03T16:24:30+00:00,Work Matters! - AM - Runthrough - Christ's Commission Fellowship,319,1,1,1,0,2,1,,
200,sermon,sermon-sitemap,https://www.ccf.org.ph/message/work-matters-am/,https://www.ccf.org.ph/message/work-matters-am/,https://www.ccf.org.ph/message/work-matters-am/,28037,2023-10-30T21:33:41+00:00,Work Matters - AM - Christ's Commission Fellowship,402,1,1,1,0,2,0,,
200,sermon,sermon-sitemap,https://www.ccf.org.ph/message/work-matters-pm-runthrough/,https://www.ccf.org.ph/message/work-matters-pm-runthrough/,https://www.ccf.org.ph/message/work-matters-pm-runthrough/,28751,2023-11-03T16:25:10+00:00,Work Matters! - PM - Runthrough - Christ's Commission Fellowship,323,1,1,1,0,2,1,,
200,sermon,sermon-sitemap,https://www.ccf.org.ph/message/work-matters-pm/,https://www.ccf.org.ph/message/work-matters-pm/,https://www.ccf.org.ph/message/work-matters-pm/,28038,2023-10-30T21:33:55+00:00,Work Matters - PM - Christ's Commission Fellowship,360,1,1,1,0,2,0,,
200,sermon,sermon-sitemap,https://www.ccf.org.ph/message/work-to-make-a-difference-am-runthrough/,https://www.ccf.org.ph/message/work-to-make-a-difference-am-runthrough/,https://www.ccf.org.ph/message/work-to-make-a-difference-am-runthrough/,28755,2023-11-03T16:25:51+00:00,Work To Make A Difference - AM - Runthrough - Christ's Commission Fellowship,329,1,1,1,0,2,1,,
200,sermon,sermon-sitemap,https://www.ccf.org.ph/message/work-to-make-a-difference-am/,https://www.ccf.org.ph/message/work-to-make-a-difference-am/,https://www.ccf.org.ph/message/work-to-make-a-difference-am/,28033,2023-10-30T21:26:36+00:00,Work To Make a Difference - AM - Christ's Commission Fellowship,324,1,1,1,0,2,0,,
200,sermon,sermon-sitemap,https://www.ccf.org.ph/message/work-to-make-a-difference-pm-runthrough/,https://www.ccf.org.ph/message/work-to-make-a-difference-pm-runthrough/,https://www.ccf.org.ph/message/work-to-make-a-difference-pm-runthrough/,28757,2023-11-03T16:26:26+00:00,Work To Make A Difference - PM - Runthrough - Christ's Commission Fellowship,372,1,1,1,0,2,1,,
200,sermon,sermon-sitemap,https://www.ccf.org.ph/message/work-to-make-a-difference-pm/,https://www.ccf.org.ph/message/work-to-make-a-difference-pm/,https://www.ccf.org.ph/message/work-to-make-a-difference-pm/,28034,2023-10-30T21:28:06+00:00,Work To Make a Difference - PM - Christ's Commission Fellowship,290,1,1,1,0,2,0,,
200,sermon,sermon-sitemap,https://www.ccf.org.ph/message/work-with-joy-am-runthrough/,https://www.ccf.org.ph/message/work-with-joy-am-runthrough/,https://www.ccf.org.ph/message/work-with-joy-am-runthrough/,28765,2023-11-03T16:32:38+00:00,Work With Joy - AM - Runthrough - Christ's Commission Fellowship,363,1,1,1,0,2,1,,
200,sermon,sermon-sitemap,https://www.ccf.org.ph/message/work-with-joy-am/,https://www.ccf.org.ph/message/work-with-joy-am/,https://www.ccf.org.ph/message/work-with-joy-am/,28017,2023-10-30T20:41:36+00:00,Work With Joy - AM - Christ's Commission Fellowship,253,1,1,1,0,2,0,,
200,sermon,sermon-sitemap,https://www.ccf.org.ph/message/work-with-joy-pm-runthrough/,https://www.ccf.org.ph/message/work-with-joy-pm-runthrough/,https://www.ccf.org.ph/message/work-with-joy-pm-runthrough/,28766,2023-11-03T16:33:25+00:00,Work With Joy - PM - Runthrough - Christ's Commission Fellowship,372,1,1,1,0,2,1,,
200,sermon,sermon-sitemap,https://www.ccf.org.ph/message/work-with-joy-pm/,https://www.ccf.org.ph/message/work-with-joy-pm/,https://www.ccf.org.ph/message/work-with-joy-pm/,28016,2023-10-30T20:41:52+00:00,Work With Joy - PM - Christ's Commission Fellowship,262,1,1,1,0,2,0,,
200,sermon,sermon-sitemap,https://www.ccf.org.ph/message/worship-jesus-and-be-transformed-am-runthrough/,https://www.ccf.org.ph/message/worship-jesus-and-be-transformed-am-runthrough/,https://www.ccf.org.ph/message/worship-jesus-and-be-transformed-am-runthrough/,28702,2023-11-03T15:36:00+00:00,Worship Jesus And Be Transformed - AM - Runthrough - Christ's Commission Fellowship,368,1,1,1,0,2,1,,
200,sermon,sermon-sitemap,https://www.ccf.org.ph/message/worship-jesus-and-be-transformed-am/,https://www.ccf.org.ph/message/worship-jesus-and-be-transformed-am/,https://www.ccf.org.ph/message/worship-jesus-and-be-transformed-am/,28244,2023-10-31T12:09:35+00:00,Worship Jesus and Be Transformed - AM - Christ's Commission Fellowship,374,1,1,1,0,2,0,,
200,sermon,sermon-sitemap,https://www.ccf.org.ph/message/worship-jesus-and-be-transformed-pm-runthrough/,https://www.ccf.org.ph/message/worship-jesus-and-be-transformed-pm-runthrough/,https://www.ccf.org.ph/message/worship-jesus-and-be-transformed-pm-runthrough/,28700,2023-11-03T15:36:53+00:00,Worship Jesus And Be Transformed - PM - Runthrough - Christ's Commission Fellowship,405,1,1,1,0,2,1,,
200,sermon,sermon-sitemap,https://www.ccf.org.ph/message/worship-jesus-and-be-transformed-pm/,https://www.ccf.org.ph/message/worship-jesus-and-be-transformed-pm/,https://www.ccf.org.ph/message/worship-jesus-and-be-transformed-pm/,28243,2023-10-31T12:09:44+00:00,Worship Jesus and Be Transformed - PM - Christ's Commission Fellowship,398,1,1,1,0,2,0,,
200,sermon,sermon-sitemap,https://www.ccf.org.ph/message/worship-sets-you-free-am-runthrough/,https://www.ccf.org.ph/message/worship-sets-you-free-am-runthrough/,https://www.ccf.org.ph/message/worship-sets-you-free-am-runthrough/,33425,2024-05-09T02:04:37+00:00,Worship Sets You Free! - AM - Runthrough - Christ's Commission Fellowship,394,1,1,1,0,2,2,,
200,sermon,sermon-sitemap,https://www.ccf.org.ph/message/worship-sets-you-free-am/,https://www.ccf.org.ph/message/worship-sets-you-free-am/,https://www.ccf.org.ph/message/worship-sets-you-free-am/,33391,2024-05-05T12:48:10+00:00,Worship Sets You Free! - AM - Christ's Commission Fellowship,299,1,1,1,0,2,0,,
200,sermon,sermon-sitemap,https://www.ccf.org.ph/message/worship-sets-you-free-pm-runthrough/,https://www.ccf.org.ph/message/worship-sets-you-free-pm-runthrough/,https://www.ccf.org.ph/message/worship-sets-you-free-pm-runthrough/,33426,2024-05-09T02:05:28+00:00,Worship Sets You Free! - PM - Runthrough - Christ's Commission Fellowship,470,1,1,1,0,2,2,,
200,sermon,sermon-sitemap,https://www.ccf.org.ph/message/worship-sets-you-free-pm/,https://www.ccf.org.ph/message/worship-sets-you-free-pm/,https://www.ccf.org.ph/message/worship-sets-you-free-pm/,33392,2024-05-05T12:49:05+00:00,Worship Sets You Free! - PM - Christ's Commission Fellowship,317,1,1,1,0,2,0,,
200,sermon,sermon-sitemap,https://www.ccf.org.ph/message/yahweh-am/,https://www.ccf.org.ph/message/yahweh-am/,https://www.ccf.org.ph/message/yahweh-am/,23851,2021-04-20T07:51:14+00:00,Yahweh - AM - Christ's Commission Fellowship,91,1,1,1,0,2,0,,
200,sermon,sermon-sitemap,https://www.ccf.org.ph/message/yahweh-nissi-am/,https://www.ccf.org.ph/message/yahweh-nissi-am/,https://www.ccf.org.ph/message/yahweh-nissi-am/,24011,2021-04-20T07:37:10+00:00,Yahweh Nissi - AM - Christ's Commission Fellowship,97,1,1,1,0,2,0,,
200,sermon,sermon-sitemap,https://www.ccf.org.ph/message/yahweh-nissi-pm/,https://www.ccf.org.ph/message/yahweh-nissi-pm/,https://www.ccf.org.ph/message/yahweh-nissi-pm/,24013,2021-04-20T07:38:06+00:00,Yahweh Nissi - PM - Christ's Commission Fellowship,97,1,1,1,0,2,0,,
200,sermon,sermon-sitemap,https://www.ccf.org.ph/message/yahweh-pm/,https://www.ccf.org.ph/message/yahweh-pm/,https://www.ccf.org.ph/message/yahweh-pm/,23854,2021-04-20T07:52:01+00:00,Yahweh - PM - Christ's Commission Fellowship,91,1,1,1,0,2,0,,
200,sermon,sermon-sitemap,https://www.ccf.org.ph/message/yahweh-rapha-am/,https://www.ccf.org.ph/message/yahweh-rapha-am/,https://www.ccf.org.ph/message/yahweh-rapha-am/,24413,2021-04-20T05:41:26+00:00,Yahweh Rapha - AM - Christ's Commission Fellowship,96,1,1,1,0,2,0,,
200,sermon,sermon-sitemap,https://www.ccf.org.ph/message/yahweh-rapha-pm/,https://www.ccf.org.ph/message/yahweh-rapha-pm/,https://www.ccf.org.ph/message/yahweh-rapha-pm/,24414,2021-04-20T05:41:57+00:00,Yahweh Rapha - PM - Christ's Commission Fellowship,97,1,1,1,0,2,0,,
200,sermon,sermon-sitemap,https://www.ccf.org.ph/message/yahweh-shalom-am/,https://www.ccf.org.ph/message/yahweh-shalom-am/,https://www.ccf.org.ph/message/yahweh-shalom-am/,24171,2021-04-20T07:31:30+00:00,Yahweh Shalom - AM - Christ's Commission Fellowship,98,1,1,1,0,2,0,,
200,sermon,sermon-sitemap,https://www.ccf.org.ph/message/yahweh-shalom-pm/,https://www.ccf.org.ph/message/yahweh-shalom-pm/,https://www.ccf.org.ph/message/yahweh-shalom-pm/,24172,2021-04-20T09:09:09+00:00,Yahweh Shalom - PM - Christ's Commission Fellowship,97,1,1,1,0,2,0,,
200,sermon,sermon-sitemap,https://www.ccf.org.ph/message/yahweh-tsuri-am/,https://www.ccf.org.ph/message/yahweh-tsuri-am/,https://www.ccf.org.ph/message/yahweh-tsuri-am/,24314,2021-04-20T05:42:35+00:00,Yahweh Tsuri - AM - Christ's Commission Fellowship,97,1,1,1,0,2,0,,
200,sermon,sermon-sitemap,https://www.ccf.org.ph/message/yahweh-tsuri-pm/,https://www.ccf.org.ph/message/yahweh-tsuri-pm/,https://www.ccf.org.ph/message/yahweh-tsuri-pm/,24315,2021-04-20T05:43:08+00:00,Yahweh Tsuri - PM - Christ's Commission Fellowship,97,1,1,1,0,2,0,,
200,sermon,sermon-sitemap,https://www.ccf.org.ph/message/yahweh-yireh-am/,https://www.ccf.org.ph/message/yahweh-yireh-am/,https://www.ccf.org.ph/message/yahweh-yireh-am/,24091,2021-04-20T07:32:29+00:00,Yahweh Yireh - AM - Christ's Commission Fellowship,96,1,1,1,0,2,0,,
200,sermon,sermon-sitemap,https://www.ccf.org.ph/message/yahweh-yireh-pm/,https://www.ccf.org.ph/message/yahweh-yireh-pm/,https://www.ccf.org.ph/message/yahweh-yireh-pm/,24094,2021-04-20T07:33:40+00:00,Yahweh Yireh - PM - Christ's Commission Fellowship,97,1,1,1,0,2,0,,
200,sermon,sermon-sitemap,https://www.ccf.org.ph/message/you-got-talent-am/,https://www.ccf.org.ph/message/you-got-talent-am/,https://www.ccf.org.ph/message/you-got-talent-am/,25373,2021-03-30T03:10:09+00:00,You Got Talent! Serve with your Gifts - AM - Christ's Commission Fellowship,122,1,1,1,0,2,0,,
200,sermon,sermon-sitemap,https://www.ccf.org.ph/message/you-got-talent-pm/,https://www.ccf.org.ph/message/you-got-talent-pm/,https://www.ccf.org.ph/message/you-got-talent-pm/,25374,2021-03-30T03:12:21+00:00,You Got Talent! Serve with your Gifts - PM - Christ's Commission Fellowship,122,1,1,1,0,2,0,,
200,sermon,sermon-sitemap,https://www.ccf.org.ph/message/you-were-born-for-this/,https://www.ccf.org.ph/message/you-were-born-for-this/,https://www.ccf.org.ph/message/you-were-born-for-this/,16427,2020-02-03T08:31:23+00:00,You Were Born For This - Christ's Commission Fellowship,102,1,1,0,0,2,0,,
200,sermon,sermon-sitemap,https://www.ccf.org.ph/message/your-time-is-now-am/,https://www.ccf.org.ph/message/your-time-is-now-am/,https://www.ccf.org.ph/message/your-time-is-now-am/,27208,2023-10-28T17:20:37+00:00,Your Time Is Now! - AM - Christ's Commission Fellowship,338,1,1,1,0,2,0,,
200,sermon,sermon-sitemap,https://www.ccf.org.ph/message/your-time-is-now-pm/,https://www.ccf.org.ph/message/your-time-is-now-pm/,https://www.ccf.org.ph/message/your-time-is-now-pm/,27209,2023-10-28T17:21:30+00:00,Your Time Is Now! - PM - Christ's Commission Fellowship,334,1,1,1,0,2,0,,
200,sermon,sermon-sitemap2,https://www.ccf.org.ph/message/2025-will-i-be-useful-or-useless-to-god-am/,https://www.ccf.org.ph/message/2025-will-i-be-useful-or-useless-to-god-am/,https://www.ccf.org.ph/message/2025-will-i-be-useful-or-useless-to-god-am/,36363,2024-12-30T12:35:38+00:00,2025: Will I Be Useful or Useless to God - AM - Christ's Commission Fellowship,316,1,1,1,0,2,0,,
200,sermon,sermon-sitemap2,https://www.ccf.org.ph/message/2025-will-i-be-useful-or-useless-to-god-pm/,https://www.ccf.org.ph/message/2025-will-i-be-useful-or-useless-to-god-pm/,https://www.ccf.org.ph/message/2025-will-i-be-useful-or-useless-to-god-pm/,36365,2024-12-30T12:35:12+00:00,2025: Will I Be Useful or Useless to God - PM - Christ's Commission Fellowship,364,1,1,1,0,2,0,,
200,sermon,sermon-sitemap2,https://www.ccf.org.ph/message/38021-2/,https://www.ccf.org.ph/message/38021-2/,https://www.ccf.org.ph/message/38021-2/,38021,2025-07-16T04:24:23+00:00,Going For The Greatest Purpose - Christ's Commission Fellowship,272,1,1,1,0,2,0,,
200,sermon,sermon-sitemap2,https://www.ccf.org.ph/message/5-powerful-truths-that-take-place-when-we-worship-pm-runthrough/,https://www.ccf.org.ph/message/5-powerful-truths-that-take-place-when-we-worship-pm-runthrough/,https://www.ccf.org.ph/message/5-powerful-truths-that-take-place-when-we-worship-pm-runthrough/,37695,2026-08-13T08:13:03+00:00,5 Powerful Truths That Take Place When We Worship - PM - Runthrough - Christ's Commission Fellowship,307,1,1,1,0,2,2,,
200,sermon,sermon-sitemap2,https://www.ccf.org.ph/message/all-in-for-gods-mission-am-runthrough/,https://www.ccf.org.ph/message/all-in-for-gods-mission-am-runthrough/,https://www.ccf.org.ph/message/all-in-for-gods-mission-am-runthrough/,38120,2026-08-13T07:43:48+00:00,All In For God's Mission - AM - Runthrough - Christ's Commission Fellowship,338,1,1,1,0,2,2,,
200,sermon,sermon-sitemap2,https://www.ccf.org.ph/message/all-in-for-gods-mission-am/,https://www.ccf.org.ph/message/all-in-for-gods-mission-am/,https://www.ccf.org.ph/message/all-in-for-gods-mission-am/,38095,2025-07-26T09:37:25+00:00,All In For God's Mission - AM - Christ's Commission Fellowship,371,1,1,1,0,2,0,,
200,sermon,sermon-sitemap2,https://www.ccf.org.ph/message/all-in-for-gods-mission-pm-runthrough/,https://www.ccf.org.ph/message/all-in-for-gods-mission-pm-runthrough/,https://www.ccf.org.ph/message/all-in-for-gods-mission-pm-runthrough/,38121,2026-08-13T07:43:52+00:00,All In For God's Mission - PM - Runthrough - Christ's Commission Fellowship,336,1,1,1,0,2,2,,
200,sermon,sermon-sitemap2,https://www.ccf.org.ph/message/all-in-for-gods-mission-pm/,https://www.ccf.org.ph/message/all-in-for-gods-mission-pm/,https://www.ccf.org.ph/message/all-in-for-gods-mission-pm/,38096,2025-07-26T09:37:51+00:00,All In For God's Mission - PM - Christ's Commission Fellowship,366,1,1,1,0,2,0,,
200,sermon,sermon-sitemap2,https://www.ccf.org.ph/message/are-you-for-real-the-legit-christian-am-runthrough/,https://www.ccf.org.ph/message/are-you-for-real-the-legit-christian-am-runthrough/,https://www.ccf.org.ph/message/are-you-for-real-the-legit-christian-am-runthrough/,36629,2026-08-13T09:43:18+00:00,Are You For Real? The Legit Christian - AM - Runthrough - Christ's Commission Fellowship,459,1,1,1,0,2,2,,
200,sermon,sermon-sitemap2,https://www.ccf.org.ph/message/are-you-for-real-the-legit-christian-am/,https://www.ccf.org.ph/message/are-you-for-real-the-legit-christian-am/,https://www.ccf.org.ph/message/are-you-for-real-the-legit-christian-am/,36601,2026-08-13T09:43:13+00:00,Are You For Real? The Legit Christian - AM - Christ's Commission Fellowship,383,1,1,1,0,2,0,,
200,sermon,sermon-sitemap2,https://www.ccf.org.ph/message/are-you-for-real-the-legit-christian-pm-runthrough/,https://www.ccf.org.ph/message/are-you-for-real-the-legit-christian-pm-runthrough/,https://www.ccf.org.ph/message/are-you-for-real-the-legit-christian-pm-runthrough/,36632,2026-08-13T09:43:23+00:00,Are You For Real? The Legit Christian - PM - Runthrough - Christ's Commission Fellowship,464,1,1,1,0,2,2,,
200,sermon,sermon-sitemap2,https://www.ccf.org.ph/message/are-you-for-real-the-legit-christian-pm/,https://www.ccf.org.ph/message/are-you-for-real-the-legit-christian-pm/,https://www.ccf.org.ph/message/are-you-for-real-the-legit-christian-pm/,36602,2026-08-13T09:43:16+00:00,Are You For Real? The Legit Christian - PM - Christ's Commission Fellowship,403,1,1,1,0,2,0,,
200,sermon,sermon-sitemap2,https://www.ccf.org.ph/message/are-you-for-real-the-test-of-true-salvation-am-runthrough/,https://www.ccf.org.ph/message/are-you-for-real-the-test-of-true-salvation-am-runthrough/,https://www.ccf.org.ph/message/are-you-for-real-the-test-of-true-salvation-am-runthrough/,36580,2026-08-13T09:44:55+00:00,Are You For Real? The Test Of True Salvation - AM - Runthrough - Christ's Commission Fellowship,417,1,1,1,0,2,2,,
200,sermon,sermon-sitemap2,https://www.ccf.org.ph/message/are-you-for-real-the-test-of-true-salvation-am/,https://www.ccf.org.ph/message/are-you-for-real-the-test-of-true-salvation-am/,https://www.ccf.org.ph/message/are-you-for-real-the-test-of-true-salvation-am/,36559,2026-08-13T09:44:50+00:00,Are You For Real? The Test Of True Salvation - AM - Christ's Commission Fellowship,311,1,1,1,0,2,0,,
200,sermon,sermon-sitemap2,https://www.ccf.org.ph/message/are-you-for-real-the-test-of-true-salvation-pm-runthrough/,https://www.ccf.org.ph/message/are-you-for-real-the-test-of-true-salvation-pm-runthrough/,https://www.ccf.org.ph/message/are-you-for-real-the-test-of-true-salvation-pm-runthrough/,36581,2026-08-13T09:45:03+00:00,Are You For Real? The Test Of True Salvation - PM - Runthrough - Christ's Commission Fellowship,429,1,1,1,0,2,2,,
200,sermon,sermon-sitemap2,https://www.ccf.org.ph/message/are-you-for-real-the-test-of-true-salvation-pm/,https://www.ccf.org.ph/message/are-you-for-real-the-test-of-true-salvation-pm/,https://www.ccf.org.ph/message/are-you-for-real-the-test-of-true-salvation-pm/,36562,2026-08-13T09:44:54+00:00,Are You For Real? The Test Of True Salvation - PM - Christ's Commission Fellowship,320,1,1,1,0,2,0,,
200,sermon,sermon-sitemap2,https://www.ccf.org.ph/message/be-a-child-am-runthrough/,https://www.ccf.org.ph/message/be-a-child-am-runthrough/,https://www.ccf.org.ph/message/be-a-child-am-runthrough/,38964,2026-08-13T06:36:30+00:00,Be A Child - AM - Runthrough - Christ's Commission Fellowship,495,1,1,1,0,2,2,,
200,sermon,sermon-sitemap2,https://www.ccf.org.ph/message/be-a-child-am/,https://www.ccf.org.ph/message/be-a-child-am/,https://www.ccf.org.ph/message/be-a-child-am/,38944,2025-11-02T12:01:54+00:00,Be A Child - AM - Christ's Commission Fellowship,418,1,1,1,0,2,0,,
200,sermon,sermon-sitemap2,https://www.ccf.org.ph/message/be-a-child-pm-runthrough/,https://www.ccf.org.ph/message/be-a-child-pm-runthrough/,https://www.ccf.org.ph/message/be-a-child-pm-runthrough/,38965,2026-08-13T06:36:32+00:00,Be A Child - PM - Runthrough - Christ's Commission Fellowship,595,1,1,1,0,2,2,,
200,sermon,sermon-sitemap2,https://www.ccf.org.ph/message/be-a-child-pm/,https://www.ccf.org.ph/message/be-a-child-pm/,https://www.ccf.org.ph/message/be-a-child-pm/,38962,2026-08-13T06:36:27+00:00,Be A Child - PM - Christ's Commission Fellowship,391,1,1,1,0,2,0,,
200,sermon,sermon-sitemap2,https://www.ccf.org.ph/message/be-faithful-theres-hope-for-tomorrow-am-runthrough/,https://www.ccf.org.ph/message/be-faithful-theres-hope-for-tomorrow-am-runthrough/,https://www.ccf.org.ph/message/be-faithful-theres-hope-for-tomorrow-am-runthrough/,35959,2024-11-29T10:12:20+00:00,Be Faithful There’s Hope For Tomorrow - AM - Runthrough - Christ's Commission Fellowship,528,1,1,1,0,2,2,,
200,sermon,sermon-sitemap2,https://www.ccf.org.ph/message/be-faithful-theres-hope-for-tomorrow-am/,https://www.ccf.org.ph/message/be-faithful-theres-hope-for-tomorrow-am/,https://www.ccf.org.ph/message/be-faithful-theres-hope-for-tomorrow-am/,35937,2024-11-30T04:02:23+00:00,Be Faithful There's Hope For Tomorrow - AM - Christ's Commission Fellowship,348,1,1,1,0,2,0,,
200,sermon,sermon-sitemap2,https://www.ccf.org.ph/message/be-faithful-theres-hope-for-tomorrow-pm-runthrough/,https://www.ccf.org.ph/message/be-faithful-theres-hope-for-tomorrow-pm-runthrough/,https://www.ccf.org.ph/message/be-faithful-theres-hope-for-tomorrow-pm-runthrough/,35960,2024-11-29T10:12:23+00:00,Be Faithful There’s Hope For Tomorrow - PM - Runthrough - Christ's Commission Fellowship,549,1,1,1,0,2,2,,
200,sermon,sermon-sitemap2,https://www.ccf.org.ph/message/be-faithful-theres-hope-for-tomorrow-pm/,https://www.ccf.org.ph/message/be-faithful-theres-hope-for-tomorrow-pm/,https://www.ccf.org.ph/message/be-faithful-theres-hope-for-tomorrow-pm/,35936,2024-11-30T04:02:53+00:00,Be Faithful There's Hope For Tomorrow - PM - Christ's Commission Fellowship,332,1,1,1,0,2,0,,
200,sermon,sermon-sitemap2,https://www.ccf.org.ph/message/be-truly-free-am-runthrough/,https://www.ccf.org.ph/message/be-truly-free-am-runthrough/,https://www.ccf.org.ph/message/be-truly-free-am-runthrough/,39185,2026-08-13T06:18:58+00:00,Be Truly Free – AM - Runthrough - Christ's Commission Fellowship,379,1,1,1,0,2,2,,
200,sermon,sermon-sitemap2,https://www.ccf.org.ph/message/be-truly-free-am/,https://www.ccf.org.ph/message/be-truly-free-am/,https://www.ccf.org.ph/message/be-truly-free-am/,39167,2026-08-13T06:18:53+00:00,Be Truly Free - AM - Christ's Commission Fellowship,257,1,1,1,0,2,0,,
200,sermon,sermon-sitemap2,https://www.ccf.org.ph/message/be-truly-free-pm-runthrough/,https://www.ccf.org.ph/message/be-truly-free-pm-runthrough/,https://www.ccf.org.ph/message/be-truly-free-pm-runthrough/,39186,2026-08-13T06:19:03+00:00,Be Truly Free – PM - Runthrough - Christ's Commission Fellowship,422,1,1,1,0,2,2,,
200,sermon,sermon-sitemap2,https://www.ccf.org.ph/message/be-truly-free-pm/,https://www.ccf.org.ph/message/be-truly-free-pm/,https://www.ccf.org.ph/message/be-truly-free-pm/,39168,2026-08-13T06:18:56+00:00,Be Truly Free - PM - Christ's Commission Fellowship,317,1,1,1,0,2,0,,
200,sermon,sermon-sitemap2,https://www.ccf.org.ph/message/be-truly-spiritual-am/,https://www.ccf.org.ph/message/be-truly-spiritual-am/,https://www.ccf.org.ph/message/be-truly-spiritual-am/,39200,2026-08-13T06:06:19+00:00,Be Truly Spiritual - AM - Christ's Commission Fellowship,349,1,1,1,0,2,0,,
200,sermon,sermon-sitemap2,https://www.ccf.org.ph/message/be-truly-spiritual-runthrough/,https://www.ccf.org.ph/message/be-truly-spiritual-runthrough/,https://www.ccf.org.ph/message/be-truly-spiritual-runthrough/,39218,2026-08-13T06:06:25+00:00,Be Truly Spiritual - Runthrough - Christ's Commission Fellowship,448,1,1,1,0,2,2,,
200,sermon,sermon-sitemap2,https://www.ccf.org.ph/message/be-truly-successful-am-runthrough/,https://www.ccf.org.ph/message/be-truly-successful-am-runthrough/,https://www.ccf.org.ph/message/be-truly-successful-am-runthrough/,35796,2024-11-14T01:08:18+00:00,Be Truly Successful - AM - Runthrough - Christ's Commission Fellowship,392,1,1,1,0,2,2,,
200,sermon,sermon-sitemap2,https://www.ccf.org.ph/message/be-truly-successful-am/,https://www.ccf.org.ph/message/be-truly-successful-am/,https://www.ccf.org.ph/message/be-truly-successful-am/,35765,2024-11-25T04:18:15+00:00,Be Truly Successful - AM - Christ's Commission Fellowship,298,1,1,1,0,2,0,,
200,sermon,sermon-sitemap2,https://www.ccf.org.ph/message/be-truly-successful-pm-runthrough/,https://www.ccf.org.ph/message/be-truly-successful-pm-runthrough/,https://www.ccf.org.ph/message/be-truly-successful-pm-runthrough/,35797,2024-11-14T01:08:30+00:00,Be Truly Successful - PM - Runthrough - Christ's Commission Fellowship,449,1,1,1,0,2,2,,
200,sermon,sermon-sitemap2,https://www.ccf.org.ph/message/be-truly-successful-pm/,https://www.ccf.org.ph/message/be-truly-successful-pm/,https://www.ccf.org.ph/message/be-truly-successful-pm/,35768,2024-11-25T04:18:37+00:00,Be Truly Successful - PM - Christ's Commission Fellowship,341,1,1,1,0,2,0,,
200,sermon,sermon-sitemap2,https://www.ccf.org.ph/message/be-truthful-worship-the-god-of-truth-am-runthrough/,https://www.ccf.org.ph/message/be-truthful-worship-the-god-of-truth-am-runthrough/,https://www.ccf.org.ph/message/be-truthful-worship-the-god-of-truth-am-runthrough/,40799,2026-08-11T08:57:02+00:00,"Be Truthful, Worship The God Of Truth - AM - Runthrough - Christ's Commission Fellowship",654,1,1,1,0,2,2,,
200,sermon,sermon-sitemap2,https://www.ccf.org.ph/message/be-truthful-worship-the-god-of-truth-am/,https://www.ccf.org.ph/message/be-truthful-worship-the-god-of-truth-am/,https://www.ccf.org.ph/message/be-truthful-worship-the-god-of-truth-am/,40782,2026-08-11T08:56:41+00:00,"Be Truthful, Worship The God Of Truth - AM - Christ's Commission Fellowship",473,1,1,1,0,2,0,,
200,sermon,sermon-sitemap2,https://www.ccf.org.ph/message/be-truthful-worship-the-god-of-truth-pm-runthrough/,https://www.ccf.org.ph/message/be-truthful-worship-the-god-of-truth-pm-runthrough/,https://www.ccf.org.ph/message/be-truthful-worship-the-god-of-truth-pm-runthrough/,40800,2026-08-11T08:56:32+00:00,"Be Truthful, Worship The God Of Truth - PM - Runthrough - Christ's Commission Fellowship",682,1,1,1,0,2,2,,
200,sermon,sermon-sitemap2,https://www.ccf.org.ph/message/be-truthful-worship-the-god-of-truth-pm/,https://www.ccf.org.ph/message/be-truthful-worship-the-god-of-truth-pm/,https://www.ccf.org.ph/message/be-truthful-worship-the-god-of-truth-pm/,40797,2026-08-11T08:56:51+00:00,"Be Truthful, Worship The God Of Truth - PM - Christ's Commission Fellowship",607,1,1,1,0,2,0,,
200,sermon,sermon-sitemap2,https://www.ccf.org.ph/message/bless-the-lord-always-am-runthrough/,https://www.ccf.org.ph/message/bless-the-lord-always-am-runthrough/,https://www.ccf.org.ph/message/bless-the-lord-always-am-runthrough/,37558,2026-08-13T08:29:05+00:00,Bless the Lord Always! - AM - Runthrough - Christ's Commission Fellowship,464,1,1,1,0,2,2,,
200,sermon,sermon-sitemap2,https://www.ccf.org.ph/message/bless-the-lord-always-am/,https://www.ccf.org.ph/message/bless-the-lord-always-am/,https://www.ccf.org.ph/message/bless-the-lord-always-am/,37535,2026-08-13T08:28:58+00:00,Bless the Lord Always! - AM - Christ's Commission Fellowship,326,1,1,1,0,2,0,,
200,sermon,sermon-sitemap2,https://www.ccf.org.ph/message/bless-the-lord-always-pm-runthrough/,https://www.ccf.org.ph/message/bless-the-lord-always-pm-runthrough/,https://www.ccf.org.ph/message/bless-the-lord-always-pm-runthrough/,37559,2026-08-13T08:29:08+00:00,Bless the Lord Always! - PM - Runthrough - Christ's Commission Fellowship,462,1,1,1,0,2,2,,
200,sermon,sermon-sitemap2,https://www.ccf.org.ph/message/bless-the-lord-always-pm/,https://www.ccf.org.ph/message/bless-the-lord-always-pm/,https://www.ccf.org.ph/message/bless-the-lord-always-pm/,37536,2026-08-13T08:29:01+00:00,Bless the Lord Always! - PM - Christ's Commission Fellowship,365,1,1,1,0,2,0,,
200,sermon,sermon-sitemap2,https://www.ccf.org.ph/message/but-if-not-faith-pm/,https://www.ccf.org.ph/message/but-if-not-faith-pm/,https://www.ccf.org.ph/message/but-if-not-faith-pm/,35335,2024-10-10T02:55:21+00:00,"""But if not"" Faith - PM - Christ's Commission Fellowship",263,1,1,1,0,2,0,,
200,sermon,sermon-sitemap2,https://www.ccf.org.ph/message/connect-to-god-our-father-am-runthrough/,https://www.ccf.org.ph/message/connect-to-god-our-father-am-runthrough/,https://www.ccf.org.ph/message/connect-to-god-our-father-am-runthrough/,37794,2026-08-13T08:11:10+00:00,Connect To God Our Father - AM - Runthrough - Christ's Commission Fellowship,297,1,1,1,0,2,2,,
200,sermon,sermon-sitemap2,https://www.ccf.org.ph/message/connect-to-god-our-father-am/,https://www.ccf.org.ph/message/connect-to-god-our-father-am/,https://www.ccf.org.ph/message/connect-to-god-our-father-am/,37729,2026-08-13T08:11:01+00:00,Connect To God Our Father - AM - Christ's Commission Fellowship,487,1,1,1,0,2,0,,
200,sermon,sermon-sitemap2,https://www.ccf.org.ph/message/connect-to-god-our-father-pm-runthrough/,https://www.ccf.org.ph/message/connect-to-god-our-father-pm-runthrough/,https://www.ccf.org.ph/message/connect-to-god-our-father-pm-runthrough/,37795,2026-08-13T08:11:12+00:00,Connect To God Our Father - PM - Runthrough - Christ's Commission Fellowship,337,1,1,1,0,2,2,,
200,sermon,sermon-sitemap2,https://www.ccf.org.ph/message/connect-to-god-our-father-pm/,https://www.ccf.org.ph/message/connect-to-god-our-father-pm/,https://www.ccf.org.ph/message/connect-to-god-our-father-pm/,37728,2026-08-13T08:11:05+00:00,Connect To God Our Father - PM - Christ's Commission Fellowship,524,1,1,1,0,2,0,,
200,sermon,sermon-sitemap2,https://www.ccf.org.ph/message/daniel-no-compromise-am-runthrough/,https://www.ccf.org.ph/message/daniel-no-compromise-am-runthrough/,https://www.ccf.org.ph/message/daniel-no-compromise-am-runthrough/,37092,2026-08-13T09:02:55+00:00,Daniel: No Compromise - AM - Runthrough - Christ's Commission Fellowship,362,1,1,1,0,2,2,,
200,sermon,sermon-sitemap2,https://www.ccf.org.ph/message/daniel-no-compromise-am/,https://www.ccf.org.ph/message/daniel-no-compromise-am/,https://www.ccf.org.ph/message/daniel-no-compromise-am/,37039,2025-03-22T07:08:51+00:00,Daniel: No Compromise - AM - Christ's Commission Fellowship,352,1,1,1,0,2,0,,
200,sermon,sermon-sitemap2,https://www.ccf.org.ph/message/daniel-no-compromise-pm-runthrough/,https://www.ccf.org.ph/message/daniel-no-compromise-pm-runthrough/,https://www.ccf.org.ph/message/daniel-no-compromise-pm-runthrough/,37093,2026-08-13T09:02:58+00:00,Daniel: No Compromise - PM - Runthrough - Christ's Commission Fellowship,385,1,1,1,0,2,2,,
200,sermon,sermon-sitemap2,https://www.ccf.org.ph/message/daniel-no-compromise-pm/,https://www.ccf.org.ph/message/daniel-no-compromise-pm/,https://www.ccf.org.ph/message/daniel-no-compromise-pm/,37038,2025-03-22T07:08:23+00:00,Daniel: No Compromise - PM - Christ's Commission Fellowship,263,1,1,1,0,2,0,,
200,sermon,sermon-sitemap2,https://www.ccf.org.ph/message/defend-the-gospel-with-your-life-am-runthrough/,https://www.ccf.org.ph/message/defend-the-gospel-with-your-life-am-runthrough/,https://www.ccf.org.ph/message/defend-the-gospel-with-your-life-am-runthrough/,39080,2026-08-13T06:34:12+00:00,Defend The Gospel With Your Life – AM - Runthrough - Christ's Commission Fellowship,508,1,1,1,0,2,2,,
200,sermon,sermon-sitemap2,https://www.ccf.org.ph/message/defend-the-gospel-with-your-life-am/,https://www.ccf.org.ph/message/defend-the-gospel-with-your-life-am/,https://www.ccf.org.ph/message/defend-the-gospel-with-your-life-am/,39057,2025-11-16T14:50:03+00:00,Defend The Gospel With Your Life - AM - Christ's Commission Fellowship,278,1,1,1,0,2,0,,
200,sermon,sermon-sitemap2,https://www.ccf.org.ph/message/defend-the-gospel-with-your-life-pm-runthrough/,https://www.ccf.org.ph/message/defend-the-gospel-with-your-life-pm-runthrough/,https://www.ccf.org.ph/message/defend-the-gospel-with-your-life-pm-runthrough/,39081,2026-08-13T06:34:14+00:00,Defend The Gospel With Your Life – PM - Runthrough - Christ's Commission Fellowship,510,1,1,1,0,2,2,,
200,sermon,sermon-sitemap2,https://www.ccf.org.ph/message/defend-the-gospel-with-your-life-pm/,https://www.ccf.org.ph/message/defend-the-gospel-with-your-life-pm/,https://www.ccf.org.ph/message/defend-the-gospel-with-your-life-pm/,39079,2026-08-13T06:34:09+00:00,Defend The Gospel With Your Life – PM - Christ's Commission Fellowship,214,1,1,1,0,2,0,,
200,sermon,sermon-sitemap2,https://www.ccf.org.ph/message/do-not-distort-the-gospel-am-runthrough/,https://www.ccf.org.ph/message/do-not-distort-the-gospel-am-runthrough/,https://www.ccf.org.ph/message/do-not-distort-the-gospel-am-runthrough/,39025,2026-08-13T06:35:27+00:00,Do Not Distort The Gospel - AM - Runthrough - Christ's Commission Fellowship,460,1,1,1,0,2,2,,
200,sermon,sermon-sitemap2,https://www.ccf.org.ph/message/do-not-distort-the-gospel-am/,https://www.ccf.org.ph/message/do-not-distort-the-gospel-am/,https://www.ccf.org.ph/message/do-not-distort-the-gospel-am/,38994,2025-11-09T14:22:04+00:00,Do Not Distort The Gospel - AM - Christ's Commission Fellowship,593,1,1,1,0,2,0,,
200,sermon,sermon-sitemap2,https://www.ccf.org.ph/message/do-not-distort-the-gospel-pm-runthrough/,https://www.ccf.org.ph/message/do-not-distort-the-gospel-pm-runthrough/,https://www.ccf.org.ph/message/do-not-distort-the-gospel-pm-runthrough/,39029,2026-08-13T06:35:30+00:00,Do Not Distort The Gospel - PM - Runthrough - Christ's Commission Fellowship,604,1,1,1,0,2,2,,
200,sermon,sermon-sitemap2,https://www.ccf.org.ph/message/do-not-distort-the-gospel-pm/,https://www.ccf.org.ph/message/do-not-distort-the-gospel-pm/,https://www.ccf.org.ph/message/do-not-distort-the-gospel-pm/,39020,2026-08-13T06:35:24+00:00,Do Not Distort The Gospel - PM - Christ's Commission Fellowship,434,1,1,1,0,2,0,,
200,sermon,sermon-sitemap2,https://www.ccf.org.ph/message/do-not-murder-respect-god-respect-life-am-runthrough/,https://www.ccf.org.ph/message/do-not-murder-respect-god-respect-life-am-runthrough/,https://www.ccf.org.ph/message/do-not-murder-respect-god-respect-life-am-runthrough/,40364,2026-08-12T04:01:02+00:00,"Do Not Murder: Respect God, Respect Life - AM - Runthrough - Christ's Commission Fellowship",609,1,1,1,0,2,2,,
200,sermon,sermon-sitemap2,https://www.ccf.org.ph/message/do-not-murder-respect-god-respect-life-am/,https://www.ccf.org.ph/message/do-not-murder-respect-god-respect-life-am/,https://www.ccf.org.ph/message/do-not-murder-respect-god-respect-life-am/,40344,2026-08-12T04:00:53+00:00,"Do Not Murder; Respect God, Respect Life - AM - Christ's Commission Fellowship",358,1,1,1,0,2,0,,
200,sermon,sermon-sitemap2,https://www.ccf.org.ph/message/do-not-murder-respect-god-respect-life-pm-runthrough/,https://www.ccf.org.ph/message/do-not-murder-respect-god-respect-life-pm-runthrough/,https://www.ccf.org.ph/message/do-not-murder-respect-god-respect-life-pm-runthrough/,40365,2026-08-12T04:01:04+00:00,"Do Not Murder: Respect God, Respect Life - PM - Runthrough - Christ's Commission Fellowship",663,1,1,1,0,2,2,,
200,sermon,sermon-sitemap2,https://www.ccf.org.ph/message/do-not-murder-respect-god-respect-life-pm/,https://www.ccf.org.ph/message/do-not-murder-respect-god-respect-life-pm/,https://www.ccf.org.ph/message/do-not-murder-respect-god-respect-life-pm/,40362,2026-08-12T04:00:57+00:00,"Do Not Murder; Respect God, Respect Life - PM - Christ's Commission Fellowship",367,1,1,1,0,2,0,,
200,sermon,sermon-sitemap2,https://www.ccf.org.ph/message/embrace-gods-mission-am-runthrough/,https://www.ccf.org.ph/message/embrace-gods-mission-am-runthrough/,https://www.ccf.org.ph/message/embrace-gods-mission-am-runthrough/,37993,2026-08-13T07:56:36+00:00,Embrace God's Mission - AM - Runthrough - Christ's Commission Fellowship,320,1,1,1,0,2,2,,
200,sermon,sermon-sitemap2,https://www.ccf.org.ph/message/embrace-gods-mission-am/,https://www.ccf.org.ph/message/embrace-gods-mission-am/,https://www.ccf.org.ph/message/embrace-gods-mission-am/,37956,2026-08-13T07:56:32+00:00,Embrace God's Mission - AM - Christ's Commission Fellowship,266,1,1,1,0,2,0,,
200,sermon,sermon-sitemap2,https://www.ccf.org.ph/message/embrace-gods-mission-pm-runthrough/,https://www.ccf.org.ph/message/embrace-gods-mission-pm-runthrough/,https://www.ccf.org.ph/message/embrace-gods-mission-pm-runthrough/,37994,2026-08-13T07:56:43+00:00,Embrace God's Mission - PM - Runthrough - Christ's Commission Fellowship,366,1,1,1,0,2,2,,
200,sermon,sermon-sitemap2,https://www.ccf.org.ph/message/embrace-gods-mission-pm/,https://www.ccf.org.ph/message/embrace-gods-mission-pm/,https://www.ccf.org.ph/message/embrace-gods-mission-pm/,37957,2026-08-13T07:56:35+00:00,Embrace God's Mission - PM - Christ's Commission Fellowship,310,1,1,1,0,2,0,,
200,sermon,sermon-sitemap2,https://www.ccf.org.ph/message/empowered-to-persevere-am-runthrough/,https://www.ccf.org.ph/message/empowered-to-persevere-am-runthrough/,https://www.ccf.org.ph/message/empowered-to-persevere-am-runthrough/,38857,2026-08-13T06:48:28+00:00,Empowered To Persevere – AM - Runthrough - Christ's Commission Fellowship,345,1,1,1,0,2,2,,
200,sermon,sermon-sitemap2,https://www.ccf.org.ph/message/empowered-to-persevere-am/,https://www.ccf.org.ph/message/empowered-to-persevere-am/,https://www.ccf.org.ph/message/empowered-to-persevere-am/,38838,2026-08-13T06:48:21+00:00,Empowered to Persevere - AM - Christ's Commission Fellowship,368,1,1,1,0,2,0,,
200,sermon,sermon-sitemap2,https://www.ccf.org.ph/message/empowered-to-persevere-pm-runthrough/,https://www.ccf.org.ph/message/empowered-to-persevere-pm-runthrough/,https://www.ccf.org.ph/message/empowered-to-persevere-pm-runthrough/,38858,2026-08-13T06:48:32+00:00,Empowered To Persevere – PM - Runthrough - Christ's Commission Fellowship,259,1,1,1,0,2,2,,
200,sermon,sermon-sitemap2,https://www.ccf.org.ph/message/empowered-to-persevere-pm/,https://www.ccf.org.ph/message/empowered-to-persevere-pm/,https://www.ccf.org.ph/message/empowered-to-persevere-pm/,38839,2026-08-13T06:48:24+00:00,Empowered to Persevere - PM - Christ's Commission Fellowship,389,1,1,1,0,2,0,,
200,sermon,sermon-sitemap2,https://www.ccf.org.ph/message/esther-how-to-multiply-gods-favor-am-runthrough/,https://www.ccf.org.ph/message/esther-how-to-multiply-gods-favor-am-runthrough/,https://www.ccf.org.ph/message/esther-how-to-multiply-gods-favor-am-runthrough/,37238,2026-08-13T08:55:18+00:00,Esther: How To Multiply God's Favor - AM - Runthrough - Christ's Commission Fellowship,363,1,1,1,0,2,2,,
200,sermon,sermon-sitemap2,https://www.ccf.org.ph/message/esther-how-to-multiply-gods-favor-am/,https://www.ccf.org.ph/message/esther-how-to-multiply-gods-favor-am/,https://www.ccf.org.ph/message/esther-how-to-multiply-gods-favor-am/,37216,2025-04-12T10:42:39+00:00,Esther: How To Multiply God's Favor - AM - Christ's Commission Fellowship,385,1,1,1,0,2,0,,
200,sermon,sermon-sitemap2,https://www.ccf.org.ph/message/esther-how-to-multiply-gods-favor-pm-runthrough/,https://www.ccf.org.ph/message/esther-how-to-multiply-gods-favor-pm-runthrough/,https://www.ccf.org.ph/message/esther-how-to-multiply-gods-favor-pm-runthrough/,37239,2026-08-13T08:55:19+00:00,Esther: How To Multiply God's Favor - PM - Runthrough - Christ's Commission Fellowship,376,1,1,1,0,2,2,,
200,sermon,sermon-sitemap2,https://www.ccf.org.ph/message/esther-how-to-multiply-gods-favor-pm/,https://www.ccf.org.ph/message/esther-how-to-multiply-gods-favor-pm/,https://www.ccf.org.ph/message/esther-how-to-multiply-gods-favor-pm/,37215,2025-04-12T10:43:06+00:00,Esther: How To Multiply God's Favor - PM - Christ's Commission Fellowship,454,1,1,1,0,2,0,,
200,sermon,sermon-sitemap2,https://www.ccf.org.ph/message/experience-gods-extraordinary-favor-am-runthrough/,https://www.ccf.org.ph/message/experience-gods-extraordinary-favor-am-runthrough/,https://www.ccf.org.ph/message/experience-gods-extraordinary-favor-am-runthrough/,41865,2026-08-26T05:57:53+00:00,Experience God’s Extraordinary Favor - AM - Runthrough - Christ's Commission Fellowship,497,1,1,1,0,2,2,,
200,sermon,sermon-sitemap2,https://www.ccf.org.ph/message/experience-gods-extraordinary-favor-am/,https://www.ccf.org.ph/message/experience-gods-extraordinary-favor-am/,https://www.ccf.org.ph/message/experience-gods-extraordinary-favor-am/,41843,2026-08-24T02:20:43+00:00,Experience God’s Extraordinary Favor - AM - Christ's Commission Fellowship,380,1,1,1,0,2,0,,
200,sermon,sermon-sitemap2,https://www.ccf.org.ph/message/experience-gods-extraordinary-favor-pm-runthrough/,https://www.ccf.org.ph/message/experience-gods-extraordinary-favor-pm-runthrough/,https://www.ccf.org.ph/message/experience-gods-extraordinary-favor-pm-runthrough/,41864,2026-08-26T06:00:27+00:00,Experience God’s Extraordinary Favor - PM - Runthrough - Christ's Commission Fellowship,630,1,1,1,0,2,2,,
200,sermon,sermon-sitemap2,https://www.ccf.org.ph/message/experience-gods-extraordinary-favor-pm/,https://www.ccf.org.ph/message/experience-gods-extraordinary-favor-pm/,https://www.ccf.org.ph/message/experience-gods-extraordinary-favor-pm/,41844,2026-08-24T02:21:10+00:00,Experience God’s Extraordinary Favor - PM - Christ's Commission Fellowship,448,1,1,1,0,2,0,,
200,sermon,sermon-sitemap2,https://www.ccf.org.ph/message/experience-our-extraordinary-god-by-faith-am-runthrough/,https://www.ccf.org.ph/message/experience-our-extraordinary-god-by-faith-am-runthrough/,https://www.ccf.org.ph/message/experience-our-extraordinary-god-by-faith-am-runthrough/,41831,2026-08-20T01:52:13+00:00,Experience Our Extraordinary God By Faith - AM - Runthrough - Christ's Commission Fellowship,585,1,1,1,0,2,2,,
200,sermon,sermon-sitemap2,https://www.ccf.org.ph/message/experience-our-extraordinary-god-by-faith-am/,https://www.ccf.org.ph/message/experience-our-extraordinary-god-by-faith-am/,https://www.ccf.org.ph/message/experience-our-extraordinary-god-by-faith-am/,41691,2026-08-17T01:22:50+00:00,Experience Our Extraordinary God By Faith - AM - Christ's Commission Fellowship,328,1,1,1,0,2,0,,
200,sermon,sermon-sitemap2,https://www.ccf.org.ph/message/experience-our-extraordinary-god-by-faith-pm-runthrough/,https://www.ccf.org.ph/message/experience-our-extraordinary-god-by-faith-pm-runthrough/,https://www.ccf.org.ph/message/experience-our-extraordinary-god-by-faith-pm-runthrough/,41832,2026-09-03T02:03:59+00:00,Experience Our Extraordinary God By Faith - PM - Runthrough - Christ's Commission Fellowship,609,1,1,1,0,2,2,,
200,sermon,sermon-sitemap2,https://www.ccf.org.ph/message/experience-our-extraordinary-god-by-faith-pm/,https://www.ccf.org.ph/message/experience-our-extraordinary-god-by-faith-pm/,https://www.ccf.org.ph/message/experience-our-extraordinary-god-by-faith-pm/,41712,2026-08-18T03:24:38+00:00,Experience Our Extraordinary God By Faith - PM - Christ's Commission Fellowship,374,1,1,1,0,2,0,,
200,sermon,sermon-sitemap2,https://www.ccf.org.ph/message/experience-true-salvation-am-runthrough/,https://www.ccf.org.ph/message/experience-true-salvation-am-runthrough/,https://www.ccf.org.ph/message/experience-true-salvation-am-runthrough/,36525,2026-08-13T09:46:17+00:00,Experience True Salvation - AM - Runthrough - Christ's Commission Fellowship,390,1,1,1,0,2,2,,
200,sermon,sermon-sitemap2,https://www.ccf.org.ph/message/experience-true-salvation-am/,https://www.ccf.org.ph/message/experience-true-salvation-am/,https://www.ccf.org.ph/message/experience-true-salvation-am/,36473,2026-08-13T09:46:07+00:00,Experience True Salvation - AM - Christ's Commission Fellowship,342,1,1,1,0,2,0,,
200,sermon,sermon-sitemap2,https://www.ccf.org.ph/message/experience-true-salvation-pm-runthrough/,https://www.ccf.org.ph/message/experience-true-salvation-pm-runthrough/,https://www.ccf.org.ph/message/experience-true-salvation-pm-runthrough/,36526,2026-08-13T09:46:19+00:00,Experience True Salvation - PM - Runthrough - Christ's Commission Fellowship,395,1,1,1,0,2,2,,
200,sermon,sermon-sitemap2,https://www.ccf.org.ph/message/experience-true-salvation-pm/,https://www.ccf.org.ph/message/experience-true-salvation-pm/,https://www.ccf.org.ph/message/experience-true-salvation-pm/,36475,2026-08-13T09:46:13+00:00,Experience True Salvation - PM - Christ's Commission Fellowship,361,1,1,1,0,2,0,,
200,sermon,sermon-sitemap2,https://www.ccf.org.ph/message/eye-witness-2-more-lessons-from-people-who-saw-jesus-suffer-am-runthrough/,https://www.ccf.org.ph/message/eye-witness-2-more-lessons-from-people-who-saw-jesus-suffer-am-runthrough/,https://www.ccf.org.ph/message/eye-witness-2-more-lessons-from-people-who-saw-jesus-suffer-am-runthrough/,40040,2026-08-12T04:11:02+00:00,EYE WITNESS 2: More Lessons from People Who Saw Jesus Suffer - AM - Runthrough - Christ's Commission Fellowship,446,1,1,1,0,2,2,,
200,sermon,sermon-sitemap2,https://www.ccf.org.ph/message/eye-witness-2-more-lessons-from-people-who-saw-jesus-suffer-am/,https://www.ccf.org.ph/message/eye-witness-2-more-lessons-from-people-who-saw-jesus-suffer-am/,https://www.ccf.org.ph/message/eye-witness-2-more-lessons-from-people-who-saw-jesus-suffer-am/,40022,2026-08-12T04:10:39+00:00,EYE WITNESS 2: More Lessons from People Who Saw Jesus Suffer - AM - Christ's Commission Fellowship,527,1,1,1,0,2,0,,
200,sermon,sermon-sitemap2,https://www.ccf.org.ph/message/eye-witness-2-more-lessons-from-people-who-saw-jesus-suffer-pm-runthrough/,https://www.ccf.org.ph/message/eye-witness-2-more-lessons-from-people-who-saw-jesus-suffer-pm-runthrough/,https://www.ccf.org.ph/message/eye-witness-2-more-lessons-from-people-who-saw-jesus-suffer-pm-runthrough/,40041,2026-08-12T04:11:11+00:00,EYE WITNESS 2: More Lessons from People Who Saw Jesus Suffer - PM - Runthrough - Christ's Commission Fellowship,491,1,1,1,0,2,2,,
200,sermon,sermon-sitemap2,https://www.ccf.org.ph/message/eye-witness-2-more-lessons-from-people-who-saw-jesus-suffer-pm/,https://www.ccf.org.ph/message/eye-witness-2-more-lessons-from-people-who-saw-jesus-suffer-pm/,https://www.ccf.org.ph/message/eye-witness-2-more-lessons-from-people-who-saw-jesus-suffer-pm/,40038,2026-08-12T04:10:51+00:00,EYE WITNESS 2: More Lessons from People Who Saw Jesus Suffer - PM - Christ's Commission Fellowship,622,1,1,1,0,2,0,,
200,sermon,sermon-sitemap2,https://www.ccf.org.ph/message/eye-witness-am-runthrough/,https://www.ccf.org.ph/message/eye-witness-am-runthrough/,https://www.ccf.org.ph/message/eye-witness-am-runthrough/,39987,2026-08-12T04:15:01+00:00,Eye Witness - AM - Runthrough - Christ's Commission Fellowship,507,1,1,1,0,2,2,,
200,sermon,sermon-sitemap2,https://www.ccf.org.ph/message/eye-witness-am/,https://www.ccf.org.ph/message/eye-witness-am/,https://www.ccf.org.ph/message/eye-witness-am/,39956,2026-08-12T04:14:51+00:00,Eye Witness - AM - Christ's Commission Fellowship,424,1,1,1,0,2,0,,
200,sermon,sermon-sitemap2,https://www.ccf.org.ph/message/eye-witness-pm-runthrough/,https://www.ccf.org.ph/message/eye-witness-pm-runthrough/,https://www.ccf.org.ph/message/eye-witness-pm-runthrough/,39988,2026-08-12T04:15:05+00:00,Eye Witness - PM - Runthrough - Christ's Commission Fellowship,585,1,1,1,0,2,2,,
200,sermon,sermon-sitemap2,https://www.ccf.org.ph/message/eye-witness-pm/,https://www.ccf.org.ph/message/eye-witness-pm/,https://www.ccf.org.ph/message/eye-witness-pm/,39983,2026-08-12T04:14:56+00:00,Eye Witness - PM - Christ's Commission Fellowship,457,1,1,1,0,2,0,,
200,sermon,sermon-sitemap2,https://www.ccf.org.ph/message/follow-gods-purpose-go-beyond-am-runthrough/,https://www.ccf.org.ph/message/follow-gods-purpose-go-beyond-am-runthrough/,https://www.ccf.org.ph/message/follow-gods-purpose-go-beyond-am-runthrough/,38195,2026-08-13T07:38:41+00:00,Follow God's Purpose: Go Beyond! - AM - Runthrough - Christ's Commission Fellowship,336,1,1,1,0,2,2,,
200,sermon,sermon-sitemap2,https://www.ccf.org.ph/message/follow-gods-purpose-go-beyond-am/,https://www.ccf.org.ph/message/follow-gods-purpose-go-beyond-am/,https://www.ccf.org.ph/message/follow-gods-purpose-go-beyond-am/,38174,2026-08-13T07:38:30+00:00,Follow God's Purpose: Go Beyond! - AM - Christ's Commission Fellowship,362,1,1,1,0,2,0,,
200,sermon,sermon-sitemap2,https://www.ccf.org.ph/message/follow-gods-purpose-go-beyond-pm-runthrough/,https://www.ccf.org.ph/message/follow-gods-purpose-go-beyond-pm-runthrough/,https://www.ccf.org.ph/message/follow-gods-purpose-go-beyond-pm-runthrough/,38196,2026-08-13T07:38:47+00:00,Follow God's Purpose: Go Beyond! - PM - Runthrough - Christ's Commission Fellowship,342,1,1,1,0,2,2,,
200,sermon,sermon-sitemap2,https://www.ccf.org.ph/message/follow-gods-purpose-go-beyond-pm/,https://www.ccf.org.ph/message/follow-gods-purpose-go-beyond-pm/,https://www.ccf.org.ph/message/follow-gods-purpose-go-beyond-pm/,38175,2026-08-13T07:38:35+00:00,Follow God's Purpose: Go Beyond! - PM - Christ's Commission Fellowship,421,1,1,1,0,2,0,,
200,sermon,sermon-sitemap2,https://www.ccf.org.ph/message/gifts-for-the-king-what-should-you-bring-am-runthrough/,https://www.ccf.org.ph/message/gifts-for-the-king-what-should-you-bring-am-runthrough/,https://www.ccf.org.ph/message/gifts-for-the-king-what-should-you-bring-am-runthrough/,36286,2024-12-26T05:22:06+00:00,Gifts For The King: What Should You bring? - AM - Runthrough - Christ's Commission Fellowship,518,1,1,1,0,2,2,,
200,sermon,sermon-sitemap2,https://www.ccf.org.ph/message/gifts-for-the-king-what-should-you-bring-am/,https://www.ccf.org.ph/message/gifts-for-the-king-what-should-you-bring-am/,https://www.ccf.org.ph/message/gifts-for-the-king-what-should-you-bring-am/,36253,2024-12-23T16:27:56+00:00,Gifts For The King: What Should You bring? - AM - Christ's Commission Fellowship,294,1,1,1,0,2,0,,
200,sermon,sermon-sitemap2,https://www.ccf.org.ph/message/gifts-for-the-king-what-should-you-bring-pm-runthrough/,https://www.ccf.org.ph/message/gifts-for-the-king-what-should-you-bring-pm-runthrough/,https://www.ccf.org.ph/message/gifts-for-the-king-what-should-you-bring-pm-runthrough/,36287,2024-12-25T07:12:20+00:00,Gifts For The King: What Should You bring? - PM - Runthrough - Christ's Commission Fellowship,591,1,1,1,0,2,2,,
200,sermon,sermon-sitemap2,https://www.ccf.org.ph/message/gifts-for-the-king-what-should-you-bring-pm/,https://www.ccf.org.ph/message/gifts-for-the-king-what-should-you-bring-pm/,https://www.ccf.org.ph/message/gifts-for-the-king-what-should-you-bring-pm/,36254,2024-12-23T16:27:46+00:00,Gifts For The King: What Should You bring? - PM - Christ's Commission Fellowship,340,1,1,1,0,2,0,,
200,sermon,sermon-sitemap2,https://www.ccf.org.ph/message/go-back-to-god-am/,https://www.ccf.org.ph/message/go-back-to-god-am/,https://www.ccf.org.ph/message/go-back-to-god-am/,37166,2025-04-06T15:50:12+00:00,Judah: Go back to God! - AM - Christ's Commission Fellowship,339,1,1,1,0,2,0,,
200,sermon,sermon-sitemap2,https://www.ccf.org.ph/message/go-back-to-god-pm/,https://www.ccf.org.ph/message/go-back-to-god-pm/,https://www.ccf.org.ph/message/go-back-to-god-pm/,37167,2025-04-06T15:50:21+00:00,Judah: Go back to God! - PM - Christ's Commission Fellowship,263,1,1,1,0,2,0,,
200,sermon,sermon-sitemap2,https://www.ccf.org.ph/message/god-is-forgiving-choose-forgiveness-am-runthrough/,https://www.ccf.org.ph/message/god-is-forgiving-choose-forgiveness-am-runthrough/,https://www.ccf.org.ph/message/god-is-forgiving-choose-forgiveness-am-runthrough/,38718,2026-08-13T07:23:48+00:00,God is Forgiving: Choose Forgiveness - AM - Runthrough - Christ's Commission Fellowship,438,1,1,1,0,2,2,,
200,sermon,sermon-sitemap2,https://www.ccf.org.ph/message/god-is-forgiving-choose-forgiveness-am/,https://www.ccf.org.ph/message/god-is-forgiving-choose-forgiveness-am/,https://www.ccf.org.ph/message/god-is-forgiving-choose-forgiveness-am/,38674,2026-08-13T07:23:40+00:00,God is Forgiving: Choose Forgiveness - AM - Christ's Commission Fellowship,332,1,1,1,0,2,0,,
200,sermon,sermon-sitemap2,https://www.ccf.org.ph/message/god-is-forgiving-choose-forgiveness-pm-runthrough/,https://www.ccf.org.ph/message/god-is-forgiving-choose-forgiveness-pm-runthrough/,https://www.ccf.org.ph/message/god-is-forgiving-choose-forgiveness-pm-runthrough/,38719,2026-08-13T07:23:56+00:00,God is Forgiving: Choose Forgiveness - PM - Runthrough - Christ's Commission Fellowship,439,1,1,1,0,2,2,,
200,sermon,sermon-sitemap2,https://www.ccf.org.ph/message/god-is-forgiving-choose-forgiveness-pm/,https://www.ccf.org.ph/message/god-is-forgiving-choose-forgiveness-pm/,https://www.ccf.org.ph/message/god-is-forgiving-choose-forgiveness-pm/,38675,2026-08-13T07:23:44+00:00,God is Forgiving: Choose Forgiveness - PM - Christ's Commission Fellowship,457,1,1,1,0,2,0,,
200,sermon,sermon-sitemap2,https://www.ccf.org.ph/message/god-is-holy-be-holy-am-runthrough/,https://www.ccf.org.ph/message/god-is-holy-be-holy-am-runthrough/,https://www.ccf.org.ph/message/god-is-holy-be-holy-am-runthrough/,38272,2026-08-13T07:34:44+00:00,"God is Holy, Be Holy! - AM - Runthrough - Christ's Commission Fellowship",352,1,1,1,0,2,2,,
200,sermon,sermon-sitemap2,https://www.ccf.org.ph/message/god-is-holy-be-holy-am/,https://www.ccf.org.ph/message/god-is-holy-be-holy-am/,https://www.ccf.org.ph/message/god-is-holy-be-holy-am/,38235,2026-08-13T07:34:37+00:00,"God is Holy, Be Holy - AM - Christ's Commission Fellowship",334,1,1,1,0,2,0,,
200,sermon,sermon-sitemap2,https://www.ccf.org.ph/message/god-is-holy-be-holy-pm-runthrough/,https://www.ccf.org.ph/message/god-is-holy-be-holy-pm-runthrough/,https://www.ccf.org.ph/message/god-is-holy-be-holy-pm-runthrough/,38273,2026-08-13T07:34:49+00:00,"God is Holy, Be Holy! - PM - Runthrough - Christ's Commission Fellowship",361,1,1,1,0,2,2,,
200,sermon,sermon-sitemap2,https://www.ccf.org.ph/message/god-is-holy-be-holy-pm/,https://www.ccf.org.ph/message/god-is-holy-be-holy-pm/,https://www.ccf.org.ph/message/god-is-holy-be-holy-pm/,38236,2026-08-13T07:34:41+00:00,"God is Holy, Be Holy - PM - Christ's Commission Fellowship",401,1,1,1,0,2,0,,
200,sermon,sermon-sitemap2,https://www.ccf.org.ph/message/god-is-love-love-like-god-am-runthrough/,https://www.ccf.org.ph/message/god-is-love-love-like-god-am-runthrough/,https://www.ccf.org.ph/message/god-is-love-love-like-god-am-runthrough/,38401,2026-08-13T07:30:32+00:00,"God is Love, Love like God! - AM - Runthrough - Christ's Commission Fellowship",360,1,1,1,0,2,2,,
200,sermon,sermon-sitemap2,https://www.ccf.org.ph/message/god-is-love-love-like-god-am/,https://www.ccf.org.ph/message/god-is-love-love-like-god-am/,https://www.ccf.org.ph/message/god-is-love-love-like-god-am/,38381,2025-08-24T15:20:01+00:00,"God is Love, Love like God - AM - Christ's Commission Fellowship",495,1,1,1,0,2,0,,
200,sermon,sermon-sitemap2,https://www.ccf.org.ph/message/god-is-love-love-like-god-pm-runthrough/,https://www.ccf.org.ph/message/god-is-love-love-like-god-pm-runthrough/,https://www.ccf.org.ph/message/god-is-love-love-like-god-pm-runthrough/,38405,2026-08-13T07:30:36+00:00,"God is Love, Love like God! - PM - Runthrough - Christ's Commission Fellowship",363,1,1,1,0,2,2,,
200,sermon,sermon-sitemap2,https://www.ccf.org.ph/message/god-is-love-love-like-god-pm/,https://www.ccf.org.ph/message/god-is-love-love-like-god-pm/,https://www.ccf.org.ph/message/god-is-love-love-like-god-pm/,38382,2025-08-24T15:22:07+00:00,"God is Love, Love like God - PM - Christ's Commission Fellowship",563,1,1,1,0,2,0,,
200,sermon,sermon-sitemap2,https://www.ccf.org.ph/message/god-provides-do-not-steal-bless-others-am-runthrough/,https://www.ccf.org.ph/message/god-provides-do-not-steal-bless-others-am-runthrough/,https://www.ccf.org.ph/message/god-provides-do-not-steal-bless-others-am-runthrough/,40724,2026-08-11T09:01:08+00:00,"God Provides: Do not steal, Bless Others! - AM - Runthrough - Christ's Commission Fellowship",558,1,1,1,0,2,2,,
200,sermon,sermon-sitemap2,https://www.ccf.org.ph/message/god-provides-do-not-steal-bless-others-am/,https://www.ccf.org.ph/message/god-provides-do-not-steal-bless-others-am/,https://www.ccf.org.ph/message/god-provides-do-not-steal-bless-others-am/,40700,2026-05-24T14:55:57+00:00,"God Provides: Do not steal, Bless Others! - AM - Christ's Commission Fellowship",515,1,1,1,0,2,0,,
200,sermon,sermon-sitemap2,https://www.ccf.org.ph/message/god-provides-do-not-steal-bless-others-pm-runthrough/,https://www.ccf.org.ph/message/god-provides-do-not-steal-bless-others-pm-runthrough/,https://www.ccf.org.ph/message/god-provides-do-not-steal-bless-others-pm-runthrough/,40725,2026-08-11T09:01:30+00:00,"God Provides: Do not steal, Bless Others! - PM - Runthrough - Christ's Commission Fellowship",638,1,1,1,0,2,2,,
200,sermon,sermon-sitemap2,https://www.ccf.org.ph/message/god-provides-do-not-steal-bless-others-pm/,https://www.ccf.org.ph/message/god-provides-do-not-steal-bless-others-pm/,https://www.ccf.org.ph/message/god-provides-do-not-steal-bless-others-pm/,40705,2026-08-11T09:00:59+00:00,"God Provides: Do not steal, Bless Others! - PM - Christ's Commission Fellowship",649,1,1,1,0,2,0,,
200,sermon,sermon-sitemap2,https://www.ccf.org.ph/message/god-restores-come-back-to-jesus-am-runthrough/,https://www.ccf.org.ph/message/god-restores-come-back-to-jesus-am-runthrough/,https://www.ccf.org.ph/message/god-restores-come-back-to-jesus-am-runthrough/,35686,2024-10-29T11:43:45+00:00,"God Restores, Come Back To Jesus - AM - Runthrough - Christ's Commission Fellowship",464,1,1,1,0,2,2,,
200,sermon,sermon-sitemap2,https://www.ccf.org.ph/message/god-restores-come-back-to-jesus-am/,https://www.ccf.org.ph/message/god-restores-come-back-to-jesus-am/,https://www.ccf.org.ph/message/god-restores-come-back-to-jesus-am/,35651,2024-11-04T04:03:10+00:00,"God Restores, Come Back To Jesus - AM - Christ's Commission Fellowship",346,1,1,1,0,2,0,,
200,sermon,sermon-sitemap2,https://www.ccf.org.ph/message/god-restores-come-back-to-jesus-pm-runthrough/,https://www.ccf.org.ph/message/god-restores-come-back-to-jesus-pm-runthrough/,https://www.ccf.org.ph/message/god-restores-come-back-to-jesus-pm-runthrough/,35687,2024-10-29T11:44:27+00:00,"God Restores, Come Back To Jesus - PM - Runthrough - Christ's Commission Fellowship",583,1,1,1,0,2,2,,
200,sermon,sermon-sitemap2,https://www.ccf.org.ph/message/god-restores-come-back-to-jesus-pm/,https://www.ccf.org.ph/message/god-restores-come-back-to-jesus-pm/,https://www.ccf.org.ph/message/god-restores-come-back-to-jesus-pm/,35655,2024-11-04T04:02:50+00:00,"God Restores, Come Back To Jesus - PM - Christ's Commission Fellowship",328,1,1,1,0,2,0,,
200,sermon,sermon-sitemap2,https://www.ccf.org.ph/message/gods-compassion-is-mission-am-runthrough/,https://www.ccf.org.ph/message/gods-compassion-is-mission-am-runthrough/,https://www.ccf.org.ph/message/gods-compassion-is-mission-am-runthrough/,41207,2026-08-11T04:54:34+00:00,God's Compassion Is Mission - AM - Runthrough - Christ's Commission Fellowship,485,1,1,1,0,2,2,,
200,sermon,sermon-sitemap2,https://www.ccf.org.ph/message/gods-compassion-is-mission-am/,https://www.ccf.org.ph/message/gods-compassion-is-mission-am/,https://www.ccf.org.ph/message/gods-compassion-is-mission-am/,41170,2026-08-11T04:54:20+00:00,God's Compassion Is Mission - AM - Christ's Commission Fellowship,451,1,1,1,0,2,0,,
200,sermon,sermon-sitemap2,https://www.ccf.org.ph/message/gods-compassion-is-mission-pm-runthrough/,https://www.ccf.org.ph/message/gods-compassion-is-mission-pm-runthrough/,https://www.ccf.org.ph/message/gods-compassion-is-mission-pm-runthrough/,41208,2026-08-11T04:54:41+00:00,God's Compassion Is Mission - PM - Runthrough - Christ's Commission Fellowship,533,1,1,1,0,2,2,,
200,sermon,sermon-sitemap2,https://www.ccf.org.ph/message/gods-compassion-is-mission-pm/,https://www.ccf.org.ph/message/gods-compassion-is-mission-pm/,https://www.ccf.org.ph/message/gods-compassion-is-mission-pm/,41205,2026-08-11T04:54:27+00:00,God's Compassion Is Mission - PM - Christ's Commission Fellowship,529,1,1,1,0,2,0,,
200,sermon,sermon-sitemap2,https://www.ccf.org.ph/message/gods-extraordinary-grace-restores-ordinary-people-am-runthrough/,https://www.ccf.org.ph/message/gods-extraordinary-grace-restores-ordinary-people-am-runthrough/,https://www.ccf.org.ph/message/gods-extraordinary-grace-restores-ordinary-people-am-runthrough/,41617,2026-08-12T05:00:57+00:00,"God's Extraordinary Grace, Restores Ordinary People - AM - Runthrough - Christ's Commission Fellowship",651,1,1,1,0,2,2,,
200,sermon,sermon-sitemap2,https://www.ccf.org.ph/message/gods-extraordinary-grace-restores-ordinary-people-am/,https://www.ccf.org.ph/message/gods-extraordinary-grace-restores-ordinary-people-am/,https://www.ccf.org.ph/message/gods-extraordinary-grace-restores-ordinary-people-am/,41551,2026-08-10T01:19:24+00:00,God's Extraordinary Grace Restores Ordinary People - AM - Christ's Commission Fellowship,475,1,1,1,0,2,0,,
200,sermon,sermon-sitemap2,https://www.ccf.org.ph/message/gods-extraordinary-grace-restores-ordinary-people-pm-runthrough/,https://www.ccf.org.ph/message/gods-extraordinary-grace-restores-ordinary-people-pm-runthrough/,https://www.ccf.org.ph/message/gods-extraordinary-grace-restores-ordinary-people-pm-runthrough/,41618,2026-08-12T05:02:42+00:00,"God's Extraordinary Grace, Restores Ordinary People - PM - Runthrough - Christ's Commission Fellowship",742,1,1,1,0,2,2,,
200,sermon,sermon-sitemap2,https://www.ccf.org.ph/message/gods-extraordinary-grace-restores-ordinary-people-pm/,https://www.ccf.org.ph/message/gods-extraordinary-grace-restores-ordinary-people-pm/,https://www.ccf.org.ph/message/gods-extraordinary-grace-restores-ordinary-people-pm/,41615,2026-08-12T04:57:13+00:00,"God's Extraordinary Grace, Restores Ordinary People - PM - Christ's Commission Fellowship",488,1,1,1,0,2,0,,
200,sermon,sermon-sitemap2,https://www.ccf.org.ph/message/gods-wrath-be-aware-and-repent-am-runthrough/,https://www.ccf.org.ph/message/gods-wrath-be-aware-and-repent-am-runthrough/,https://www.ccf.org.ph/message/gods-wrath-be-aware-and-repent-am-runthrough/,38317,2026-08-13T07:32:16+00:00,God's Wrath: Be Aware and Repent! - AM - Runthrough - Christ's Commission Fellowship,307,1,1,1,0,2,2,,
200,sermon,sermon-sitemap2,https://www.ccf.org.ph/message/gods-wrath-be-aware-and-repent-am/,https://www.ccf.org.ph/message/gods-wrath-be-aware-and-repent-am/,https://www.ccf.org.ph/message/gods-wrath-be-aware-and-repent-am/,38296,2026-08-13T07:32:07+00:00,God's Wrath: Be Aware and Repent! - AM - Christ's Commission Fellowship,402,1,1,1,0,2,0,,
200,sermon,sermon-sitemap2,https://www.ccf.org.ph/message/gods-wrath-be-aware-and-repent-pm-runthrough/,https://www.ccf.org.ph/message/gods-wrath-be-aware-and-repent-pm-runthrough/,https://www.ccf.org.ph/message/gods-wrath-be-aware-and-repent-pm-runthrough/,38318,2026-08-13T07:32:20+00:00,God's Wrath: Be Aware and Repent! - PM - Runthrough - Christ's Commission Fellowship,349,1,1,1,0,2,2,,
200,sermon,sermon-sitemap2,https://www.ccf.org.ph/message/gods-wrath-be-aware-and-repent-pm/,https://www.ccf.org.ph/message/gods-wrath-be-aware-and-repent-pm/,https://www.ccf.org.ph/message/gods-wrath-be-aware-and-repent-pm/,38297,2026-08-13T07:32:13+00:00,God's Wrath: Be Aware and Repent! - PM - Christ's Commission Fellowship,452,1,1,1,0,2,0,,
200,sermon,sermon-sitemap2,https://www.ccf.org.ph/message/going-for-the-greatest-purpose-runthrough/,https://www.ccf.org.ph/message/going-for-the-greatest-purpose-runthrough/,https://www.ccf.org.ph/message/going-for-the-greatest-purpose-runthrough/,38045,2026-08-13T07:44:45+00:00,Going For The Greatest Purpose - Runthrough - Christ's Commission Fellowship,381,1,1,1,0,2,2,,
200,sermon,sermon-sitemap2,https://www.ccf.org.ph/message/great-is-the-lord-worship-extravagantly-am-runthrough/,https://www.ccf.org.ph/message/great-is-the-lord-worship-extravagantly-am-runthrough/,https://www.ccf.org.ph/message/great-is-the-lord-worship-extravagantly-am-runthrough/,37593,2026-08-13T08:27:37+00:00,Great Is The Lord! Worship Extravagantly - AM - Runthrough - Christ's Commission Fellowship,350,1,1,1,0,2,2,,
200,sermon,sermon-sitemap2,https://www.ccf.org.ph/message/great-is-the-lord-worship-extravagantly-am/,https://www.ccf.org.ph/message/great-is-the-lord-worship-extravagantly-am/,https://www.ccf.org.ph/message/great-is-the-lord-worship-extravagantly-am/,37575,2026-08-13T08:27:32+00:00,Great Is The Lord! Worship Extravagantly - AM - Christ's Commission Fellowship,418,1,1,1,0,2,0,,
200,sermon,sermon-sitemap2,https://www.ccf.org.ph/message/great-is-the-lord-worship-extravagantly-pm-runthrough/,https://www.ccf.org.ph/message/great-is-the-lord-worship-extravagantly-pm-runthrough/,https://www.ccf.org.ph/message/great-is-the-lord-worship-extravagantly-pm-runthrough/,37594,2026-08-13T08:27:43+00:00,Great Is The Lord! Worship Extravagantly - PM - Runthrough - Christ's Commission Fellowship,367,1,1,1,0,2,2,,
200,sermon,sermon-sitemap2,https://www.ccf.org.ph/message/great-is-the-lord-worship-extravagantly-pm/,https://www.ccf.org.ph/message/great-is-the-lord-worship-extravagantly-pm/,https://www.ccf.org.ph/message/great-is-the-lord-worship-extravagantly-pm/,37576,2026-08-13T08:27:36+00:00,Great Is The Lord! Worship Extravagantly - PM - Christ's Commission Fellowship,279,1,1,1,0,2,0,,
200,sermon,sermon-sitemap2,https://www.ccf.org.ph/message/guard-your-joy-beware-of-joy-robbers-am-runthrough/,https://www.ccf.org.ph/message/guard-your-joy-beware-of-joy-robbers-am-runthrough/,https://www.ccf.org.ph/message/guard-your-joy-beware-of-joy-robbers-am-runthrough/,37016,2026-08-13T09:08:16+00:00,Guard Your Joy: Beware of Joy Robbers - AM - Runthrough - Christ's Commission Fellowship,393,1,1,1,0,2,2,,
200,sermon,sermon-sitemap2,https://www.ccf.org.ph/message/guard-your-joy-beware-of-joy-robbers-am/,https://www.ccf.org.ph/message/guard-your-joy-beware-of-joy-robbers-am/,https://www.ccf.org.ph/message/guard-your-joy-beware-of-joy-robbers-am/,36983,2026-08-13T09:08:08+00:00,Guard Your Joy: Beware of Joy Robbers - AM - Christ's Commission Fellowship,433,1,1,1,0,2,0,,
200,sermon,sermon-sitemap2,https://www.ccf.org.ph/message/guard-your-joy-beware-of-joy-robbers-pm-runthrough/,https://www.ccf.org.ph/message/guard-your-joy-beware-of-joy-robbers-pm-runthrough/,https://www.ccf.org.ph/message/guard-your-joy-beware-of-joy-robbers-pm-runthrough/,37017,2025-03-13T01:16:03+00:00,Guard Your Joy: Beware of Joy Robbers - PM - Runthrough - Christ's Commission Fellowship,387,1,1,1,0,2,2,,
200,sermon,sermon-sitemap2,https://www.ccf.org.ph/message/guard-your-joy-beware-of-joy-robbers-pm/,https://www.ccf.org.ph/message/guard-your-joy-beware-of-joy-robbers-pm/,https://www.ccf.org.ph/message/guard-your-joy-beware-of-joy-robbers-pm/,36984,2026-08-13T09:08:12+00:00,Guard Your Joy: Beware of Joy Robbers - PM - Christ's Commission Fellowship,452,1,1,1,0,2,0,,
200,sermon,sermon-sitemap2,https://www.ccf.org.ph/message/honor-god-by-honoring-your-father-and-mother-am-runthrough/,https://www.ccf.org.ph/message/honor-god-by-honoring-your-father-and-mother-am-runthrough/,https://www.ccf.org.ph/message/honor-god-by-honoring-your-father-and-mother-am-runthrough/,40325,2026-08-12T04:02:05+00:00,Honor God by Honoring Your Father and Mother - AM - Runthrough - Christ's Commission Fellowship,420,1,1,1,0,2,2,,
200,sermon,sermon-sitemap2,https://www.ccf.org.ph/message/honor-god-by-honoring-your-father-and-mother-am/,https://www.ccf.org.ph/message/honor-god-by-honoring-your-father-and-mother-am/,https://www.ccf.org.ph/message/honor-god-by-honoring-your-father-and-mother-am/,40300,2026-05-03T14:00:21+00:00,Honor God by Honoring Your Father and Mother - AM - Christ's Commission Fellowship,457,1,1,1,0,2,0,,
200,sermon,sermon-sitemap2,https://www.ccf.org.ph/message/honor-god-by-honoring-your-father-and-mother-pm-runthrough/,https://www.ccf.org.ph/message/honor-god-by-honoring-your-father-and-mother-pm-runthrough/,https://www.ccf.org.ph/message/honor-god-by-honoring-your-father-and-mother-pm-runthrough/,40326,2026-08-12T04:01:55+00:00,Honor God by Honoring Your Father and Mother - PM - Runthrough - Christ's Commission Fellowship,569,1,1,1,0,2,2,,
200,sermon,sermon-sitemap2,https://www.ccf.org.ph/message/honor-god-by-honoring-your-father-and-mother-pm/,https://www.ccf.org.ph/message/honor-god-by-honoring-your-father-and-mother-pm/,https://www.ccf.org.ph/message/honor-god-by-honoring-your-father-and-mother-pm/,40307,2026-08-12T04:02:28+00:00,Honor God by Honoring Your Father and Mother - PM - Christ's Commission Fellowship,528,1,1,1,0,2,0,,
200,sermon,sermon-sitemap2,https://www.ccf.org.ph/message/how-god-develops-leaders-am-runthrough/,https://www.ccf.org.ph/message/how-god-develops-leaders-am-runthrough/,https://www.ccf.org.ph/message/how-god-develops-leaders-am-runthrough/,38774,2026-08-13T07:16:16+00:00,How God Develops Leaders - AM - Runthrough - Christ's Commission Fellowship,373,1,1,1,0,2,2,,
200,sermon,sermon-sitemap2,https://www.ccf.org.ph/message/how-god-develops-leaders-am/,https://www.ccf.org.ph/message/how-god-develops-leaders-am/,https://www.ccf.org.ph/message/how-god-develops-leaders-am/,38741,2026-08-13T07:16:02+00:00,How God Develops Leaders - AM - Christ's Commission Fellowship,411,1,1,1,0,2,0,,
200,sermon,sermon-sitemap2,https://www.ccf.org.ph/message/how-god-develops-leaders-pm-runthrough/,https://www.ccf.org.ph/message/how-god-develops-leaders-pm-runthrough/,https://www.ccf.org.ph/message/how-god-develops-leaders-pm-runthrough/,38775,2026-08-13T07:16:23+00:00,How God Develops Leaders - PM - Runthrough - Christ's Commission Fellowship,471,1,1,1,0,2,2,,
200,sermon,sermon-sitemap2,https://www.ccf.org.ph/message/how-god-develops-leaders-pm/,https://www.ccf.org.ph/message/how-god-develops-leaders-pm/,https://www.ccf.org.ph/message/how-god-develops-leaders-pm/,38742,2026-08-13T07:16:06+00:00,How God Develops Leaders - PM - Christ's Commission Fellowship,549,1,1,1,0,2,0,,
200,sermon,sermon-sitemap2,https://www.ccf.org.ph/message/jesus-in-every-home-runthrough/,https://www.ccf.org.ph/message/jesus-in-every-home-runthrough/,https://www.ccf.org.ph/message/jesus-in-every-home-runthrough/,38613,2026-08-13T07:25:54+00:00,Jesus in Every Home - Runthrough - Christ's Commission Fellowship,302,1,1,1,0,2,2,,
200,sermon,sermon-sitemap2,https://www.ccf.org.ph/message/jesus-in-every-home/,https://www.ccf.org.ph/message/jesus-in-every-home/,https://www.ccf.org.ph/message/jesus-in-every-home/,38594,2025-09-14T12:54:01+00:00,Jesus in Every Home - Christ's Commission Fellowship,247,1,1,1,0,2,0,,
200,sermon,sermon-sitemap2,https://www.ccf.org.ph/message/jesus-is-coming-again-be-ready-am-runthrough/,https://www.ccf.org.ph/message/jesus-is-coming-again-be-ready-am-runthrough/,https://www.ccf.org.ph/message/jesus-is-coming-again-be-ready-am-runthrough/,36013,2024-12-05T06:22:47+00:00,"Jesus Is Coming Again, Be Ready! - AM - Runthrough - Christ's Commission Fellowship",419,1,1,1,0,2,2,,
200,sermon,sermon-sitemap2,https://www.ccf.org.ph/message/jesus-is-coming-again-be-ready-am/,https://www.ccf.org.ph/message/jesus-is-coming-again-be-ready-am/,https://www.ccf.org.ph/message/jesus-is-coming-again-be-ready-am/,35977,2024-12-09T23:41:29+00:00,"Jesus Is Coming Again, Be Ready! - AM - Christ's Commission Fellowship",211,1,1,1,0,2,0,,
200,sermon,sermon-sitemap2,https://www.ccf.org.ph/message/jesus-is-coming-again-be-ready-pm-runthrough/,https://www.ccf.org.ph/message/jesus-is-coming-again-be-ready-pm-runthrough/,https://www.ccf.org.ph/message/jesus-is-coming-again-be-ready-pm-runthrough/,36015,2024-12-05T06:23:07+00:00,"Jesus Is Coming Again, Be Ready! - PM - Runthrough - Christ's Commission Fellowship",527,1,1,1,0,2,2,,
200,sermon,sermon-sitemap2,https://www.ccf.org.ph/message/jesus-is-coming-again-be-ready-pm/,https://www.ccf.org.ph/message/jesus-is-coming-again-be-ready-pm/,https://www.ccf.org.ph/message/jesus-is-coming-again-be-ready-pm/,35976,2024-12-09T23:42:45+00:00,"Jesus Is Coming Again, Be Ready! - PM - Christ's Commission Fellowship",233,1,1,1,0,2,0,,
200,sermon,sermon-sitemap2,https://www.ccf.org.ph/message/jesus-let-his-life-transform-yours-am-runthrough/,https://www.ccf.org.ph/message/jesus-let-his-life-transform-yours-am-runthrough/,https://www.ccf.org.ph/message/jesus-let-his-life-transform-yours-am-runthrough/,37347,2026-08-13T08:50:26+00:00,Jesus: Let His Life Transform Yours - AM - Runthrough - Christ's Commission Fellowship,365,1,1,1,0,2,2,,
200,sermon,sermon-sitemap2,https://www.ccf.org.ph/message/jesus-let-his-life-transform-yours-am/,https://www.ccf.org.ph/message/jesus-let-his-life-transform-yours-am/,https://www.ccf.org.ph/message/jesus-let-his-life-transform-yours-am/,37313,2025-04-26T02:29:46+00:00,Jesus: Let His Life Transform Yours - AM - Christ's Commission Fellowship,399,1,1,1,0,2,0,,
200,sermon,sermon-sitemap2,https://www.ccf.org.ph/message/jesus-let-his-life-transform-yours-pm-runthrough/,https://www.ccf.org.ph/message/jesus-let-his-life-transform-yours-pm-runthrough/,https://www.ccf.org.ph/message/jesus-let-his-life-transform-yours-pm-runthrough/,37348,2026-08-13T08:50:28+00:00,Jesus: Let His Life Transform Yours - PM - Runthrough - Christ's Commission Fellowship,426,1,1,1,0,2,2,,
200,sermon,sermon-sitemap2,https://www.ccf.org.ph/message/jesus-let-his-life-transform-yours-pm/,https://www.ccf.org.ph/message/jesus-let-his-life-transform-yours-pm/,https://www.ccf.org.ph/message/jesus-let-his-life-transform-yours-pm/,37312,2026-08-13T08:50:23+00:00,Jesus: Let His Life Transform Yours - PM - Christ's Commission Fellowship,471,1,1,1,0,2,0,,
200,sermon,sermon-sitemap2,https://www.ccf.org.ph/message/jesus-wants-to-use-you-mightily-am-runthrough/,https://www.ccf.org.ph/message/jesus-wants-to-use-you-mightily-am-runthrough/,https://www.ccf.org.ph/message/jesus-wants-to-use-you-mightily-am-runthrough/,38823,2026-08-13T07:03:36+00:00,Jesus Wants To Use You Mightily – AM - Runthrough - Christ's Commission Fellowship,427,1,1,1,0,2,2,,
200,sermon,sermon-sitemap2,https://www.ccf.org.ph/message/jesus-wants-to-use-you-mightily-am/,https://www.ccf.org.ph/message/jesus-wants-to-use-you-mightily-am/,https://www.ccf.org.ph/message/jesus-wants-to-use-you-mightily-am/,38801,2026-08-13T07:03:07+00:00,Jesus Wants To Use You Mightily - AM - Christ's Commission Fellowship,542,1,1,1,0,2,0,,
200,sermon,sermon-sitemap2,https://www.ccf.org.ph/message/jesus-wants-to-use-you-mightily-pm-runthrough/,https://www.ccf.org.ph/message/jesus-wants-to-use-you-mightily-pm-runthrough/,https://www.ccf.org.ph/message/jesus-wants-to-use-you-mightily-pm-runthrough/,38824,2026-08-13T07:03:37+00:00,Jesus Wants To Use You Mightily – PM - Runthrough - Christ's Commission Fellowship,472,1,1,1,0,2,2,,
200,sermon,sermon-sitemap2,https://www.ccf.org.ph/message/jesus-wants-to-use-you-mightily-pm/,https://www.ccf.org.ph/message/jesus-wants-to-use-you-mightily-pm/,https://www.ccf.org.ph/message/jesus-wants-to-use-you-mightily-pm/,38802,2026-08-13T07:03:23+00:00,Jesus Wants To Use You Mightily - PM - Christ's Commission Fellowship,544,1,1,1,0,2,0,,
200,sermon,sermon-sitemap2,https://www.ccf.org.ph/message/joy-in-godly-fellowship-am-runthrough/,https://www.ccf.org.ph/message/joy-in-godly-fellowship-am-runthrough/,https://www.ccf.org.ph/message/joy-in-godly-fellowship-am-runthrough/,36944,2026-08-13T09:12:07+00:00,Joy in Godly Fellowship - AM - Runthrough - Christ's Commission Fellowship,323,1,1,1,0,2,2,,
200,sermon,sermon-sitemap2,https://www.ccf.org.ph/message/joy-in-godly-fellowship-am/,https://www.ccf.org.ph/message/joy-in-godly-fellowship-am/,https://www.ccf.org.ph/message/joy-in-godly-fellowship-am/,36920,2025-03-09T16:06:05+00:00,Joy in Godly Fellowship - AM - Christ's Commission Fellowship,292,1,1,1,0,2,0,,
200,sermon,sermon-sitemap2,https://www.ccf.org.ph/message/joy-in-godly-fellowship-pm-runthrough/,https://www.ccf.org.ph/message/joy-in-godly-fellowship-pm-runthrough/,https://www.ccf.org.ph/message/joy-in-godly-fellowship-pm-runthrough/,36945,2026-08-13T09:12:10+00:00,Joy in Godly Fellowship - PM - Runthrough - Christ's Commission Fellowship,385,1,1,1,0,2,2,,
200,sermon,sermon-sitemap2,https://www.ccf.org.ph/message/joy-in-godly-fellowship-pm/,https://www.ccf.org.ph/message/joy-in-godly-fellowship-pm/,https://www.ccf.org.ph/message/joy-in-godly-fellowship-pm/,36921,2025-03-09T16:06:35+00:00,Joy in Godly Fellowship - PM - Christ's Commission Fellowship,315,1,1,1,0,2,0,,
200,sermon,sermon-sitemap2,https://www.ccf.org.ph/message/judah-go-back-to-god-am-runthrough/,https://www.ccf.org.ph/message/judah-go-back-to-god-am-runthrough/,https://www.ccf.org.ph/message/judah-go-back-to-god-am-runthrough/,37193,2026-08-13T08:57:51+00:00,Judah: Go back to God! - AM - Runthrough - Christ's Commission Fellowship,464,1,1,1,0,2,2,,
200,sermon,sermon-sitemap2,https://www.ccf.org.ph/message/judah-go-back-to-god-pm-runthrough/,https://www.ccf.org.ph/message/judah-go-back-to-god-pm-runthrough/,https://www.ccf.org.ph/message/judah-go-back-to-god-pm-runthrough/,37192,2026-08-13T08:57:58+00:00,Judah: Go back to God! - PM - Runthrough - Christ's Commission Fellowship,434,1,1,1,0,2,2,,
200,sermon,sermon-sitemap2,https://www.ccf.org.ph/message/know-god-through-israel-and-prophecy-am-runthrough/,https://www.ccf.org.ph/message/know-god-through-israel-and-prophecy-am-runthrough/,https://www.ccf.org.ph/message/know-god-through-israel-and-prophecy-am-runthrough/,35867,2024-11-19T12:57:47+00:00,Know God Through Israel and Prophecy - AM - Runthrough - Christ's Commission Fellowship,351,1,1,1,0,2,2,,
200,sermon,sermon-sitemap2,https://www.ccf.org.ph/message/know-god-through-israel-and-prophecy-am/,https://www.ccf.org.ph/message/know-god-through-israel-and-prophecy-am/,https://www.ccf.org.ph/message/know-god-through-israel-and-prophecy-am/,35842,2024-11-25T04:20:04+00:00,Know God Through Israel and Prophecy - AM - Christ's Commission Fellowship,362,1,1,1,0,2,0,,
200,sermon,sermon-sitemap2,https://www.ccf.org.ph/message/know-god-through-israel-and-prophecy-pm-runthrough/,https://www.ccf.org.ph/message/know-god-through-israel-and-prophecy-pm-runthrough/,https://www.ccf.org.ph/message/know-god-through-israel-and-prophecy-pm-runthrough/,35868,2024-11-19T12:57:53+00:00,Know God Through Israel and Prophecy - PM - Runthrough - Christ's Commission Fellowship,414,1,1,1,0,2,2,,
200,sermon,sermon-sitemap2,https://www.ccf.org.ph/message/know-god-through-israel-and-prophecy-pm/,https://www.ccf.org.ph/message/know-god-through-israel-and-prophecy-pm/,https://www.ccf.org.ph/message/know-god-through-israel-and-prophecy-pm/,35844,2024-11-25T04:20:34+00:00,Know God Through Israel and Prophecy - PM - Christ's Commission Fellowship,270,1,1,1,0,2,0,,
200,sermon,sermon-sitemap2,https://www.ccf.org.ph/message/leading-from-broken-places-runthrough/,https://www.ccf.org.ph/message/leading-from-broken-places-runthrough/,https://www.ccf.org.ph/message/leading-from-broken-places-runthrough/,39732,2026-08-12T04:39:37+00:00,Leading From Broken Places - Runthrough - Christ's Commission Fellowship,392,1,1,1,0,2,2,,
200,sermon,sermon-sitemap2,https://www.ccf.org.ph/message/leading-from-broken-places/,https://www.ccf.org.ph/message/leading-from-broken-places/,https://www.ccf.org.ph/message/leading-from-broken-places/,39671,2026-08-12T04:39:33+00:00,Leading From Broken Places - Christ's Commission Fellowship,215,1,1,1,0,2,0,,
200,sermon,sermon-sitemap2,https://www.ccf.org.ph/message/let-jesus-bring-you-from-darkness-to-light-am-runthrough/,https://www.ccf.org.ph/message/let-jesus-bring-you-from-darkness-to-light-am-runthrough/,https://www.ccf.org.ph/message/let-jesus-bring-you-from-darkness-to-light-am-runthrough/,39281,2026-08-13T05:58:52+00:00,Let Jesus Bring You From Darkness to Light! – AM - Runthrough - Christ's Commission Fellowship,423,1,1,1,0,2,2,,
200,sermon,sermon-sitemap2,https://www.ccf.org.ph/message/let-jesus-bring-you-from-darkness-to-light-am/,https://www.ccf.org.ph/message/let-jesus-bring-you-from-darkness-to-light-am/,https://www.ccf.org.ph/message/let-jesus-bring-you-from-darkness-to-light-am/,39259,2026-08-13T05:58:35+00:00,Let Jesus Bring You From Darkness to Light! - AM - Christ's Commission Fellowship,308,1,1,1,0,2,0,,
200,sermon,sermon-sitemap2,https://www.ccf.org.ph/message/let-jesus-bring-you-from-darkness-to-light-pm-runthrough/,https://www.ccf.org.ph/message/let-jesus-bring-you-from-darkness-to-light-pm-runthrough/,https://www.ccf.org.ph/message/let-jesus-bring-you-from-darkness-to-light-pm-runthrough/,39282,2026-08-13T05:58:57+00:00,Let Jesus Bring You From Darkness to Light! – PM - Runthrough - Christ's Commission Fellowship,352,1,1,1,0,2,2,,
200,sermon,sermon-sitemap2,https://www.ccf.org.ph/message/let-jesus-bring-you-from-darkness-to-light-pm/,https://www.ccf.org.ph/message/let-jesus-bring-you-from-darkness-to-light-pm/,https://www.ccf.org.ph/message/let-jesus-bring-you-from-darkness-to-light-pm/,39271,2026-08-13T05:58:44+00:00,Let Jesus Bring You From Darkness to Light! - PM - Christ's Commission Fellowship,401,1,1,1,0,2,0,,
200,sermon,sermon-sitemap2,https://www.ccf.org.ph/message/let-jesus-conquer-your-giants-am-runthrough/,https://www.ccf.org.ph/message/let-jesus-conquer-your-giants-am-runthrough/,https://www.ccf.org.ph/message/let-jesus-conquer-your-giants-am-runthrough/,35737,2024-11-06T01:45:21+00:00,Let Jesus Conquer Your Giants - AM - Runthrough - Christ's Commission Fellowship,479,1,1,1,0,2,2,,
200,sermon,sermon-sitemap2,https://www.ccf.org.ph/message/let-jesus-conquer-your-giants-am/,https://www.ccf.org.ph/message/let-jesus-conquer-your-giants-am/,https://www.ccf.org.ph/message/let-jesus-conquer-your-giants-am/,35706,2024-11-07T11:56:37+00:00,Let Jesus Conquer Your Giants - AM - Christ's Commission Fellowship,258,1,1,1,0,2,0,,
200,sermon,sermon-sitemap2,https://www.ccf.org.ph/message/let-jesus-conquer-your-giants-pm-runthrough/,https://www.ccf.org.ph/message/let-jesus-conquer-your-giants-pm-runthrough/,https://www.ccf.org.ph/message/let-jesus-conquer-your-giants-pm-runthrough/,35738,2024-11-06T01:45:38+00:00,Let Jesus Conquer Your Giants - PM - Runthrough - Christ's Commission Fellowship,450,1,1,1,0,2,2,,
200,sermon,sermon-sitemap2,https://www.ccf.org.ph/message/let-jesus-conquer-your-giants-pm/,https://www.ccf.org.ph/message/let-jesus-conquer-your-giants-pm/,https://www.ccf.org.ph/message/let-jesus-conquer-your-giants-pm/,35707,2024-11-07T11:56:52+00:00,Let Jesus Conquer Your Giants - PM - Christ's Commission Fellowship,279,1,1,1,0,2,0,,
200,sermon,sermon-sitemap2,https://www.ccf.org.ph/message/limitless-god-unleash-his-power-runthrough/,https://www.ccf.org.ph/message/limitless-god-unleash-his-power-runthrough/,https://www.ccf.org.ph/message/limitless-god-unleash-his-power-runthrough/,38467,2026-08-13T07:29:08+00:00,"Limitless God, Unleash His Power - Runthrough - Christ's Commission Fellowship",347,1,1,1,0,2,2,,
200,sermon,sermon-sitemap2,https://www.ccf.org.ph/message/limitless-god-unleash-his-power/,https://www.ccf.org.ph/message/limitless-god-unleash-his-power/,https://www.ccf.org.ph/message/limitless-god-unleash-his-power/,38436,2026-08-13T07:29:02+00:00,"Limitless God, Unleash His Power - Christ's Commission Fellowship",342,1,1,1,0,2,0,,
200,sermon,sermon-sitemap2,https://www.ccf.org.ph/message/live-a-life-of-worship-am-runthrough/,https://www.ccf.org.ph/message/live-a-life-of-worship-am-runthrough/,https://www.ccf.org.ph/message/live-a-life-of-worship-am-runthrough/,37643,2026-08-13T08:26:07+00:00,Live A Life Of Worship - AM - Runthrough - Christ's Commission Fellowship,292,1,1,1,0,2,2,,
200,sermon,sermon-sitemap2,https://www.ccf.org.ph/message/live-a-life-of-worship-am/,https://www.ccf.org.ph/message/live-a-life-of-worship-am/,https://www.ccf.org.ph/message/live-a-life-of-worship-am/,37618,2026-08-13T08:26:02+00:00,Live A Life Of Worship - AM - Christ's Commission Fellowship,325,1,1,1,0,2,0,,
200,sermon,sermon-sitemap2,https://www.ccf.org.ph/message/live-a-life-of-worship-pm-runthrough/,https://www.ccf.org.ph/message/live-a-life-of-worship-pm-runthrough/,https://www.ccf.org.ph/message/live-a-life-of-worship-pm-runthrough/,37644,2026-08-13T08:26:11+00:00,Live A Life Of Worship - PM - Runthrough - Christ's Commission Fellowship,345,1,1,1,0,2,2,,
200,sermon,sermon-sitemap2,https://www.ccf.org.ph/message/live-a-life-of-worship-pm/,https://www.ccf.org.ph/message/live-a-life-of-worship-pm/,https://www.ccf.org.ph/message/live-a-life-of-worship-pm/,37619,2026-08-13T08:26:05+00:00,Live A Life Of Worship - PM - Christ's Commission Fellowship,369,1,1,1,0,2,0,,
200,sermon,sermon-sitemap2,https://www.ccf.org.ph/message/live-as-gods-child-am-runthrough/,https://www.ccf.org.ph/message/live-as-gods-child-am-runthrough/,https://www.ccf.org.ph/message/live-as-gods-child-am-runthrough/,38541,2026-08-13T07:27:41+00:00,Live as God's Child - AM - Runthrough - Christ's Commission Fellowship,307,1,1,1,0,2,2,,
200,sermon,sermon-sitemap2,https://www.ccf.org.ph/message/live-as-gods-child-am/,https://www.ccf.org.ph/message/live-as-gods-child-am/,https://www.ccf.org.ph/message/live-as-gods-child-am/,38511,2025-09-07T15:03:44+00:00,Live as God's Child - AM - Christ's Commission Fellowship,302,1,1,1,0,2,0,,
200,sermon,sermon-sitemap2,https://www.ccf.org.ph/message/live-as-gods-child-pm-runthrough/,https://www.ccf.org.ph/message/live-as-gods-child-pm-runthrough/,https://www.ccf.org.ph/message/live-as-gods-child-pm-runthrough/,38542,2026-08-13T07:27:45+00:00,Live as God's Child - PM - Runthrough - Christ's Commission Fellowship,355,1,1,1,0,2,2,,
200,sermon,sermon-sitemap2,https://www.ccf.org.ph/message/live-as-gods-child-pm/,https://www.ccf.org.ph/message/live-as-gods-child-pm/,https://www.ccf.org.ph/message/live-as-gods-child-pm/,38519,2025-09-07T15:07:50+00:00,Live as God's Child - PM - Christ's Commission Fellowship,374,1,1,1,0,2,0,,
200,sermon,sermon-sitemap2,https://www.ccf.org.ph/message/live-for-your-fathers-pleasure-am-runthrough/,https://www.ccf.org.ph/message/live-for-your-fathers-pleasure-am-runthrough/,https://www.ccf.org.ph/message/live-for-your-fathers-pleasure-am-runthrough/,39398,2026-08-13T05:41:46+00:00,Live For Your Father's Pleasure - AM - Runthrough - Christ's Commission Fellowship,416,1,1,1,0,2,2,,
200,sermon,sermon-sitemap2,https://www.ccf.org.ph/message/live-for-your-fathers-pleasure-am/,https://www.ccf.org.ph/message/live-for-your-fathers-pleasure-am/,https://www.ccf.org.ph/message/live-for-your-fathers-pleasure-am/,39337,2026-08-13T05:41:33+00:00,Live For Your Father's Pleasure - AM - Christ's Commission Fellowship,339,1,1,1,0,2,0,,
200,sermon,sermon-sitemap2,https://www.ccf.org.ph/message/live-for-your-fathers-pleasure-pm-runthrough/,https://www.ccf.org.ph/message/live-for-your-fathers-pleasure-pm-runthrough/,https://www.ccf.org.ph/message/live-for-your-fathers-pleasure-pm-runthrough/,39401,2026-08-13T05:40:51+00:00,Live For Your Father's Pleasure - PM - Runthrough - Christ's Commission Fellowship,516,1,1,1,0,2,2,,
200,sermon,sermon-sitemap2,https://www.ccf.org.ph/message/live-for-your-fathers-pleasure-pm/,https://www.ccf.org.ph/message/live-for-your-fathers-pleasure-pm/,https://www.ccf.org.ph/message/live-for-your-fathers-pleasure-pm/,39338,2026-08-13T05:41:42+00:00,Live For Your Father's Pleasure - PM - Christ's Commission Fellowship,352,1,1,1,0,2,0,,
200,sermon,sermon-sitemap2,https://www.ccf.org.ph/message/live-out-love-joy-am-runthrough/,https://www.ccf.org.ph/message/live-out-love-joy-am-runthrough/,https://www.ccf.org.ph/message/live-out-love-joy-am-runthrough/,36823,2026-08-13T09:39:04+00:00,Live Out Love & Joy - AM - Runthrough - Christ's Commission Fellowship,364,1,1,1,0,2,2,,
200,sermon,sermon-sitemap2,https://www.ccf.org.ph/message/live-out-love-joy-am/,https://www.ccf.org.ph/message/live-out-love-joy-am/,https://www.ccf.org.ph/message/live-out-love-joy-am/,36803,2025-02-23T16:11:41+00:00,Live Out Love & Joy! - AM - Christ's Commission Fellowship,506,1,1,1,0,2,0,,
200,sermon,sermon-sitemap2,https://www.ccf.org.ph/message/live-out-love-joy-pm-runthrough/,https://www.ccf.org.ph/message/live-out-love-joy-pm-runthrough/,https://www.ccf.org.ph/message/live-out-love-joy-pm-runthrough/,36824,2026-08-13T09:39:07+00:00,Live Out Love & Joy - PM - Runthrough - Christ's Commission Fellowship,333,1,1,1,0,2,2,,
200,sermon,sermon-sitemap2,https://www.ccf.org.ph/message/live-out-love-joy-pm/,https://www.ccf.org.ph/message/live-out-love-joy-pm/,https://www.ccf.org.ph/message/live-out-love-joy-pm/,36805,2025-02-23T16:11:29+00:00,Live Out Love & Joy! - PM - Christ's Commission Fellowship,541,1,1,1,0,2,0,,
200,sermon,sermon-sitemap2,https://www.ccf.org.ph/message/live-wisely-in-light-of-eternity-am-runthrough/,https://www.ccf.org.ph/message/live-wisely-in-light-of-eternity-am-runthrough/,https://www.ccf.org.ph/message/live-wisely-in-light-of-eternity-am-runthrough/,39477,2026-08-12T04:51:26+00:00,Live Wisely In Light Of Eternity - AM - Runthrough - Christ's Commission Fellowship,417,1,1,1,0,2,2,,
200,sermon,sermon-sitemap2,https://www.ccf.org.ph/message/live-wisely-in-light-of-eternity-am/,https://www.ccf.org.ph/message/live-wisely-in-light-of-eternity-am/,https://www.ccf.org.ph/message/live-wisely-in-light-of-eternity-am/,39431,2026-08-13T05:40:21+00:00,Live Wisely In Light Of Eternity - AM - Christ's Commission Fellowship,352,1,1,1,0,2,0,,
200,sermon,sermon-sitemap2,https://www.ccf.org.ph/message/live-wisely-in-light-of-eternity-pm-runthrough/,https://www.ccf.org.ph/message/live-wisely-in-light-of-eternity-pm-runthrough/,https://www.ccf.org.ph/message/live-wisely-in-light-of-eternity-pm-runthrough/,39478,2026-08-12T04:51:50+00:00,Live Wisely In Light Of Eternity - PM - Runthrough - Christ's Commission Fellowship,377,1,1,0,0,2,3,,
200,sermon,sermon-sitemap2,https://www.ccf.org.ph/message/live-wisely-in-light-of-eternity-pm/,https://www.ccf.org.ph/message/live-wisely-in-light-of-eternity-pm/,https://www.ccf.org.ph/message/live-wisely-in-light-of-eternity-pm/,39465,2026-08-13T05:40:25+00:00,Live Wisely In Light Of Eternity - PM - Christ's Commission Fellowship,316,1,1,1,0,2,0,,
200,sermon,sermon-sitemap2,https://www.ccf.org.ph/message/live-your-purpose-go-beyond-am-runthrough/,https://www.ccf.org.ph/message/live-your-purpose-go-beyond-am-runthrough/,https://www.ccf.org.ph/message/live-your-purpose-go-beyond-am-runthrough/,41370,2026-08-11T03:48:45+00:00,Live Your Purpose: Go Beyond! - AM - Runthrough - Christ's Commission Fellowship,483,1,1,1,0,2,2,,
200,sermon,sermon-sitemap2,https://www.ccf.org.ph/message/live-your-purpose-go-beyond-am/,https://www.ccf.org.ph/message/live-your-purpose-go-beyond-am/,https://www.ccf.org.ph/message/live-your-purpose-go-beyond-am/,41351,2026-08-11T03:49:25+00:00,Live Your Purpose: Go Beyond! - AM - Christ's Commission Fellowship,460,1,1,1,0,2,0,,
200,sermon,sermon-sitemap2,https://www.ccf.org.ph/message/live-your-purpose-go-beyond-pm-runthrough/,https://www.ccf.org.ph/message/live-your-purpose-go-beyond-pm-runthrough/,https://www.ccf.org.ph/message/live-your-purpose-go-beyond-pm-runthrough/,41371,2026-08-11T03:48:04+00:00,Live Your Purpose: Go Beyond! - PM - Runthrough - Christ's Commission Fellowship,860,1,1,1,0,2,2,,
200,sermon,sermon-sitemap2,https://www.ccf.org.ph/message/live-your-purpose-go-beyond-pm/,https://www.ccf.org.ph/message/live-your-purpose-go-beyond-pm/,https://www.ccf.org.ph/message/live-your-purpose-go-beyond-pm/,41352,2026-08-11T03:49:17+00:00,Live Your Purpose: Go Beyond! - PM - Christ's Commission Fellowship,619,1,1,1,0,2,0,,
200,sermon,sermon-sitemap2,https://www.ccf.org.ph/message/live-your-purpose-share-like-jesus-am-runthrough/,https://www.ccf.org.ph/message/live-your-purpose-share-like-jesus-am-runthrough/,https://www.ccf.org.ph/message/live-your-purpose-share-like-jesus-am-runthrough/,41305,2026-07-16T15:12:44+00:00,"Live Your Purpose, Share Like Jesus - AM - Runthrough - Christ's Commission Fellowship",664,1,1,1,0,2,2,,
200,sermon,sermon-sitemap2,https://www.ccf.org.ph/message/live-your-purpose-share-like-jesus-am/,https://www.ccf.org.ph/message/live-your-purpose-share-like-jesus-am/,https://www.ccf.org.ph/message/live-your-purpose-share-like-jesus-am/,41247,2026-08-11T04:44:38+00:00,"Live Your Purpose, Share Like Jesus - AM - Christ's Commission Fellowship",452,1,1,1,0,2,0,,
200,sermon,sermon-sitemap2,https://www.ccf.org.ph/message/live-your-purpose-share-like-jesus-pm-runthrough/,https://www.ccf.org.ph/message/live-your-purpose-share-like-jesus-pm-runthrough/,https://www.ccf.org.ph/message/live-your-purpose-share-like-jesus-pm-runthrough/,41306,2026-07-16T15:10:02+00:00,"Live Your Purpose, Share Like Jesus - PM - Runthrough - Christ's Commission Fellowship",614,1,1,1,0,2,2,,
200,sermon,sermon-sitemap2,https://www.ccf.org.ph/message/live-your-purpose-share-like-jesus-pm/,https://www.ccf.org.ph/message/live-your-purpose-share-like-jesus-pm/,https://www.ccf.org.ph/message/live-your-purpose-share-like-jesus-pm/,41296,2026-08-11T04:45:26+00:00,"Live Your Purpose, Share Like Jesus - PM - Christ's Commission Fellowship",520,1,1,1,0,2,0,,
200,sermon,sermon-sitemap2,https://www.ccf.org.ph/message/live-your-purpose-take-bold-steps-of-faith-runthrough/,https://www.ccf.org.ph/message/live-your-purpose-take-bold-steps-of-faith-runthrough/,https://www.ccf.org.ph/message/live-your-purpose-take-bold-steps-of-faith-runthrough/,41340,2026-08-11T03:50:24+00:00,Live Your Purpose: Take Bold Steps of Faith - Runthrough - Christ's Commission Fellowship,1466,1,1,1,0,2,0,,
200,sermon,sermon-sitemap2,https://www.ccf.org.ph/message/live-your-purpose-take-bold-steps-of-faith/,https://www.ccf.org.ph/message/live-your-purpose-take-bold-steps-of-faith/,https://www.ccf.org.ph/message/live-your-purpose-take-bold-steps-of-faith/,41318,2026-08-11T03:50:29+00:00,Live Your Purpose: Take Bold Steps of Faith - Christ's Commission Fellowship,393,1,1,1,0,2,0,,
200,sermon,sermon-sitemap2,https://www.ccf.org.ph/message/love-and-joy-discover-the-connection-am-runthrough/,https://www.ccf.org.ph/message/love-and-joy-discover-the-connection-am-runthrough/,https://www.ccf.org.ph/message/love-and-joy-discover-the-connection-am-runthrough/,36790,2026-08-13T09:40:27+00:00,Love and Joy: Discover the Connection - AM - Runthrough - Christ's Commission Fellowship,472,1,1,1,0,2,2,,
200,sermon,sermon-sitemap2,https://www.ccf.org.ph/message/love-and-joy-discover-the-connection-pm-runthrough/,https://www.ccf.org.ph/message/love-and-joy-discover-the-connection-pm-runthrough/,https://www.ccf.org.ph/message/love-and-joy-discover-the-connection-pm-runthrough/,36791,2026-08-13T09:40:32+00:00,Love and Joy: Discover the Connection - PM - Runthrough - Christ's Commission Fellowship,446,1,1,1,0,2,2,,
200,sermon,sermon-sitemap2,https://www.ccf.org.ph/message/love-god-others-love-is-the-root-joy-is-the-fruit-am/,https://www.ccf.org.ph/message/love-god-others-love-is-the-root-joy-is-the-fruit-am/,https://www.ccf.org.ph/message/love-god-others-love-is-the-root-joy-is-the-fruit-am/,36750,2026-08-13T09:40:22+00:00,"Love God & Others - Love is the root, Joy is the fruit - AM - Christ's Commission Fellowship",272,1,1,1,0,2,0,,
200,sermon,sermon-sitemap2,https://www.ccf.org.ph/message/love-god-others-love-is-the-root-joy-is-the-fruit-pm/,https://www.ccf.org.ph/message/love-god-others-love-is-the-root-joy-is-the-fruit-pm/,https://www.ccf.org.ph/message/love-god-others-love-is-the-root-joy-is-the-fruit-pm/,36752,2026-08-13T09:40:25+00:00,"Love God & Others - Love is the root, Joy is the fruit - PM - Christ's Commission Fellowship",300,1,1,1,0,2,0,,
200,sermon,sermon-sitemap2,https://www.ccf.org.ph/message/love-jesus-above-all-am-runthrough/,https://www.ccf.org.ph/message/love-jesus-above-all-am-runthrough/,https://www.ccf.org.ph/message/love-jesus-above-all-am-runthrough/,36902,2026-08-13T09:13:59+00:00,Love Jesus Above All - AM - Runthrough - Christ's Commission Fellowship,316,1,1,1,0,2,2,,
200,sermon,sermon-sitemap2,https://www.ccf.org.ph/message/love-jesus-above-all-am/,https://www.ccf.org.ph/message/love-jesus-above-all-am/,https://www.ccf.org.ph/message/love-jesus-above-all-am/,36885,2026-08-13T09:13:50+00:00,Love Jesus Above All - AM - Christ's Commission Fellowship,403,1,1,1,0,2,0,,
200,sermon,sermon-sitemap2,https://www.ccf.org.ph/message/love-jesus-above-all-pm-runthrough/,https://www.ccf.org.ph/message/love-jesus-above-all-pm-runthrough/,https://www.ccf.org.ph/message/love-jesus-above-all-pm-runthrough/,36903,2026-08-13T09:14:02+00:00,Love Jesus Above All - PM - Runthrough - Christ's Commission Fellowship,428,1,1,1,0,2,2,,
200,sermon,sermon-sitemap2,https://www.ccf.org.ph/message/love-jesus-above-all-pm/,https://www.ccf.org.ph/message/love-jesus-above-all-pm/,https://www.ccf.org.ph/message/love-jesus-above-all-pm/,36886,2026-08-13T09:13:18+00:00,Love Jesus Above All - PM - Christ's Commission Fellowship,347,1,1,1,0,2,0,,
200,sermon,sermon-sitemap2,https://www.ccf.org.ph/message/mission-driven-lifestyle-am-runthrough/,https://www.ccf.org.ph/message/mission-driven-lifestyle-am-runthrough/,https://www.ccf.org.ph/message/mission-driven-lifestyle-am-runthrough/,37694,2026-08-13T08:12:59+00:00,Mission-Driven Lifestyle - AM - Runthrough - Christ's Commission Fellowship,271,1,1,1,0,2,2,,
200,sermon,sermon-sitemap2,https://www.ccf.org.ph/message/move-weekend-5-powerful-truths-that-take-place-when-we-worship/,https://www.ccf.org.ph/message/move-weekend-5-powerful-truths-that-take-place-when-we-worship/,https://www.ccf.org.ph/message/move-weekend-5-powerful-truths-that-take-place-when-we-worship/,37664,2025-07-16T05:18:56+00:00,MOVE Weekend: 5 Powerful Truths That Take Place When We Worship - Christ's Commission Fellowship,397,1,1,1,0,2,0,,
200,sermon,sermon-sitemap2,https://www.ccf.org.ph/message/move-weekend-mission-driven-lifestyle/,https://www.ccf.org.ph/message/move-weekend-mission-driven-lifestyle/,https://www.ccf.org.ph/message/move-weekend-mission-driven-lifestyle/,37661,2025-07-16T05:19:55+00:00,MOVE Weekend: Mission-Driven Lifestyle - Christ's Commission Fellowship,340,1,1,1,0,2,0,,
200,sermon,sermon-sitemap2,https://www.ccf.org.ph/message/no-adultery-be-faithful-because-god-is-faithful-am-runthrough/,https://www.ccf.org.ph/message/no-adultery-be-faithful-because-god-is-faithful-am-runthrough/,https://www.ccf.org.ph/message/no-adultery-be-faithful-because-god-is-faithful-am-runthrough/,40401,2026-08-11T09:02:15+00:00,No Adultery! Be Faithful Because God is Faithful - AM - Runthrough - Christ's Commission Fellowship,622,1,1,1,0,2,2,,
200,sermon,sermon-sitemap2,https://www.ccf.org.ph/message/no-adultery-be-faithful-because-god-is-faithful-am/,https://www.ccf.org.ph/message/no-adultery-be-faithful-because-god-is-faithful-am/,https://www.ccf.org.ph/message/no-adultery-be-faithful-because-god-is-faithful-am/,40375,2026-08-11T09:02:30+00:00,No Adultery! Be Faithful Because God is Faithful - AM - Christ's Commission Fellowship,489,1,1,1,0,2,0,,
200,sermon,sermon-sitemap2,https://www.ccf.org.ph/message/no-adultery-be-faithful-because-god-is-faithful-pm-runthrough/,https://www.ccf.org.ph/message/no-adultery-be-faithful-because-god-is-faithful-pm-runthrough/,https://www.ccf.org.ph/message/no-adultery-be-faithful-because-god-is-faithful-pm-runthrough/,40402,2026-08-11T09:02:06+00:00,No Adultery! Be Faithful Because God is Faithful - PM - Runthrough - Christ's Commission Fellowship,753,1,1,1,0,2,2,,
200,sermon,sermon-sitemap2,https://www.ccf.org.ph/message/no-adultery-be-faithful-because-god-is-faithful-pm/,https://www.ccf.org.ph/message/no-adultery-be-faithful-because-god-is-faithful-pm/,https://www.ccf.org.ph/message/no-adultery-be-faithful-because-god-is-faithful-pm/,40392,2026-08-11T09:02:22+00:00,No Adultery! Be Faithful Because God is Faithful - PM - Christ's Commission Fellowship,420,1,1,1,0,2,0,,
200,sermon,sermon-sitemap2,https://www.ccf.org.ph/message/not-enough-time-how-to-live-in-the-last-days-am-runthrough/,https://www.ccf.org.ph/message/not-enough-time-how-to-live-in-the-last-days-am-runthrough/,https://www.ccf.org.ph/message/not-enough-time-how-to-live-in-the-last-days-am-runthrough/,36213,2024-12-13T15:12:45+00:00,NOT ENOUGH TIME: How to Live in the Last Days - AM - Runthrough - Christ's Commission Fellowship,420,1,1,1,0,2,2,,
200,sermon,sermon-sitemap2,https://www.ccf.org.ph/message/not-enough-time-how-to-live-in-the-last-days-am/,https://www.ccf.org.ph/message/not-enough-time-how-to-live-in-the-last-days-am/,https://www.ccf.org.ph/message/not-enough-time-how-to-live-in-the-last-days-am/,36060,2024-12-09T23:44:30+00:00,NOT ENOUGH TIME How to Live in the Last Days - AM - Christ's Commission Fellowship,404,1,1,1,0,2,0,,
200,sermon,sermon-sitemap2,https://www.ccf.org.ph/message/not-enough-time-how-to-live-in-the-last-days-pm-runthrough/,https://www.ccf.org.ph/message/not-enough-time-how-to-live-in-the-last-days-pm-runthrough/,https://www.ccf.org.ph/message/not-enough-time-how-to-live-in-the-last-days-pm-runthrough/,36214,2024-12-13T15:08:46+00:00,NOT ENOUGH TIME: How to Live in the Last Days - PM - Runthrough - Christ's Commission Fellowship,463,1,1,1,0,2,2,,
200,sermon,sermon-sitemap2,https://www.ccf.org.ph/message/not-enough-time-how-to-live-in-the-last-days-pm/,https://www.ccf.org.ph/message/not-enough-time-how-to-live-in-the-last-days-pm/,https://www.ccf.org.ph/message/not-enough-time-how-to-live-in-the-last-days-pm/,36061,2024-12-09T23:44:39+00:00,NOT ENOUGH TIME How to Live in the Last Days - PM - Christ's Commission Fellowship,333,1,1,1,0,2,0,,
200,sermon,sermon-sitemap2,https://www.ccf.org.ph/message/one-soul-at-a-time-one-step-at-a-time-runthrough/,https://www.ccf.org.ph/message/one-soul-at-a-time-one-step-at-a-time-runthrough/,https://www.ccf.org.ph/message/one-soul-at-a-time-one-step-at-a-time-runthrough/,38164,2026-08-13T07:42:17+00:00,One Soul at a Time. One Step at a Time. - Runthrough - Christ's Commission Fellowship,353,1,1,1,0,2,2,,
200,sermon,sermon-sitemap2,https://www.ccf.org.ph/message/one-soul-at-a-time-one-step-at-a-time/,https://www.ccf.org.ph/message/one-soul-at-a-time-one-step-at-a-time/,https://www.ccf.org.ph/message/one-soul-at-a-time-one-step-at-a-time/,38132,2025-07-27T14:27:45+00:00,One Soul at a Time. One Step at a Time. - Christ's Commission Fellowship,376,1,1,1,0,2,0,,
200,sermon,sermon-sitemap2,https://www.ccf.org.ph/message/our-extraordinary-god-is-our-shepherd-follow-him-runthrough/,https://www.ccf.org.ph/message/our-extraordinary-god-is-our-shepherd-follow-him-runthrough/,https://www.ccf.org.ph/message/our-extraordinary-god-is-our-shepherd-follow-him-runthrough/,41947,2026-09-03T02:01:39+00:00,"Our Extraordinary God Is Our Shepherd, Follow Him - RunThrough - Christ's Commission Fellowship",556,1,1,1,0,2,2,,
200,sermon,sermon-sitemap2,https://www.ccf.org.ph/message/our-extraordinary-god-is-our-shepherd-follow-him/,https://www.ccf.org.ph/message/our-extraordinary-god-is-our-shepherd-follow-him/,https://www.ccf.org.ph/message/our-extraordinary-god-is-our-shepherd-follow-him/,41923,2026-08-31T04:47:28+00:00,"Our Extraordinary God Is Our Shepherd, Follow Him - Christ's Commission Fellowship",351,1,1,1,0,2,0,,
200,sermon,sermon-sitemap2,https://www.ccf.org.ph/message/practice-the-presence-of-god-rejoice-request-am/,https://www.ccf.org.ph/message/practice-the-presence-of-god-rejoice-request-am/,https://www.ccf.org.ph/message/practice-the-presence-of-god-rejoice-request-am/,37503,2026-08-13T08:37:34+00:00,Practice The Presence Of God: Rejoice & Request! - AM - Christ's Commission Fellowship,385,1,1,1,0,2,0,,
200,sermon,sermon-sitemap2,https://www.ccf.org.ph/message/practice-the-presence-of-god-rejoice-request-pm/,https://www.ccf.org.ph/message/practice-the-presence-of-god-rejoice-request-pm/,https://www.ccf.org.ph/message/practice-the-presence-of-god-rejoice-request-pm/,37504,2026-08-13T08:37:39+00:00,Practice The Presence Of God: Rejoice & Request! - PM - Christ's Commission Fellowship,415,1,1,1,0,2,0,,
200,sermon,sermon-sitemap2,https://www.ccf.org.ph/message/practicing-the-presence-of-god-rejoice-request-am-runthrough/,https://www.ccf.org.ph/message/practicing-the-presence-of-god-rejoice-request-am-runthrough/,https://www.ccf.org.ph/message/practicing-the-presence-of-god-rejoice-request-am-runthrough/,37524,2026-08-13T08:37:48+00:00,Practicing The Presence Of God: Rejoice & Request! - AM - Runthrough - Christ's Commission Fellowship,352,1,1,1,0,2,2,,
200,sermon,sermon-sitemap2,https://www.ccf.org.ph/message/practicing-the-presence-of-god-rejoice-request-pm-runthrough/,https://www.ccf.org.ph/message/practicing-the-presence-of-god-rejoice-request-pm-runthrough/,https://www.ccf.org.ph/message/practicing-the-presence-of-god-rejoice-request-pm-runthrough/,37525,2026-08-13T08:38:01+00:00,Practicing The Presence Of God: Rejoice & Request! - PM - Runthrough - Christ's Commission Fellowship,378,1,1,1,0,2,2,,
200,sermon,sermon-sitemap2,https://www.ccf.org.ph/message/pray-in-awe-of-god-am-runthrough/,https://www.ccf.org.ph/message/pray-in-awe-of-god-am-runthrough/,https://www.ccf.org.ph/message/pray-in-awe-of-god-am-runthrough/,37864,2026-08-13T08:06:34+00:00,Pray In Awe Of God - AM - Runthrough - Christ's Commission Fellowship,317,1,1,1,0,2,2,,
200,sermon,sermon-sitemap2,https://www.ccf.org.ph/message/pray-in-awe-of-god-am/,https://www.ccf.org.ph/message/pray-in-awe-of-god-am/,https://www.ccf.org.ph/message/pray-in-awe-of-god-am/,37814,2026-08-13T08:06:28+00:00,Pray In Awe Of God - AM - Christ's Commission Fellowship,353,1,1,1,0,2,0,,
200,sermon,sermon-sitemap2,https://www.ccf.org.ph/message/pray-in-awe-of-god-pm-runthrough/,https://www.ccf.org.ph/message/pray-in-awe-of-god-pm-runthrough/,https://www.ccf.org.ph/message/pray-in-awe-of-god-pm-runthrough/,37866,2026-08-13T08:06:37+00:00,Pray In Awe Of God - PM - Runthrough - Christ's Commission Fellowship,318,1,1,1,0,2,2,,
200,sermon,sermon-sitemap2,https://www.ccf.org.ph/message/pray-in-awe-of-god-pm/,https://www.ccf.org.ph/message/pray-in-awe-of-god-pm/,https://www.ccf.org.ph/message/pray-in-awe-of-god-pm/,37815,2026-08-13T08:06:32+00:00,Pray In Awe Of God - PM - Christ's Commission Fellowship,432,1,1,1,0,2,0,,
200,sermon,sermon-sitemap2,https://www.ccf.org.ph/message/real-faith-experiences-gods-power-am-runthrough/,https://www.ccf.org.ph/message/real-faith-experiences-gods-power-am-runthrough/,https://www.ccf.org.ph/message/real-faith-experiences-gods-power-am-runthrough/,39943,2026-08-12T04:20:04+00:00,Real Faith Experiences God's Power - AM - Runthrough - Christ's Commission Fellowship,502,1,1,1,0,2,2,,
200,sermon,sermon-sitemap2,https://www.ccf.org.ph/message/real-faith-experiences-gods-power-am/,https://www.ccf.org.ph/message/real-faith-experiences-gods-power-am/,https://www.ccf.org.ph/message/real-faith-experiences-gods-power-am/,39925,2026-08-12T04:19:34+00:00,Real Faith Experiences God's Power - AM - Christ's Commission Fellowship,434,1,1,1,0,2,0,,
200,sermon,sermon-sitemap2,https://www.ccf.org.ph/message/real-faith-experiences-gods-power-pm-runthrough/,https://www.ccf.org.ph/message/real-faith-experiences-gods-power-pm-runthrough/,https://www.ccf.org.ph/message/real-faith-experiences-gods-power-pm-runthrough/,39944,2026-08-12T04:20:20+00:00,Real Faith Experiences God's Power - PM - Runthrough - Christ's Commission Fellowship,572,1,1,1,0,2,2,,
200,sermon,sermon-sitemap2,https://www.ccf.org.ph/message/real-faith-experiences-gods-power-pm/,https://www.ccf.org.ph/message/real-faith-experiences-gods-power-pm/,https://www.ccf.org.ph/message/real-faith-experiences-gods-power-pm/,39926,2026-08-12T04:19:11+00:00,Real Faith Experiences God's Power - PM - Christ's Commission Fellowship,438,1,1,1,0,2,0,,
200,sermon,sermon-sitemap2,https://www.ccf.org.ph/message/real-faith-is-devotion-to-god-am-runthrough/,https://www.ccf.org.ph/message/real-faith-is-devotion-to-god-am-runthrough/,https://www.ccf.org.ph/message/real-faith-is-devotion-to-god-am-runthrough/,39868,2026-08-12T04:28:01+00:00,Real Faith Is Devotion To God - AM - Runthrough - Christ's Commission Fellowship,454,1,1,1,0,2,2,,
200,sermon,sermon-sitemap2,https://www.ccf.org.ph/message/real-faith-is-devotion-to-god-am/,https://www.ccf.org.ph/message/real-faith-is-devotion-to-god-am/,https://www.ccf.org.ph/message/real-faith-is-devotion-to-god-am/,39861,2026-03-01T14:16:32+00:00,Real Faith Is Devotion To God - AM - Christ's Commission Fellowship,402,1,1,1,0,2,0,,
200,sermon,sermon-sitemap2,https://www.ccf.org.ph/message/real-faith-is-devotion-to-god-pm-runthrough/,https://www.ccf.org.ph/message/real-faith-is-devotion-to-god-pm-runthrough/,https://www.ccf.org.ph/message/real-faith-is-devotion-to-god-pm-runthrough/,39867,2026-08-12T04:27:49+00:00,Real Faith Is Devotion To God - PM - Runthrough - Christ's Commission Fellowship,572,1,1,1,0,2,2,,
200,sermon,sermon-sitemap2,https://www.ccf.org.ph/message/real-faith-is-devotion-to-god-pm/,https://www.ccf.org.ph/message/real-faith-is-devotion-to-god-pm/,https://www.ccf.org.ph/message/real-faith-is-devotion-to-god-pm/,39864,2026-08-12T04:28:11+00:00,Real Faith Is Devotion To God - PM - Christ's Commission Fellowship,476,1,1,1,0,2,0,,
200,sermon,sermon-sitemap2,https://www.ccf.org.ph/message/real-faith-loves-without-favoritism-am-runthrough/,https://www.ccf.org.ph/message/real-faith-loves-without-favoritism-am-runthrough/,https://www.ccf.org.ph/message/real-faith-loves-without-favoritism-am-runthrough/,39643,2026-08-12T04:40:36+00:00,Real Faith Loves Without Favoritism - AM - Runthrough - Christ's Commission Fellowship,394,1,1,1,0,2,2,,
200,sermon,sermon-sitemap2,https://www.ccf.org.ph/message/real-faith-loves-without-favoritism-am/,https://www.ccf.org.ph/message/real-faith-loves-without-favoritism-am/,https://www.ccf.org.ph/message/real-faith-loves-without-favoritism-am/,39619,2026-08-12T04:41:10+00:00,Real Faith Loves Without Favoritism - AM - Christ's Commission Fellowship,354,1,1,1,0,2,0,,
200,sermon,sermon-sitemap2,https://www.ccf.org.ph/message/real-faith-loves-without-favoritism-pm-runthrough/,https://www.ccf.org.ph/message/real-faith-loves-without-favoritism-pm-runthrough/,https://www.ccf.org.ph/message/real-faith-loves-without-favoritism-pm-runthrough/,39644,2026-08-12T04:40:27+00:00,Real Faith Loves Without Favoritism - PM - Runthrough - Christ's Commission Fellowship,483,1,1,1,0,2,2,,
200,sermon,sermon-sitemap2,https://www.ccf.org.ph/message/real-faith-loves-without-favoritism-pm/,https://www.ccf.org.ph/message/real-faith-loves-without-favoritism-pm/,https://www.ccf.org.ph/message/real-faith-loves-without-favoritism-pm/,39637,2026-08-12T04:40:45+00:00,Real Faith Loves Without Favoritism - PM - Christ's Commission Fellowship,361,1,1,1,0,2,0,,
200,sermon,sermon-sitemap2,https://www.ccf.org.ph/message/real-faith-obeys-gods-word-am/,https://www.ccf.org.ph/message/real-faith-obeys-gods-word-am/,https://www.ccf.org.ph/message/real-faith-obeys-gods-word-am/,39586,2026-01-18T13:47:30+00:00,Real Faith Obeys God's Word - AM - Christ's Commission Fellowship,331,1,1,1,0,2,0,,
200,sermon,sermon-sitemap2,https://www.ccf.org.ph/message/real-faith-obeys-gods-word-pm-runthrough-2/,https://www.ccf.org.ph/message/real-faith-obeys-gods-word-pm-runthrough-2/,https://www.ccf.org.ph/message/real-faith-obeys-gods-word-pm-runthrough-2/,39608,2026-08-12T04:42:09+00:00,Real Faith Obeys God's Word - PM - Runthrough - Christ's Commission Fellowship,561,1,1,1,0,2,2,,
200,sermon,sermon-sitemap2,https://www.ccf.org.ph/message/real-faith-obeys-gods-word-pm-runthrough/,https://www.ccf.org.ph/message/real-faith-obeys-gods-word-pm-runthrough/,https://www.ccf.org.ph/message/real-faith-obeys-gods-word-pm-runthrough/,39606,2026-08-12T04:42:23+00:00,Real Faith Obeys God's Word - AM - Runthrough - Christ's Commission Fellowship,515,1,1,1,0,2,2,,
200,sermon,sermon-sitemap2,https://www.ccf.org.ph/message/real-faith-obeys-gods-word-pm/,https://www.ccf.org.ph/message/real-faith-obeys-gods-word-pm/,https://www.ccf.org.ph/message/real-faith-obeys-gods-word-pm/,39603,2026-08-12T04:42:28+00:00,Real Faith Obeys God's Word - PM - Christ's Commission Fellowship,392,1,1,1,0,2,0,,
200,sermon,sermon-sitemap2,https://www.ccf.org.ph/message/real-faith-tames-the-tongue-am-runthrough/,https://www.ccf.org.ph/message/real-faith-tames-the-tongue-am-runthrough/,https://www.ccf.org.ph/message/real-faith-tames-the-tongue-am-runthrough/,39798,2026-08-12T04:32:32+00:00,Real Faith Tames The Tongue - AM - Runthrough - Christ's Commission Fellowship,499,1,1,1,0,2,2,,
200,sermon,sermon-sitemap2,https://www.ccf.org.ph/message/real-faith-tames-the-tongue-am/,https://www.ccf.org.ph/message/real-faith-tames-the-tongue-am/,https://www.ccf.org.ph/message/real-faith-tames-the-tongue-am/,39774,2026-08-12T04:32:49+00:00,Real Faith Tames The Tongue - AM - Christ's Commission Fellowship,450,1,1,1,0,2,0,,
200,sermon,sermon-sitemap2,https://www.ccf.org.ph/message/real-faith-tames-the-tongue-pm-runthrough/,https://www.ccf.org.ph/message/real-faith-tames-the-tongue-pm-runthrough/,https://www.ccf.org.ph/message/real-faith-tames-the-tongue-pm-runthrough/,39799,2026-08-12T04:32:20+00:00,Real Faith Tames The Tongue - PM - Runthrough - Christ's Commission Fellowship,536,1,1,1,0,2,2,,
200,sermon,sermon-sitemap2,https://www.ccf.org.ph/message/real-faith-tames-the-tongue-pm/,https://www.ccf.org.ph/message/real-faith-tames-the-tongue-pm/,https://www.ccf.org.ph/message/real-faith-tames-the-tongue-pm/,39792,2026-08-12T04:32:40+00:00,Real Faith Tames The Tongue - PM - Christ's Commission Fellowship,490,1,1,1,0,2,0,,
200,sermon,sermon-sitemap2,https://www.ccf.org.ph/message/real-faith-triumphs-am-runthrough/,https://www.ccf.org.ph/message/real-faith-triumphs-am-runthrough/,https://www.ccf.org.ph/message/real-faith-triumphs-am-runthrough/,39561,2026-08-12T04:45:41+00:00,Real Faith Triumphs - AM - Runthrough - Christ's Commission Fellowship,386,1,1,1,0,2,2,,
200,sermon,sermon-sitemap2,https://www.ccf.org.ph/message/real-faith-triumphs-am/,https://www.ccf.org.ph/message/real-faith-triumphs-am/,https://www.ccf.org.ph/message/real-faith-triumphs-am/,39499,2026-01-11T15:16:10+00:00,Real Faith Triumphs - AM - Christ's Commission Fellowship,496,1,1,1,0,2,0,,
200,sermon,sermon-sitemap2,https://www.ccf.org.ph/message/real-faith-triumphs-pm-runthrough/,https://www.ccf.org.ph/message/real-faith-triumphs-pm-runthrough/,https://www.ccf.org.ph/message/real-faith-triumphs-pm-runthrough/,39562,2026-08-12T04:45:51+00:00,Real Faith Triumphs - PM - Runthrough - Christ's Commission Fellowship,623,1,1,1,0,2,2,,
200,sermon,sermon-sitemap2,https://www.ccf.org.ph/message/real-faith-triumphs-pm/,https://www.ccf.org.ph/message/real-faith-triumphs-pm/,https://www.ccf.org.ph/message/real-faith-triumphs-pm/,39500,2026-01-11T15:16:49+00:00,Real Faith Triumphs - PM - Christ's Commission Fellowship,529,1,1,1,0,2,0,,
200,sermon,sermon-sitemap2,https://www.ccf.org.ph/message/real-faith-walks-in-gods-wisdom-am-runthrough/,https://www.ccf.org.ph/message/real-faith-walks-in-gods-wisdom-am-runthrough/,https://www.ccf.org.ph/message/real-faith-walks-in-gods-wisdom-am-runthrough/,39834,2026-08-12T04:31:32+00:00,Real Faith Walks In God's Wisdom - AM - Runthrough - Christ's Commission Fellowship,428,1,1,1,0,2,2,,
200,sermon,sermon-sitemap2,https://www.ccf.org.ph/message/real-faith-walks-in-gods-wisdom-am/,https://www.ccf.org.ph/message/real-faith-walks-in-gods-wisdom-am/,https://www.ccf.org.ph/message/real-faith-walks-in-gods-wisdom-am/,39815,2026-08-12T04:31:24+00:00,Real Faith Walks In God's Wisdom - AM - Christ's Commission Fellowship,404,1,1,1,0,2,0,,
200,sermon,sermon-sitemap2,https://www.ccf.org.ph/message/real-faith-walks-in-gods-wisdom-pm-runthrough/,https://www.ccf.org.ph/message/real-faith-walks-in-gods-wisdom-pm-runthrough/,https://www.ccf.org.ph/message/real-faith-walks-in-gods-wisdom-pm-runthrough/,39835,2026-08-12T04:31:36+00:00,Real Faith Walks In God's Wisdom - PM - Runthrough - Christ's Commission Fellowship,526,1,1,1,0,2,2,,
200,sermon,sermon-sitemap2,https://www.ccf.org.ph/message/real-faith-walks-in-gods-wisdom-pm/,https://www.ccf.org.ph/message/real-faith-walks-in-gods-wisdom-pm/,https://www.ccf.org.ph/message/real-faith-walks-in-gods-wisdom-pm/,39816,2026-08-12T04:31:28+00:00,Real Faith Walks In God's Wisdom - PM - Christ's Commission Fellowship,450,1,1,1,0,2,0,,
200,sermon,sermon-sitemap2,https://www.ccf.org.ph/message/real-faith-works-am-runthrough/,https://www.ccf.org.ph/message/real-faith-works-am-runthrough/,https://www.ccf.org.ph/message/real-faith-works-am-runthrough/,39762,2026-08-12T04:35:46+00:00,Real Faith Works - AM - Runthrough - Christ's Commission Fellowship,378,1,1,1,0,2,2,,
200,sermon,sermon-sitemap2,https://www.ccf.org.ph/message/real-faith-works-am/,https://www.ccf.org.ph/message/real-faith-works-am/,https://www.ccf.org.ph/message/real-faith-works-am/,39729,2026-08-12T04:35:38+00:00,Real Faith Works - AM - Christ's Commission Fellowship,400,1,1,1,0,2,0,,
200,sermon,sermon-sitemap2,https://www.ccf.org.ph/message/real-faith-works-pm-runthrough/,https://www.ccf.org.ph/message/real-faith-works-pm-runthrough/,https://www.ccf.org.ph/message/real-faith-works-pm-runthrough/,39763,2026-08-12T04:35:50+00:00,Real Faith Works - PM - Runthrough - Christ's Commission Fellowship,430,1,1,1,0,2,2,,
200,sermon,sermon-sitemap2,https://www.ccf.org.ph/message/real-faith-works-pm/,https://www.ccf.org.ph/message/real-faith-works-pm/,https://www.ccf.org.ph/message/real-faith-works-pm/,39753,2026-08-12T04:35:42+00:00,Real Faith Works - PM - Christ's Commission Fellowship,351,1,1,1,0,2,0,,
200,sermon,sermon-sitemap2,https://www.ccf.org.ph/message/rejoice-our-future-is-glorious-am-runthrough/,https://www.ccf.org.ph/message/rejoice-our-future-is-glorious-am-runthrough/,https://www.ccf.org.ph/message/rejoice-our-future-is-glorious-am-runthrough/,36240,2024-12-20T00:26:49+00:00,Rejoice! Our Future Is Glorious - AM - Runthrough - Christ's Commission Fellowship,473,1,1,1,0,2,2,,
200,sermon,sermon-sitemap2,https://www.ccf.org.ph/message/rejoice-our-future-is-glorious-am/,https://www.ccf.org.ph/message/rejoice-our-future-is-glorious-am/,https://www.ccf.org.ph/message/rejoice-our-future-is-glorious-am/,36221,2024-12-20T08:03:37+00:00,Rejoice! Our Future Is Glorious - AM - Christ's Commission Fellowship,331,1,1,1,0,2,0,,
200,sermon,sermon-sitemap2,https://www.ccf.org.ph/message/rejoice-our-future-is-glorious-pm-runthrough/,https://www.ccf.org.ph/message/rejoice-our-future-is-glorious-pm-runthrough/,https://www.ccf.org.ph/message/rejoice-our-future-is-glorious-pm-runthrough/,36241,2024-12-20T00:27:24+00:00,Rejoice! Our Future Is Glorious - PM - Runthrough - Christ's Commission Fellowship,515,1,1,1,0,2,2,,
200,sermon,sermon-sitemap2,https://www.ccf.org.ph/message/rejoice-our-future-is-glorious-pm/,https://www.ccf.org.ph/message/rejoice-our-future-is-glorious-pm/,https://www.ccf.org.ph/message/rejoice-our-future-is-glorious-pm/,36222,2024-12-20T08:04:09+00:00,Rejoice! Our Future Is Glorious - PM - Christ's Commission Fellowship,367,1,1,1,0,2,0,,
200,sermon,sermon-sitemap2,https://www.ccf.org.ph/message/samson-practice-self-control-am-runthrough/,https://www.ccf.org.ph/message/samson-practice-self-control-am-runthrough/,https://www.ccf.org.ph/message/samson-practice-self-control-am-runthrough/,37296,2026-08-13T08:51:59+00:00,Samson: Practice Self-Control - AM - Runthrough - Christ's Commission Fellowship,690,1,1,1,0,2,2,,
200,sermon,sermon-sitemap2,https://www.ccf.org.ph/message/samson-practice-self-control-am/,https://www.ccf.org.ph/message/samson-practice-self-control-am/,https://www.ccf.org.ph/message/samson-practice-self-control-am/,37252,2026-08-13T08:51:24+00:00,Samson: Practice Self-Control - AM - Christ's Commission Fellowship,341,1,1,1,0,2,0,,
200,sermon,sermon-sitemap2,https://www.ccf.org.ph/message/samson-practice-self-control-pm-runthrough/,https://www.ccf.org.ph/message/samson-practice-self-control-pm-runthrough/,https://www.ccf.org.ph/message/samson-practice-self-control-pm-runthrough/,37297,2026-08-13T08:52:08+00:00,Samson: Practice Self-Control - PM - Runthrough - Christ's Commission Fellowship,819,1,1,1,0,2,2,,
200,sermon,sermon-sitemap2,https://www.ccf.org.ph/message/samson-practice-self-control-pm/,https://www.ccf.org.ph/message/samson-practice-self-control-pm/,https://www.ccf.org.ph/message/samson-practice-self-control-pm/,37251,2026-08-13T08:51:17+00:00,Samson: Practice Self-Control - PM - Christ's Commission Fellowship,379,1,1,1,0,2,0,,
200,sermon,sermon-sitemap2,https://www.ccf.org.ph/message/saving-faith-thats-passed-on-am-runthrough/,https://www.ccf.org.ph/message/saving-faith-thats-passed-on-am-runthrough/,https://www.ccf.org.ph/message/saving-faith-thats-passed-on-am-runthrough/,38645,2026-08-13T07:25:09+00:00,Saving Faith That's Passed On - AM - Runthrough - Christ's Commission Fellowship,398,1,1,1,0,2,2,,
200,sermon,sermon-sitemap2,https://www.ccf.org.ph/message/saving-faith-thats-passed-on-am/,https://www.ccf.org.ph/message/saving-faith-thats-passed-on-am/,https://www.ccf.org.ph/message/saving-faith-thats-passed-on-am/,38623,2025-09-21T15:28:30+00:00,Saving Faith that’s Passed On (AM) - Christ's Commission Fellowship,398,1,1,1,0,2,0,,
200,sermon,sermon-sitemap2,https://www.ccf.org.ph/message/saving-faith-thats-passed-on-pm-runthrough/,https://www.ccf.org.ph/message/saving-faith-thats-passed-on-pm-runthrough/,https://www.ccf.org.ph/message/saving-faith-thats-passed-on-pm-runthrough/,38648,2026-08-13T07:25:12+00:00,Saving Faith That's Passed On - PM - Runthrough - Christ's Commission Fellowship,521,1,1,1,0,2,2,,
200,sermon,sermon-sitemap2,https://www.ccf.org.ph/message/saving-faith-thats-passed-on-pm/,https://www.ccf.org.ph/message/saving-faith-thats-passed-on-pm/,https://www.ccf.org.ph/message/saving-faith-thats-passed-on-pm/,38624,2025-09-24T01:46:51+00:00,Saving Faith that’s Passed On (PM) - Christ's Commission Fellowship,390,1,1,1,0,2,0,,
200,sermon,sermon-sitemap2,https://www.ccf.org.ph/message/seeing-everyone-as-god-sees-them-2/,https://www.ccf.org.ph/message/seeing-everyone-as-god-sees-them-2/,https://www.ccf.org.ph/message/seeing-everyone-as-god-sees-them-2/,39669,2026-08-17T04:36:16+00:00,Seeing Everyone As God Sees Them - Christ's Commission Fellowship,396,1,0,1,0,2,0,,
200,sermon,sermon-sitemap2,https://www.ccf.org.ph/message/seeing-everyone-as-god-sees-them-runthrough/,https://www.ccf.org.ph/message/seeing-everyone-as-god-sees-them-runthrough/,https://www.ccf.org.ph/message/seeing-everyone-as-god-sees-them-runthrough/,39731,2026-08-12T04:36:40+00:00,Seeing Everyone As God Sees Them - Runthrough - Christ's Commission Fellowship,370,1,1,1,0,2,2,,
200,sermon,sermon-sitemap2,https://www.ccf.org.ph/message/seeing-everyone-as-god-sees-them/,https://www.ccf.org.ph/message/seeing-everyone-as-god-sees-them/,https://www.ccf.org.ph/message/seeing-everyone-as-god-sees-them/,39680,2026-08-12T04:36:50+00:00,Seeing Everyone As God Sees Them - Christ's Commission Fellowship,221,1,1,1,0,2,0,,
200,sermon,sermon-sitemap2,https://www.ccf.org.ph/message/seek-god-today-am-runthrough/,https://www.ccf.org.ph/message/seek-god-today-am-runthrough/,https://www.ccf.org.ph/message/seek-god-today-am-runthrough/,35638,2024-10-24T02:04:22+00:00,Seek God Today! - AM - Runthrough - Christ's Commission Fellowship,401,1,1,1,0,2,2,,
200,sermon,sermon-sitemap2,https://www.ccf.org.ph/message/seek-god-today-am/,https://www.ccf.org.ph/message/seek-god-today-am/,https://www.ccf.org.ph/message/seek-god-today-am/,35591,2024-10-22T08:59:17+00:00,Seek God Today! - AM - Christ's Commission Fellowship,231,1,1,1,0,2,0,,
200,sermon,sermon-sitemap2,https://www.ccf.org.ph/message/seek-god-today-pm-runthrough/,https://www.ccf.org.ph/message/seek-god-today-pm-runthrough/,https://www.ccf.org.ph/message/seek-god-today-pm-runthrough/,35639,2024-10-24T02:04:27+00:00,Seek God Today! - PM - Runthrough - Christ's Commission Fellowship,469,1,1,1,0,2,2,,
200,sermon,sermon-sitemap2,https://www.ccf.org.ph/message/seek-god-today-pm/,https://www.ccf.org.ph/message/seek-god-today-pm/,https://www.ccf.org.ph/message/seek-god-today-pm/,35590,2024-10-22T09:56:41+00:00,Seek God Today! - PM - Christ's Commission Fellowship,285,1,1,1,0,2,0,,
200,sermon,sermon-sitemap2,https://www.ccf.org.ph/message/spirit-comes-church-goes-am/,https://www.ccf.org.ph/message/spirit-comes-church-goes-am/,https://www.ccf.org.ph/message/spirit-comes-church-goes-am/,40108,2026-08-12T04:07:31+00:00,"Spirit Comes, Church Goes - Christ's Commission Fellowship",424,1,1,1,0,2,0,,
200,sermon,sermon-sitemap2,https://www.ccf.org.ph/message/spirit-comes-church-goes-runthrough/,https://www.ccf.org.ph/message/spirit-comes-church-goes-runthrough/,https://www.ccf.org.ph/message/spirit-comes-church-goes-runthrough/,40152,2026-08-12T04:07:36+00:00,"Spirit Comes, Church Goes - Runthrough - Christ's Commission Fellowship",370,1,1,1,0,2,2,,
200,sermon,sermon-sitemap2,https://www.ccf.org.ph/message/stop-looking-listen-god-is-enough-am-runthrough/,https://www.ccf.org.ph/message/stop-looking-listen-god-is-enough-am-runthrough/,https://www.ccf.org.ph/message/stop-looking-listen-god-is-enough-am-runthrough/,40838,2026-08-11T05:44:01+00:00,Stop Looking. Listen: God is Enough - AM - Runthrough - Christ's Commission Fellowship,429,1,1,1,0,2,2,,
200,sermon,sermon-sitemap2,https://www.ccf.org.ph/message/stop-looking-listen-god-is-enough-am/,https://www.ccf.org.ph/message/stop-looking-listen-god-is-enough-am/,https://www.ccf.org.ph/message/stop-looking-listen-god-is-enough-am/,40813,2026-08-11T05:43:45+00:00,Stop Looking. Listen God is Enough - AM - Christ's Commission Fellowship,311,1,1,1,0,2,0,,
200,sermon,sermon-sitemap2,https://www.ccf.org.ph/message/stop-looking-listen-god-is-enough-pm-runthrough/,https://www.ccf.org.ph/message/stop-looking-listen-god-is-enough-pm-runthrough/,https://www.ccf.org.ph/message/stop-looking-listen-god-is-enough-pm-runthrough/,40840,2026-08-11T05:44:18+00:00,Stop Looking. Listen: God is Enough - PM - Runthrough - Christ's Commission Fellowship,620,1,1,1,0,2,2,,
200,sermon,sermon-sitemap2,https://www.ccf.org.ph/message/stop-looking-listen-god-is-enough-pm/,https://www.ccf.org.ph/message/stop-looking-listen-god-is-enough-pm/,https://www.ccf.org.ph/message/stop-looking-listen-god-is-enough-pm/,40836,2026-08-11T05:43:54+00:00,Stop Looking. Listen: God is Enough - PM - Christ's Commission Fellowship,352,1,1,1,0,2,0,,
200,sermon,sermon-sitemap2,https://www.ccf.org.ph/message/surrender-to-gods-sovereignty-am-runthrough/,https://www.ccf.org.ph/message/surrender-to-gods-sovereignty-am-runthrough/,https://www.ccf.org.ph/message/surrender-to-gods-sovereignty-am-runthrough/,39906,2026-08-12T04:22:44+00:00,Surrender to God’s Sovereignty - AM - Runthrough - Christ's Commission Fellowship,503,1,1,1,0,2,2,,
200,sermon,sermon-sitemap2,https://www.ccf.org.ph/message/surrender-to-gods-sovereignty-am/,https://www.ccf.org.ph/message/surrender-to-gods-sovereignty-am/,https://www.ccf.org.ph/message/surrender-to-gods-sovereignty-am/,39878,2026-08-12T04:22:36+00:00,Surrender to God’s Sovereignty - AM - Christ's Commission Fellowship,336,1,1,1,0,2,0,,
200,sermon,sermon-sitemap2,https://www.ccf.org.ph/message/surrender-to-gods-sovereignty-pm-runthrough/,https://www.ccf.org.ph/message/surrender-to-gods-sovereignty-pm-runthrough/,https://www.ccf.org.ph/message/surrender-to-gods-sovereignty-pm-runthrough/,39907,2026-08-12T04:23:00+00:00,Surrender to God’s Sovereignty - PM - Runthrough - Christ's Commission Fellowship,639,1,1,1,0,2,2,,
200,sermon,sermon-sitemap2,https://www.ccf.org.ph/message/surrender-to-gods-sovereignty-pm/,https://www.ccf.org.ph/message/surrender-to-gods-sovereignty-pm/,https://www.ccf.org.ph/message/surrender-to-gods-sovereignty-pm/,39879,2026-08-12T04:22:40+00:00,Surrender to God’s Sovereignty - PM - Christ's Commission Fellowship,412,1,1,1,0,2,0,,
200,sermon,sermon-sitemap2,https://www.ccf.org.ph/message/the-gospel-sets-us-free-am-runthrough/,https://www.ccf.org.ph/message/the-gospel-sets-us-free-am-runthrough/,https://www.ccf.org.ph/message/the-gospel-sets-us-free-am-runthrough/,39148,2026-08-13T06:23:26+00:00,The Gospel Sets Us Free - AM - Runthrough - Christ's Commission Fellowship,387,1,1,1,0,2,2,,
200,sermon,sermon-sitemap2,https://www.ccf.org.ph/message/the-gospel-sets-us-free-am/,https://www.ccf.org.ph/message/the-gospel-sets-us-free-am/,https://www.ccf.org.ph/message/the-gospel-sets-us-free-am/,39127,2025-11-30T15:40:40+00:00,The Gospel Sets Us Free - AM - Christ's Commission Fellowship,271,1,1,1,0,2,0,,
200,sermon,sermon-sitemap2,https://www.ccf.org.ph/message/the-gospel-sets-us-free-pm-runthrough/,https://www.ccf.org.ph/message/the-gospel-sets-us-free-pm-runthrough/,https://www.ccf.org.ph/message/the-gospel-sets-us-free-pm-runthrough/,39149,2026-08-13T06:23:29+00:00,The Gospel Sets Us Free - PM - Runthrough - Christ's Commission Fellowship,443,1,1,1,0,2,1,,
200,sermon,sermon-sitemap2,https://www.ccf.org.ph/message/the-gospel-sets-us-free-pm/,https://www.ccf.org.ph/message/the-gospel-sets-us-free-pm/,https://www.ccf.org.ph/message/the-gospel-sets-us-free-pm/,39128,2025-11-30T15:40:53+00:00,The Gospel Sets Us Free - PM - Christ's Commission Fellowship,402,1,1,1,0,2,0,,
200,sermon,sermon-sitemap2,https://www.ccf.org.ph/message/the-keys-to-multiplication-of-favour-pm-runthrough/,https://www.ccf.org.ph/message/the-keys-to-multiplication-of-favour-pm-runthrough/,https://www.ccf.org.ph/message/the-keys-to-multiplication-of-favour-pm-runthrough/,36701,2026-08-13T09:41:53+00:00,The Keys to Multiplication of Favour - PM - Runthrough - Christ's Commission Fellowship,455,1,1,1,0,2,2,,
200,sermon,sermon-sitemap2,https://www.ccf.org.ph/message/the-keys-to-multiplication-of-favour/,https://www.ccf.org.ph/message/the-keys-to-multiplication-of-favour/,https://www.ccf.org.ph/message/the-keys-to-multiplication-of-favour/,36653,2025-01-30T04:28:34+00:00,The Keys to Multiplication of Favour - Christ's Commission Fellowship,227,1,1,1,0,2,0,,
200,sermon,sermon-sitemap2,https://www.ccf.org.ph/message/the-law-leads-us-to-christ-am-runthrough/,https://www.ccf.org.ph/message/the-law-leads-us-to-christ-am-runthrough/,https://www.ccf.org.ph/message/the-law-leads-us-to-christ-am-runthrough/,39116,2026-08-13T06:27:17+00:00,The Law Leads Us To Christ - AM - Runthrough - Christ's Commission Fellowship,431,1,1,1,0,2,2,,
200,sermon,sermon-sitemap2,https://www.ccf.org.ph/message/the-law-leads-us-to-christ-am/,https://www.ccf.org.ph/message/the-law-leads-us-to-christ-am/,https://www.ccf.org.ph/message/the-law-leads-us-to-christ-am/,39099,2026-08-13T06:27:08+00:00,The Law Leads Us To Christ - AM - Christ's Commission Fellowship,274,1,1,1,0,2,0,,
200,sermon,sermon-sitemap2,https://www.ccf.org.ph/message/the-law-leads-us-to-christ-pm-runthrough/,https://www.ccf.org.ph/message/the-law-leads-us-to-christ-pm-runthrough/,https://www.ccf.org.ph/message/the-law-leads-us-to-christ-pm-runthrough/,39117,2026-08-13T06:27:22+00:00,The Law Leads Us To Christ - PM - Runthrough - Christ's Commission Fellowship,569,1,1,1,0,2,2,,
200,sermon,sermon-sitemap2,https://www.ccf.org.ph/message/the-law-leads-us-to-christ-pm/,https://www.ccf.org.ph/message/the-law-leads-us-to-christ-pm/,https://www.ccf.org.ph/message/the-law-leads-us-to-christ-pm/,39114,2026-08-13T06:27:13+00:00,The Law Leads Us To Christ - PM - Christ's Commission Fellowship,270,1,1,1,0,2,0,,
200,sermon,sermon-sitemap2,https://www.ccf.org.ph/message/the-ordinary-person-god-uses-am-runthrough/,https://www.ccf.org.ph/message/the-ordinary-person-god-uses-am-runthrough/,https://www.ccf.org.ph/message/the-ordinary-person-god-uses-am-runthrough/,41434,2026-08-05T07:05:46+00:00,The Ordinary Person God Uses - AM -Runthrough - Christ's Commission Fellowship,552,1,1,1,0,2,2,,
200,sermon,sermon-sitemap2,https://www.ccf.org.ph/message/the-ordinary-person-god-uses-am/,https://www.ccf.org.ph/message/the-ordinary-person-god-uses-am/,https://www.ccf.org.ph/message/the-ordinary-person-god-uses-am/,41382,2026-08-04T09:48:22+00:00,The Ordinary Person God Uses - AM - Christ's Commission Fellowship,393,1,1,1,0,2,0,,
200,sermon,sermon-sitemap2,https://www.ccf.org.ph/message/the-ordinary-person-god-uses-pm-runthrough/,https://www.ccf.org.ph/message/the-ordinary-person-god-uses-pm-runthrough/,https://www.ccf.org.ph/message/the-ordinary-person-god-uses-pm-runthrough/,41433,2026-08-05T07:06:05+00:00,The Ordinary Person God Uses - PM -Runthrough - Christ's Commission Fellowship,657,1,1,1,0,2,2,,
200,sermon,sermon-sitemap2,https://www.ccf.org.ph/message/the-ordinary-person-god-uses-pm/,https://www.ccf.org.ph/message/the-ordinary-person-god-uses-pm/,https://www.ccf.org.ph/message/the-ordinary-person-god-uses-pm/,41415,2026-08-04T09:41:23+00:00,The Ordinary Person God Uses - PM - Christ's Commission Fellowship,495,1,1,1,0,2,0,,
200,sermon,sermon-sitemap2,https://www.ccf.org.ph/message/the-significance-of-the-resurrection-am-runthrough/,https://www.ccf.org.ph/message/the-significance-of-the-resurrection-am-runthrough/,https://www.ccf.org.ph/message/the-significance-of-the-resurrection-am-runthrough/,40097,2026-08-12T04:08:33+00:00,The Significance of the Resurrection - AM - Runthrough - Christ's Commission Fellowship,515,1,1,1,0,2,2,,
200,sermon,sermon-sitemap2,https://www.ccf.org.ph/message/the-significance-of-the-resurrection-am/,https://www.ccf.org.ph/message/the-significance-of-the-resurrection-am/,https://www.ccf.org.ph/message/the-significance-of-the-resurrection-am/,40057,2026-08-12T04:08:52+00:00,The Significance of the Resurrection - AM - Christ's Commission Fellowship,421,1,1,1,0,2,0,,
200,sermon,sermon-sitemap2,https://www.ccf.org.ph/message/the-significance-of-the-resurrection-pm-runthrough/,https://www.ccf.org.ph/message/the-significance-of-the-resurrection-pm-runthrough/,https://www.ccf.org.ph/message/the-significance-of-the-resurrection-pm-runthrough/,40096,2026-08-12T04:08:21+00:00,The Significance of the Resurrection - PM - Runthrough - Christ's Commission Fellowship,603,1,1,1,0,2,2,,
200,sermon,sermon-sitemap2,https://www.ccf.org.ph/message/the-significance-of-the-resurrection-pm/,https://www.ccf.org.ph/message/the-significance-of-the-resurrection-pm/,https://www.ccf.org.ph/message/the-significance-of-the-resurrection-pm/,40072,2026-08-12T04:08:46+00:00,The Significance of the Resurrection - PM - Christ's Commission Fellowship,453,1,1,1,0,2,0,,
200,sermon,sermon-sitemap2,https://www.ccf.org.ph/message/true-prayer-drives-out-fear-am-runthrough/,https://www.ccf.org.ph/message/true-prayer-drives-out-fear-am-runthrough/,https://www.ccf.org.ph/message/true-prayer-drives-out-fear-am-runthrough/,37936,2026-08-13T08:04:01+00:00,True Prayer Drives Out Fear - AM - Runthrough - Christ's Commission Fellowship,373,1,1,1,0,2,2,,
200,sermon,sermon-sitemap2,https://www.ccf.org.ph/message/true-prayer-drives-out-fear-am/,https://www.ccf.org.ph/message/true-prayer-drives-out-fear-am/,https://www.ccf.org.ph/message/true-prayer-drives-out-fear-am/,37880,2026-08-13T08:03:55+00:00,True Prayer Drives Out Fear - AM - Christ's Commission Fellowship,337,1,1,1,0,2,0,,
200,sermon,sermon-sitemap2,https://www.ccf.org.ph/message/true-prayer-drives-out-fear-pm-runthrough/,https://www.ccf.org.ph/message/true-prayer-drives-out-fear-pm-runthrough/,https://www.ccf.org.ph/message/true-prayer-drives-out-fear-pm-runthrough/,37937,2026-08-13T08:04:05+00:00,True Prayer Drives Out Fear - PM - Runthrough - Christ's Commission Fellowship,418,1,1,1,0,2,2,,
200,sermon,sermon-sitemap2,https://www.ccf.org.ph/message/true-prayer-drives-out-fear-pm/,https://www.ccf.org.ph/message/true-prayer-drives-out-fear-pm/,https://www.ccf.org.ph/message/true-prayer-drives-out-fear-pm/,37881,2026-08-13T08:03:59+00:00,True Prayer Drives Out Fear - PM - Christ's Commission Fellowship,341,1,1,1,0,2,0,,
200,sermon,sermon-sitemap2,https://www.ccf.org.ph/message/true-worship-get-r-e-a-l-am-runthrough/,https://www.ccf.org.ph/message/true-worship-get-r-e-a-l-am-runthrough/,https://www.ccf.org.ph/message/true-worship-get-r-e-a-l-am-runthrough/,37421,2026-08-13T08:45:33+00:00,True Worship: Get R.E.A.L! - AM - Runthrough - Christ's Commission Fellowship,334,1,1,1,0,2,2,,
200,sermon,sermon-sitemap2,https://www.ccf.org.ph/message/true-worship-get-r-e-a-l-pm-runthrough/,https://www.ccf.org.ph/message/true-worship-get-r-e-a-l-pm-runthrough/,https://www.ccf.org.ph/message/true-worship-get-r-e-a-l-pm-runthrough/,37422,2026-08-13T08:45:36+00:00,True Worship: Get R.E.A.L! - PM - Runthrough - Christ's Commission Fellowship,304,1,1,1,0,2,2,,
200,sermon,sermon-sitemap2,https://www.ccf.org.ph/message/true-worship-get-real-am/,https://www.ccf.org.ph/message/true-worship-get-real-am/,https://www.ccf.org.ph/message/true-worship-get-real-am/,37382,2025-05-02T01:46:17+00:00,True Worship: Get R.E.A.L.! - AM - Christ's Commission Fellowship,357,1,1,1,0,2,0,,
200,sermon,sermon-sitemap2,https://www.ccf.org.ph/message/true-worship-get-real-pm/,https://www.ccf.org.ph/message/true-worship-get-real-pm/,https://www.ccf.org.ph/message/true-worship-get-real-pm/,37383,2025-05-02T01:46:42+00:00,True Worship: Get R.E.A.L.! - PM - Christ's Commission Fellowship,433,1,1,1,0,2,0,,
200,sermon,sermon-sitemap2,https://www.ccf.org.ph/message/truth-live-it-pass-it-am-runthrough/,https://www.ccf.org.ph/message/truth-live-it-pass-it-am-runthrough/,https://www.ccf.org.ph/message/truth-live-it-pass-it-am-runthrough/,35553,2024-10-16T15:53:47+00:00,"Truth: Live It, Pass It - AM - Runthrough - Christ's Commission Fellowship",463,1,1,1,0,2,2,,
200,sermon,sermon-sitemap2,https://www.ccf.org.ph/message/truth-live-it-pass-it-am/,https://www.ccf.org.ph/message/truth-live-it-pass-it-am/,https://www.ccf.org.ph/message/truth-live-it-pass-it-am/,35425,2024-10-21T04:50:12+00:00,"Truth: Live It, Pass It - AM - Christ's Commission Fellowship",255,1,1,1,0,2,0,,
200,sermon,sermon-sitemap2,https://www.ccf.org.ph/message/truth-live-it-pass-it-pm-runthrough/,https://www.ccf.org.ph/message/truth-live-it-pass-it-pm-runthrough/,https://www.ccf.org.ph/message/truth-live-it-pass-it-pm-runthrough/,35552,2024-10-16T15:54:07+00:00,"Truth: Live It, Pass It - PM - Runthrough - Christ's Commission Fellowship",543,1,1,1,0,2,2,,
200,sermon,sermon-sitemap2,https://www.ccf.org.ph/message/truth-live-it-pass-it-pm/,https://www.ccf.org.ph/message/truth-live-it-pass-it-pm/,https://www.ccf.org.ph/message/truth-live-it-pass-it-pm/,35426,2024-10-21T04:50:25+00:00,"Truth: Live It, Pass It - PM - Christ's Commission Fellowship",295,1,1,1,0,2,0,,
200,sermon,sermon-sitemap2,https://www.ccf.org.ph/message/turn-your-fear-into-faith-am-runthrough/,https://www.ccf.org.ph/message/turn-your-fear-into-faith-am-runthrough/,https://www.ccf.org.ph/message/turn-your-fear-into-faith-am-runthrough/,38925,2026-08-13T06:37:35+00:00,Turn Your Fear into Faith - AM - Runthrough - Christ's Commission Fellowship,440,1,1,1,0,2,2,,
200,sermon,sermon-sitemap2,https://www.ccf.org.ph/message/turn-your-fear-into-faith-am/,https://www.ccf.org.ph/message/turn-your-fear-into-faith-am/,https://www.ccf.org.ph/message/turn-your-fear-into-faith-am/,38877,2025-10-28T08:02:01+00:00,Turn Your Fear into Faith - AM - Christ's Commission Fellowship,429,1,1,1,0,2,0,,
200,sermon,sermon-sitemap2,https://www.ccf.org.ph/message/turn-your-fear-into-faith-pm-runthrough/,https://www.ccf.org.ph/message/turn-your-fear-into-faith-pm-runthrough/,https://www.ccf.org.ph/message/turn-your-fear-into-faith-pm-runthrough/,38926,2026-08-13T06:37:38+00:00,Turn Your Fear into Faith - PM - Runthrough - Christ's Commission Fellowship,547,1,1,1,0,2,2,,
200,sermon,sermon-sitemap2,https://www.ccf.org.ph/message/turn-your-fear-into-faith-pm/,https://www.ccf.org.ph/message/turn-your-fear-into-faith-pm/,https://www.ccf.org.ph/message/turn-your-fear-into-faith-pm/,38897,2026-08-13T06:37:27+00:00,Turn Your Fear into Faith - PM - Christ's Commission Fellowship,329,1,1,1,0,2,0,,
200,sermon,sermon-sitemap2,https://www.ccf.org.ph/message/understanding-the-loaves-and-the-fish-am-runthrough/,https://www.ccf.org.ph/message/understanding-the-loaves-and-the-fish-am-runthrough/,https://www.ccf.org.ph/message/understanding-the-loaves-and-the-fish-am-runthrough/,36700,2026-08-13T09:41:50+00:00,Understanding the Loaves and the Fish - AM - Runthrough - Christ's Commission Fellowship,475,1,1,1,0,2,2,,
200,sermon,sermon-sitemap2,https://www.ccf.org.ph/message/understanding-the-loaves-and-the-fish/,https://www.ccf.org.ph/message/understanding-the-loaves-and-the-fish/,https://www.ccf.org.ph/message/understanding-the-loaves-and-the-fish/,36650,2025-01-30T04:29:02+00:00,Understanding the Loaves and the Fish - Christ's Commission Fellowship,459,1,1,1,0,2,0,,
200,sermon,sermon-sitemap2,https://www.ccf.org.ph/message/when-life-doesnt-make-sense-worship-god-am-runthrough/,https://www.ccf.org.ph/message/when-life-doesnt-make-sense-worship-god-am-runthrough/,https://www.ccf.org.ph/message/when-life-doesnt-make-sense-worship-god-am-runthrough/,37473,2026-08-13T08:41:10+00:00,"When Life Doesn’t Make Sense, Worship God! - AM - Runthrough - Christ's Commission Fellowship",361,1,1,1,0,2,2,,
200,sermon,sermon-sitemap2,https://www.ccf.org.ph/message/when-life-doesnt-make-sense-worship-god-am/,https://www.ccf.org.ph/message/when-life-doesnt-make-sense-worship-god-am/,https://www.ccf.org.ph/message/when-life-doesnt-make-sense-worship-god-am/,37452,2026-08-13T08:40:55+00:00,"When Life Doesn’t Make Sense, Worship God! - AM - Christ's Commission Fellowship",469,1,1,1,0,2,0,,
200,sermon,sermon-sitemap2,https://www.ccf.org.ph/message/when-life-doesnt-make-sense-worship-god-pm-runthrough/,https://www.ccf.org.ph/message/when-life-doesnt-make-sense-worship-god-pm-runthrough/,https://www.ccf.org.ph/message/when-life-doesnt-make-sense-worship-god-pm-runthrough/,37474,2026-08-13T08:41:14+00:00,"When Life Doesn’t Make Sense, Worship God! - PM - Runthrough - Christ's Commission Fellowship",399,1,1,1,0,2,2,,
200,sermon,sermon-sitemap2,https://www.ccf.org.ph/message/when-life-doesnt-make-sense-worship-god-pm/,https://www.ccf.org.ph/message/when-life-doesnt-make-sense-worship-god-pm/,https://www.ccf.org.ph/message/when-life-doesnt-make-sense-worship-god-pm/,37453,2026-08-13T08:41:05+00:00,"When Life Doesn’t Make Sense, Worship God! - PM - Christ's Commission Fellowship",434,1,1,1,0,2,0,,
200,sermon,sermon-sitemap2,https://www.ccf.org.ph/message/will-i-be-useful-or-useless-to-god-am-runthrough/,https://www.ccf.org.ph/message/will-i-be-useful-or-useless-to-god-am-runthrough/,https://www.ccf.org.ph/message/will-i-be-useful-or-useless-to-god-am-runthrough/,36435,2025-01-04T02:23:48+00:00,Will I Be Useful or Useless to God - AM - Runthrough - Christ's Commission Fellowship,548,1,1,1,0,2,2,,
200,sermon,sermon-sitemap2,https://www.ccf.org.ph/message/will-i-be-useful-or-useless-to-god-pm-runthrough/,https://www.ccf.org.ph/message/will-i-be-useful-or-useless-to-god-pm-runthrough/,https://www.ccf.org.ph/message/will-i-be-useful-or-useless-to-god-pm-runthrough/,36436,2025-01-04T02:24:10+00:00,Will I Be Useful or Useless to God - PM - Runthrough - Christ's Commission Fellowship,583,1,1,1,0,2,2,,
200,sermon,sermon-sitemap2,https://www.ccf.org.ph/message/work-out-your-salvation-a-journey-of-love-joy-am-runthrough/,https://www.ccf.org.ph/message/work-out-your-salvation-a-journey-of-love-joy-am-runthrough/,https://www.ccf.org.ph/message/work-out-your-salvation-a-journey-of-love-joy-am-runthrough/,36861,2026-08-13T09:33:27+00:00,Work Out Your Salvation: A Journey of Love & Joy - AM - Runthrough - Christ's Commission Fellowship,445,1,1,1,0,2,2,,
200,sermon,sermon-sitemap2,https://www.ccf.org.ph/message/work-out-your-salvation-a-journey-of-love-joy-am/,https://www.ccf.org.ph/message/work-out-your-salvation-a-journey-of-love-joy-am/,https://www.ccf.org.ph/message/work-out-your-salvation-a-journey-of-love-joy-am/,36836,2026-08-13T09:33:19+00:00,Work Out Your Salvation A Journey of Love & Joy - AM - Christ's Commission Fellowship,310,1,1,1,0,2,0,,
200,sermon,sermon-sitemap2,https://www.ccf.org.ph/message/work-out-your-salvation-a-journey-of-love-joy-pm-runthrough/,https://www.ccf.org.ph/message/work-out-your-salvation-a-journey-of-love-joy-pm-runthrough/,https://www.ccf.org.ph/message/work-out-your-salvation-a-journey-of-love-joy-pm-runthrough/,36862,2026-08-13T09:33:29+00:00,Work Out Your Salvation: A Journey of Love & Joy - PM - Runthrough - Christ's Commission Fellowship,403,1,1,1,0,2,2,,
200,sermon,sermon-sitemap2,https://www.ccf.org.ph/message/work-out-your-salvation-a-journey-of-love-joy-pm/,https://www.ccf.org.ph/message/work-out-your-salvation-a-journey-of-love-joy-pm/,https://www.ccf.org.ph/message/work-out-your-salvation-a-journey-of-love-joy-pm/,36843,2026-08-13T09:33:22+00:00,Work Out Your Salvation A Journey of Love & Joy - PM - Christ's Commission Fellowship,335,1,1,1,0,2,0,,
200,sermon,sermon-sitemap2,https://www.ccf.org.ph/message/worship-god-wholeheartedly-am-runthrough/,https://www.ccf.org.ph/message/worship-god-wholeheartedly-am-runthrough/,https://www.ccf.org.ph/message/worship-god-wholeheartedly-am-runthrough/,40983,2026-08-11T05:31:38+00:00,Worship God Wholeheartedly - AM - Runthrough - Christ's Commission Fellowship,455,1,1,1,0,2,2,,
200,sermon,sermon-sitemap2,https://www.ccf.org.ph/message/worship-god-wholeheartedly-am/,https://www.ccf.org.ph/message/worship-god-wholeheartedly-am/,https://www.ccf.org.ph/message/worship-god-wholeheartedly-am/,40912,2026-08-11T08:53:16+00:00,Worship God Wholeheartedly - AM - Christ's Commission Fellowship,459,1,1,1,0,2,0,,
200,sermon,sermon-sitemap2,https://www.ccf.org.ph/message/worship-god-wholeheartedly-pm-runthrough/,https://www.ccf.org.ph/message/worship-god-wholeheartedly-pm-runthrough/,https://www.ccf.org.ph/message/worship-god-wholeheartedly-pm-runthrough/,40984,2026-08-11T05:31:40+00:00,Worship God Wholeheartedly - PM - Runthrough - Christ's Commission Fellowship,418,1,1,1,0,2,2,,
200,sermon,sermon-sitemap2,https://www.ccf.org.ph/message/worship-god-wholeheartedly-pm/,https://www.ccf.org.ph/message/worship-god-wholeheartedly-pm/,https://www.ccf.org.ph/message/worship-god-wholeheartedly-pm/,40932,2026-08-11T05:31:31+00:00,Worship God Wholeheartedly - PM - Christ's Commission Fellowship,499,1,1,1,0,2,0,,
200,sermon,sermon-sitemap2,https://www.ccf.org.ph/message/worship-god-with-a-heart-in-awe-am-runthrough/,https://www.ccf.org.ph/message/worship-god-with-a-heart-in-awe-am-runthrough/,https://www.ccf.org.ph/message/worship-god-with-a-heart-in-awe-am-runthrough/,40897,2026-08-11T05:40:50+00:00,Worship God With A Heart In Awe - AM - Runthrough - Christ's Commission Fellowship,539,1,1,1,0,2,2,,
200,sermon,sermon-sitemap2,https://www.ccf.org.ph/message/worship-god-with-a-heart-in-awe-am/,https://www.ccf.org.ph/message/worship-god-with-a-heart-in-awe-am/,https://www.ccf.org.ph/message/worship-god-with-a-heart-in-awe-am/,40862,2026-08-11T05:39:48+00:00,Worship God With A Heart In Awe - AM - Christ's Commission Fellowship,482,1,1,1,0,2,0,,
200,sermon,sermon-sitemap2,https://www.ccf.org.ph/message/worship-god-with-a-heart-in-awe-pm-runthrough/,https://www.ccf.org.ph/message/worship-god-with-a-heart-in-awe-pm-runthrough/,https://www.ccf.org.ph/message/worship-god-with-a-heart-in-awe-pm-runthrough/,40898,2026-08-11T05:32:40+00:00,Worship God With A Heart In Awe - PM - Runthrough - Christ's Commission Fellowship,574,1,1,1,0,2,2,,
200,sermon,sermon-sitemap2,https://www.ccf.org.ph/message/worship-god-with-a-heart-in-awe-pm/,https://www.ccf.org.ph/message/worship-god-with-a-heart-in-awe-pm/,https://www.ccf.org.ph/message/worship-god-with-a-heart-in-awe-pm/,40861,2026-08-11T05:40:36+00:00,Worship God With A Heart In Awe - PM - Christ's Commission Fellowship,570,1,1,1,0,2,0,,
200,sermon,sermon-sitemap2,https://www.ccf.org.ph/message/worship-god-with-your-whole-being-am-runthrough/,https://www.ccf.org.ph/message/worship-god-with-your-whole-being-am-runthrough/,https://www.ccf.org.ph/message/worship-god-with-your-whole-being-am-runthrough/,41149,2026-08-11T05:23:42+00:00,Worship God With Your Whole Being - AM - Runthrough - Christ's Commission Fellowship,602,1,1,1,0,2,2,,
200,sermon,sermon-sitemap2,https://www.ccf.org.ph/message/worship-god-with-your-whole-being-am/,https://www.ccf.org.ph/message/worship-god-with-your-whole-being-am/,https://www.ccf.org.ph/message/worship-god-with-your-whole-being-am/,41130,2026-08-11T05:21:22+00:00,Worship God With Your Whole Being - AM - Christ's Commission Fellowship,431,1,1,1,0,2,0,,
200,sermon,sermon-sitemap2,https://www.ccf.org.ph/message/worship-god-with-your-whole-being-pm-runthrough/,https://www.ccf.org.ph/message/worship-god-with-your-whole-being-pm-runthrough/,https://www.ccf.org.ph/message/worship-god-with-your-whole-being-pm-runthrough/,41150,2026-08-11T05:23:29+00:00,Worship God With Your Whole Being - PM - Runthrough - Christ's Commission Fellowship,618,1,1,1,0,2,2,,
200,sermon,sermon-sitemap2,https://www.ccf.org.ph/message/worship-god-with-your-whole-being-pm/,https://www.ccf.org.ph/message/worship-god-with-your-whole-being-pm/,https://www.ccf.org.ph/message/worship-god-with-your-whole-being-pm/,41147,2026-08-11T05:21:13+00:00,Worship God With Your Whole Being - PM - Christ's Commission Fellowship,481,1,1,1,0,2,0,,
200,sermon,sermon-sitemap2,https://www.ccf.org.ph/message/worship-the-true-god-am-runthrough/,https://www.ccf.org.ph/message/worship-the-true-god-am-runthrough/,https://www.ccf.org.ph/message/worship-the-true-god-am-runthrough/,40231,2026-08-12T04:05:52+00:00,Worship The True God - AM - Runthrough - Christ's Commission Fellowship,505,1,1,1,0,2,2,,
200,sermon,sermon-sitemap2,https://www.ccf.org.ph/message/worship-the-true-god-am/,https://www.ccf.org.ph/message/worship-the-true-god-am/,https://www.ccf.org.ph/message/worship-the-true-god-am/,40190,2026-08-12T04:06:07+00:00,Worship The True God - AM - Christ's Commission Fellowship,620,1,1,1,0,2,0,,
200,sermon,sermon-sitemap2,https://www.ccf.org.ph/message/worship-the-true-god-honor-his-name-honor-his-sabbath-day-am-runthrough/,https://www.ccf.org.ph/message/worship-the-true-god-honor-his-name-honor-his-sabbath-day-am-runthrough/,https://www.ccf.org.ph/message/worship-the-true-god-honor-his-name-honor-his-sabbath-day-am-runthrough/,40285,2026-08-12T04:04:36+00:00,Worship The True God: Honor His Name; Honor His Sabbath Day - AM - Runthrough - Christ's Commission Fellowship,480,1,1,1,0,2,2,,
200,sermon,sermon-sitemap2,https://www.ccf.org.ph/message/worship-the-true-god-honor-his-name-honor-his-sabbath-day-am/,https://www.ccf.org.ph/message/worship-the-true-god-honor-his-name-honor-his-sabbath-day-am/,https://www.ccf.org.ph/message/worship-the-true-god-honor-his-name-honor-his-sabbath-day-am/,40261,2026-04-26T14:37:06+00:00,Worship The True God: Honor His Name; Honor His Sabbath Day - AM - Christ's Commission Fellowship,476,1,1,1,0,2,0,,
200,sermon,sermon-sitemap2,https://www.ccf.org.ph/message/worship-the-true-god-honor-his-name-honor-his-sabbath-day-pm-runthrough/,https://www.ccf.org.ph/message/worship-the-true-god-honor-his-name-honor-his-sabbath-day-pm-runthrough/,https://www.ccf.org.ph/message/worship-the-true-god-honor-his-name-honor-his-sabbath-day-pm-runthrough/,40286,2026-08-12T04:03:54+00:00,Worship The True God: Honor His Name; Honor His Sabbath Day - PM - Runthrough - Christ's Commission Fellowship,628,1,1,1,0,2,2,,
200,sermon,sermon-sitemap2,https://www.ccf.org.ph/message/worship-the-true-god-honor-his-name-honor-his-sabbath-day-pm/,https://www.ccf.org.ph/message/worship-the-true-god-honor-his-name-honor-his-sabbath-day-pm/,https://www.ccf.org.ph/message/worship-the-true-god-honor-his-name-honor-his-sabbath-day-pm/,40260,2026-08-12T04:04:30+00:00,Worship The True God: Honor His Name; Honor His Sabbath Day - PM - Christ's Commission Fellowship,544,1,1,1,0,2,0,,
200,sermon,sermon-sitemap2,https://www.ccf.org.ph/message/worship-the-true-god-pm-runthrough/,https://www.ccf.org.ph/message/worship-the-true-god-pm-runthrough/,https://www.ccf.org.ph/message/worship-the-true-god-pm-runthrough/,40232,2026-08-12T04:05:39+00:00,Worship The True God - PM - Runthrough - Christ's Commission Fellowship,560,1,1,1,0,2,2,,
200,sermon,sermon-sitemap2,https://www.ccf.org.ph/message/worship-the-true-god-pm/,https://www.ccf.org.ph/message/worship-the-true-god-pm/,https://www.ccf.org.ph/message/worship-the-true-god-pm/,40229,2026-08-12T04:06:03+00:00,Worship The True God - PM - Christ's Commission Fellowship,723,1,1,1,0,2,0,,
200,sermon,sermon-sitemap2,https://www.ccf.org.ph/message/zacchaeus-breakthrough-am-runthrough/,https://www.ccf.org.ph/message/zacchaeus-breakthrough-am-runthrough/,https://www.ccf.org.ph/message/zacchaeus-breakthrough-am-runthrough/,37155,2026-08-13T09:00:41+00:00,Zacchaeus: Breakthrough - AM - Runthrough - Christ's Commission Fellowship,338,1,1,1,0,2,2,,
200,sermon,sermon-sitemap2,https://www.ccf.org.ph/message/zacchaeus-breakthrough-am/,https://www.ccf.org.ph/message/zacchaeus-breakthrough-am/,https://www.ccf.org.ph/message/zacchaeus-breakthrough-am/,37129,2025-03-27T01:05:38+00:00,Zacchaeus: Breakthrough - AM - Christ's Commission Fellowship,429,1,1,1,0,2,0,,
200,sermon,sermon-sitemap2,https://www.ccf.org.ph/message/zacchaeus-breakthrough-pm-runthrough/,https://www.ccf.org.ph/message/zacchaeus-breakthrough-pm-runthrough/,https://www.ccf.org.ph/message/zacchaeus-breakthrough-pm-runthrough/,37156,2026-08-13T09:00:44+00:00,Zacchaeus: Breakthrough - PM - Runthrough - Christ's Commission Fellowship,375,1,1,1,0,2,2,,
200,sermon,sermon-sitemap2,https://www.ccf.org.ph/message/zacchaeus-breakthrough-pm/,https://www.ccf.org.ph/message/zacchaeus-breakthrough-pm/,https://www.ccf.org.ph/message/zacchaeus-breakthrough-pm/,37130,2025-03-27T01:06:46+00:00,Zacchaeus: Breakthrough - PM - Christ's Commission Fellowship,443,1,1,1,0,2,0,,
200,taxonomy_archive,sermon_category-sitemap,https://www.ccf.org.ph/message-category/a-sure-hope/,https://www.ccf.org.ph/message-category/a-sure-hope/,https://www.ccf.org.ph/message-category/a-sure-hope/,381,2023-12-25T03:14:03+00:00,A Sure Hope Archives - Christ's Commission Fellowship,2846,7,6,0,0,8,0,,
200,taxonomy_archive,sermon_category-sitemap,https://www.ccf.org.ph/message-category/a-true-new-beginning/,https://www.ccf.org.ph/message-category/a-true-new-beginning/,https://www.ccf.org.ph/message-category/a-true-new-beginning/,303,2023-10-28T18:53:28+00:00,A True New Beginning Archives - Christ's Commission Fellowship,686,2,2,0,0,3,0,,
200,taxonomy_archive,sermon_category-sitemap,https://www.ccf.org.ph/message-category/afternoon/,https://www.ccf.org.ph/message-category/afternoon/,https://www.ccf.org.ph/message-category/afternoon/,57,2020-01-21T09:27:37+00:00,Afternoon Archives - Christ's Commission Fellowship,2224,10,10,0,0,24,0,,
200,taxonomy_archive,sermon_category-sitemap,https://www.ccf.org.ph/message-category/against-the-tide/,https://www.ccf.org.ph/message-category/against-the-tide/,https://www.ccf.org.ph/message-category/against-the-tide/,475,2024-10-10T02:54:29+00:00,Against The Tide Archives - Christ's Commission Fellowship,3286,9,9,0,0,10,0,,
200,taxonomy_archive,sermon_category-sitemap,https://www.ccf.org.ph/message-category/alpha-omega/,https://www.ccf.org.ph/message-category/alpha-omega/,https://www.ccf.org.ph/message-category/alpha-omega/,438,2024-04-22T02:11:07+00:00,Alpha & Omega Archives - Christ's Commission Fellowship,1899,6,3,0,0,7,0,,
200,taxonomy_archive,sermon_category-sitemap,https://www.ccf.org.ph/message-category/anew/,https://www.ccf.org.ph/message-category/anew/,https://www.ccf.org.ph/message-category/anew/,231,2021-04-20T05:43:08+00:00,Anew Archives - Christ's Commission Fellowship,993,8,8,0,0,9,0,,
200,taxonomy_archive,sermon_category-sitemap,https://www.ccf.org.ph/message-category/be-rooted/,https://www.ccf.org.ph/message-category/be-rooted/,https://www.ccf.org.ph/message-category/be-rooted/,226,2021-04-20T09:09:09+00:00,Be Rooted Archives - Christ's Commission Fellowship,1231,10,10,0,0,13,0,,
200,taxonomy_archive,sermon_category-sitemap,https://www.ccf.org.ph/message-category/biblical-culture/,https://www.ccf.org.ph/message-category/biblical-culture/,https://www.ccf.org.ph/message-category/biblical-culture/,467,2024-08-21T07:35:02+00:00,Biblical Culture Archives - Christ's Commission Fellowship,2747,8,8,0,0,9,0,,
200,taxonomy_archive,sermon_category-sitemap,https://www.ccf.org.ph/message-category/ccf-38th-anniversary/,https://www.ccf.org.ph/message-category/ccf-38th-anniversary/,https://www.ccf.org.ph/message-category/ccf-38th-anniversary/,341,2023-10-30T09:57:31+00:00,CCF 38th Anniversary Archives - Christ's Commission Fellowship,357,1,1,0,0,2,0,,
200,taxonomy_archive,sermon_category-sitemap,https://www.ccf.org.ph/message-category/ccf-39th-anniversary-celebration/,https://www.ccf.org.ph/message-category/ccf-39th-anniversary-celebration/,https://www.ccf.org.ph/message-category/ccf-39th-anniversary-celebration/,285,2023-11-11T11:11:12+00:00,CCF 39th Anniversary Celebration Archives - Christ's Commission Fellowship,590,1,1,0,0,2,0,,
200,taxonomy_archive,sermon_category-sitemap,https://www.ccf.org.ph/message-category/ccf-40th-anniversary-celebration/,https://www.ccf.org.ph/message-category/ccf-40th-anniversary-celebration/,https://www.ccf.org.ph/message-category/ccf-40th-anniversary-celebration/,472,2024-08-25T15:16:10+00:00,CCF 40th Anniversary Celebration Archives - Christ's Commission Fellowship,422,1,1,0,0,2,0,,
200,taxonomy_archive,sermon_category-sitemap,https://www.ccf.org.ph/message-category/ccf-41st-anniversary-celebration/,https://www.ccf.org.ph/message-category/ccf-41st-anniversary-celebration/,https://www.ccf.org.ph/message-category/ccf-41st-anniversary-celebration/,557,2026-08-13T07:29:02+00:00,CCF 41st Anniversary Celebration Archives - Christ's Commission Fellowship,567,1,1,0,0,2,0,,
200,taxonomy_archive,sermon_category-sitemap,https://www.ccf.org.ph/message-category/changemakers/,https://www.ccf.org.ph/message-category/changemakers/,https://www.ccf.org.ph/message-category/changemakers/,293,2023-10-28T17:46:20+00:00,Changemakers Archives - Christ's Commission Fellowship,3474,10,10,0,0,13,0,,
200,taxonomy_archive,sermon_category-sitemap,https://www.ccf.org.ph/message-category/christ-is-supreme/,https://www.ccf.org.ph/message-category/christ-is-supreme/,https://www.ccf.org.ph/message-category/christ-is-supreme/,116,2018-05-24T07:31:56+00:00,Christ is Supreme Archives - Christ's Commission Fellowship,480,10,7,0,0,14,0,,
200,taxonomy_archive,sermon_category-sitemap,https://www.ccf.org.ph/message-category/christmas-is-brighter-with-christ/,https://www.ccf.org.ph/message-category/christmas-is-brighter-with-christ/,https://www.ccf.org.ph/message-category/christmas-is-brighter-with-christ/,351,2023-10-30T23:52:10+00:00,Christmas Is Brighter With Christ Archives - Christ's Commission Fellowship,159,1,1,0,0,2,0,,
200,taxonomy_archive,sermon_category-sitemap,https://www.ccf.org.ph/message-category/christmas-unwrapped/,https://www.ccf.org.ph/message-category/christmas-unwrapped/,https://www.ccf.org.ph/message-category/christmas-unwrapped/,304,2023-10-28T19:11:00+00:00,Christmas Unwrapped Archives - Christ's Commission Fellowship,1904,6,6,0,0,7,0,,
200,taxonomy_archive,sermon_category-sitemap,https://www.ccf.org.ph/message-category/church-goes/,https://www.ccf.org.ph/message-category/church-goes/,https://www.ccf.org.ph/message-category/church-goes/,611,2026-08-12T04:07:31+00:00,Church Goes Archives - Christ's Commission Fellowship,549,1,1,0,0,2,0,,
200,taxonomy_archive,sermon_category-sitemap,https://www.ccf.org.ph/message-category/election-message/,https://www.ccf.org.ph/message-category/election-message/,https://www.ccf.org.ph/message-category/election-message/,345,2023-10-30T19:04:05+00:00,Election Message Archives - Christ's Commission Fellowship,701,2,2,0,0,3,0,,
200,taxonomy_archive,sermon_category-sitemap,https://www.ccf.org.ph/message-category/end-game/,https://www.ccf.org.ph/message-category/end-game/,https://www.ccf.org.ph/message-category/end-game/,266,2023-10-31T12:21:40+00:00,End Game Archives - Christ's Commission Fellowship,3536,10,10,0,0,14,0,,
200,taxonomy_archive,sermon_category-sitemap,https://www.ccf.org.ph/message-category/extraordinary/,https://www.ccf.org.ph/message-category/extraordinary/,https://www.ccf.org.ph/message-category/extraordinary/,143,2020-01-03T07:18:45+00:00,Extraordinary Archives - Christ's Commission Fellowship,2432,10,7,0,0,13,0,,
200,taxonomy_archive,sermon_category-sitemap,https://www.ccf.org.ph/message-category/eye-witness/,https://www.ccf.org.ph/message-category/eye-witness/,https://www.ccf.org.ph/message-category/eye-witness/,597,2026-08-12T04:14:56+00:00,Eye Witness Archives - Christ's Commission Fellowship,2312,4,4,0,0,5,0,,
200,taxonomy_archive,sermon_category-sitemap,https://www.ccf.org.ph/message-category/fearless/,https://www.ccf.org.ph/message-category/fearless/,https://www.ccf.org.ph/message-category/fearless/,258,2021-06-14T01:12:22+00:00,Fearless Archives - Christ's Commission Fellowship,1229,4,4,0,0,5,0,,
200,taxonomy_archive,sermon_category-sitemap,https://www.ccf.org.ph/message-category/first-love/,https://www.ccf.org.ph/message-category/first-love/,https://www.ccf.org.ph/message-category/first-love/,158,2020-05-13T03:44:20+00:00,First Love Archives - Christ's Commission Fellowship,244,7,5,0,0,8,0,,
200,taxonomy_archive,sermon_category-sitemap,https://www.ccf.org.ph/message-category/first-things-first/,https://www.ccf.org.ph/message-category/first-things-first/,https://www.ccf.org.ph/message-category/first-things-first/,126,2018-09-22T05:44:24+00:00,First Things First Archives - Christ's Commission Fellowship,188,6,3,0,0,7,0,,
200,taxonomy_archive,sermon_category-sitemap,https://www.ccf.org.ph/message-category/fit-for-life/,https://www.ccf.org.ph/message-category/fit-for-life/,https://www.ccf.org.ph/message-category/fit-for-life/,348,2023-10-30T22:56:56+00:00,Fit For Life Archives - Christ's Commission Fellowship,2748,8,8,0,0,9,0,,
200,taxonomy_archive,sermon_category-sitemap,https://www.ccf.org.ph/message-category/gifts-for-the-king-what-should-you-bring/,https://www.ccf.org.ph/message-category/gifts-for-the-king-what-should-you-bring/,https://www.ccf.org.ph/message-category/gifts-for-the-king-what-should-you-bring/,489,2024-12-23T16:27:56+00:00,Gifts For The King: What Should You Bring? Archives - Christ's Commission Fellowship,731,2,2,0,0,3,0,,
200,taxonomy_archive,sermon_category-sitemap,https://www.ccf.org.ph/message-category/god-empowers/,https://www.ccf.org.ph/message-category/god-empowers/,https://www.ccf.org.ph/message-category/god-empowers/,568,2026-08-13T07:16:06+00:00,God Empowers Archives - Christ's Commission Fellowship,5569,10,10,0,0,11,0,,
200,taxonomy_archive,sermon_category-sitemap,https://www.ccf.org.ph/message-category/gods-blueprint-for-your-life/,https://www.ccf.org.ph/message-category/gods-blueprint-for-your-life/,https://www.ccf.org.ph/message-category/gods-blueprint-for-your-life/,397,2024-01-01T09:52:37+00:00,God’s Blueprint For Your Life Archives - Christ's Commission Fellowship,836,2,1,0,0,3,0,,
200,taxonomy_archive,sermon_category-sitemap,https://www.ccf.org.ph/message-category/grow-in-love/,https://www.ccf.org.ph/message-category/grow-in-love/,https://www.ccf.org.ph/message-category/grow-in-love/,45,2016-10-05T08:39:05+00:00,Grow In Love Archives - Christ's Commission Fellowship,250,1,1,0,0,2,0,,
200,taxonomy_archive,sermon_category-sitemap,https://www.ccf.org.ph/message-category/heart-songs/,https://www.ccf.org.ph/message-category/heart-songs/,https://www.ccf.org.ph/message-category/heart-songs/,618,2026-08-11T08:53:16+00:00,Heart Songs Archives - Christ's Commission Fellowship,3386,6,6,0,0,7,0,,
200,taxonomy_archive,sermon_category-sitemap,https://www.ccf.org.ph/message-category/his-mission-my-mission/,https://www.ccf.org.ph/message-category/his-mission-my-mission/,https://www.ccf.org.ph/message-category/his-mission-my-mission/,461,2024-07-27T05:48:20+00:00,His Mission My Mission Archives - Christ's Commission Fellowship,1672,5,5,0,0,6,0,,
200,taxonomy_archive,sermon_category-sitemap,https://www.ccf.org.ph/message-category/hope-has-a-name/,https://www.ccf.org.ph/message-category/hope-has-a-name/,https://www.ccf.org.ph/message-category/hope-has-a-name/,577,2026-08-13T05:58:44+00:00,Hope has a Name Archives - Christ's Commission Fellowship,1164,2,2,0,0,3,0,,
200,taxonomy_archive,sermon_category-sitemap,https://www.ccf.org.ph/message-category/idc-2024-sunday-message/,https://www.ccf.org.ph/message-category/idc-2024-sunday-message/,https://www.ccf.org.ph/message-category/idc-2024-sunday-message/,427,2024-02-01T07:54:52+00:00,IDC 2024 Sunday Message Archives - Christ's Commission Fellowship,1099,3,1,0,0,4,0,,
200,taxonomy_archive,sermon_category-sitemap,https://www.ccf.org.ph/message-category/idc-2025-sunday-message/,https://www.ccf.org.ph/message-category/idc-2025-sunday-message/,https://www.ccf.org.ph/message-category/idc-2025-sunday-message/,509,2025-01-30T04:29:02+00:00,IDC 2025 Sunday Message Archives - Christ's Commission Fellowship,667,2,2,0,0,3,0,,
200,taxonomy_archive,sermon_category-sitemap,https://www.ccf.org.ph/message-category/idc-2026-sunday-message/,https://www.ccf.org.ph/message-category/idc-2026-sunday-message/,https://www.ccf.org.ph/message-category/idc-2026-sunday-message/,592,2026-08-12T04:39:37+00:00,IDC 2026 Sunday Message Archives - Christ's Commission Fellowship,2016,4,4,0,0,5,0,,
200,taxonomy_archive,sermon_category-sitemap,https://www.ccf.org.ph/message-category/idc-special-message/,https://www.ccf.org.ph/message-category/idc-special-message/,https://www.ccf.org.ph/message-category/idc-special-message/,300,2023-10-30T22:34:18+00:00,IDC Special Message Archives - Christ's Commission Fellowship,851,3,2,0,0,4,0,,
200,taxonomy_archive,sermon_category-sitemap,https://www.ccf.org.ph/message-category/its-not-about-you/,https://www.ccf.org.ph/message-category/its-not-about-you/,https://www.ccf.org.ph/message-category/its-not-about-you/,353,2023-10-31T12:16:39+00:00,It's Not About You Archives - Christ's Commission Fellowship,2466,7,6,0,0,8,0,,
200,taxonomy_archive,sermon_category-sitemap,https://www.ccf.org.ph/message-category/jesus-the-expression-of-gods-love/,https://www.ccf.org.ph/message-category/jesus-the-expression-of-gods-love/,https://www.ccf.org.ph/message-category/jesus-the-expression-of-gods-love/,452,2024-07-12T04:46:23+00:00,Jesus: The Expression of God's Love Archives - Christ's Commission Fellowship,3441,10,10,0,0,11,0,,
200,taxonomy_archive,sermon_category-sitemap,https://www.ccf.org.ph/message-category/jesus-unboxed/,https://www.ccf.org.ph/message-category/jesus-unboxed/,https://www.ccf.org.ph/message-category/jesus-unboxed/,56,2017-12-28T06:26:08+00:00,Jesus Unboxed Archives - Christ's Commission Fellowship,3483,10,10,0,0,14,0,,
200,taxonomy_archive,sermon_category-sitemap,https://www.ccf.org.ph/message-category/joy-in-the-crisis/,https://www.ccf.org.ph/message-category/joy-in-the-crisis/,https://www.ccf.org.ph/message-category/joy-in-the-crisis/,165,2021-07-27T06:44:40+00:00,Joy in the Crisis Archives - Christ's Commission Fellowship,568,8,8,0,0,9,0,,
200,taxonomy_archive,sermon_category-sitemap,https://www.ccf.org.ph/message-category/killjoys/,https://www.ccf.org.ph/message-category/killjoys/,https://www.ccf.org.ph/message-category/killjoys/,160,2021-07-27T05:32:21+00:00,Killjoys Archives - Christ's Commission Fellowship,796,10,5,0,0,11,0,,
200,taxonomy_archive,sermon_category-sitemap,https://www.ccf.org.ph/message-category/knowing-god-family-series/,https://www.ccf.org.ph/message-category/knowing-god-family-series/,https://www.ccf.org.ph/message-category/knowing-god-family-series/,560,2026-08-13T07:23:44+00:00,Knowing God: Family Series Archives - Christ's Commission Fellowship,3870,7,7,0,0,8,0,,
200,taxonomy_archive,sermon_category-sitemap,https://www.ccf.org.ph/message-category/knowing-god/,https://www.ccf.org.ph/message-category/knowing-god/,https://www.ccf.org.ph/message-category/knowing-god/,551,2026-08-13T07:34:41+00:00,Knowing God Archives - Christ's Commission Fellowship,3336,6,6,0,0,7,0,,
200,taxonomy_archive,sermon_category-sitemap,https://www.ccf.org.ph/message-category/legit/,https://www.ccf.org.ph/message-category/legit/,https://www.ccf.org.ph/message-category/legit/,129,2019-01-04T06:15:39+00:00,Legit Archives - Christ's Commission Fellowship,1231,10,6,0,0,16,0,,
200,taxonomy_archive,sermon_category-sitemap,https://www.ccf.org.ph/message-category/life-detox/,https://www.ccf.org.ph/message-category/life-detox/,https://www.ccf.org.ph/message-category/life-detox/,352,2023-10-31T11:51:45+00:00,Life Detox Archives - Christ's Commission Fellowship,3411,10,10,0,0,13,0,,
200,taxonomy_archive,sermon_category-sitemap,https://www.ccf.org.ph/message-category/lifegoals/,https://www.ccf.org.ph/message-category/lifegoals/,https://www.ccf.org.ph/message-category/lifegoals/,124,2018-05-24T08:02:06+00:00,#Lifegoals Archives - Christ's Commission Fellowship,323,10,6,0,0,13,0,,
200,taxonomy_archive,sermon_category-sitemap,https://www.ccf.org.ph/message-category/live-in-hope/,https://www.ccf.org.ph/message-category/live-in-hope/,https://www.ccf.org.ph/message-category/live-in-hope/,248,2021-07-16T09:32:54+00:00,Live in Hope Archives - Christ's Commission Fellowship,2667,10,10,0,0,11,0,,
200,taxonomy_archive,sermon_category-sitemap,https://www.ccf.org.ph/message-category/live-wisely/,https://www.ccf.org.ph/message-category/live-wisely/,https://www.ccf.org.ph/message-category/live-wisely/,586,2026-08-13T05:40:25+00:00,Live Wisely Archives - Christ's Commission Fellowship,1169,2,2,0,0,3,0,,
200,taxonomy_archive,sermon_category-sitemap,https://www.ccf.org.ph/message-category/living-in-the-end-times/,https://www.ccf.org.ph/message-category/living-in-the-end-times/,https://www.ccf.org.ph/message-category/living-in-the-end-times/,488,2024-12-20T08:04:09+00:00,Living in the end times Archives - Christ's Commission Fellowship,3523,10,10,0,0,11,0,,
200,taxonomy_archive,sermon_category-sitemap,https://www.ccf.org.ph/message-category/living-the-full-life/,https://www.ccf.org.ph/message-category/living-the-full-life/,https://www.ccf.org.ph/message-category/living-the-full-life/,305,2023-10-28T19:48:39+00:00,Living The Full Life Archives - Christ's Commission Fellowship,3533,10,10,0,0,13,0,,
200,taxonomy_archive,sermon_category-sitemap,https://www.ccf.org.ph/message-category/love-joy/,https://www.ccf.org.ph/message-category/love-joy/,https://www.ccf.org.ph/message-category/love-joy/,516,2026-08-13T09:40:25+00:00,Love & Joy Archives - Christ's Commission Fellowship,3792,10,10,0,0,13,0,,
200,taxonomy_archive,sermon_category-sitemap,https://www.ccf.org.ph/message-category/love-rediscovered/,https://www.ccf.org.ph/message-category/love-rediscovered/,https://www.ccf.org.ph/message-category/love-rediscovered/,431,2024-04-01T01:31:08+00:00,Love: Rediscovered Archives - Christ's Commission Fellowship,3646,10,5,0,0,13,0,,
200,taxonomy_archive,sermon_category-sitemap,https://www.ccf.org.ph/message-category/loving-god/,https://www.ccf.org.ph/message-category/loving-god/,https://www.ccf.org.ph/message-category/loving-god/,443,2024-05-27T07:14:40+00:00,Loving God Archives - Christ's Commission Fellowship,3468,10,5,0,0,11,0,,
200,taxonomy_archive,sermon_category-sitemap,https://www.ccf.org.ph/message-category/make-your-life-count/,https://www.ccf.org.ph/message-category/make-your-life-count/,https://www.ccf.org.ph/message-category/make-your-life-count/,283,2023-11-29T02:08:44+00:00,Make Your Life Count Archives - Christ's Commission Fellowship,4544,10,10,0,0,13,0,,
200,taxonomy_archive,sermon_category-sitemap,https://www.ccf.org.ph/message-category/miscellaneous/,https://www.ccf.org.ph/message-category/miscellaneous/,https://www.ccf.org.ph/message-category/miscellaneous/,80,2018-09-22T06:06:59+00:00,Miscellaneous Archives - Christ's Commission Fellowship,489,10,7,0,0,13,0,,
200,taxonomy_archive,sermon_category-sitemap,https://www.ccf.org.ph/message-category/missions-month-25/,https://www.ccf.org.ph/message-category/missions-month-25/,https://www.ccf.org.ph/message-category/missions-month-25/,545,2026-08-13T07:56:35+00:00,MIssions Month 25 Archives - Christ's Commission Fellowship,4500,8,8,0,0,9,0,,
200,taxonomy_archive,sermon_category-sitemap,https://www.ccf.org.ph/message-category/missions-month-26/,https://www.ccf.org.ph/message-category/missions-month-26/,https://www.ccf.org.ph/message-category/missions-month-26/,624,2026-08-11T04:54:27+00:00,Missions Month 26 Archives - Christ's Commission Fellowship,3976,7,7,0,0,8,0,,
200,taxonomy_archive,sermon_category-sitemap,https://www.ccf.org.ph/message-category/money-good-or-evil/,https://www.ccf.org.ph/message-category/money-good-or-evil/,https://www.ccf.org.ph/message-category/money-good-or-evil/,344,2023-10-30T18:56:51+00:00,Money: Good or Evil? Archives - Christ's Commission Fellowship,3159,10,10,0,0,11,0,,
200,taxonomy_archive,sermon_category-sitemap,https://www.ccf.org.ph/message-category/more-than-a-story/,https://www.ccf.org.ph/message-category/more-than-a-story/,https://www.ccf.org.ph/message-category/more-than-a-story/,606,2026-08-12T04:08:52+00:00,More Than A Story Archives - Christ's Commission Fellowship,1141,2,2,0,0,3,0,,
200,taxonomy_archive,sermon_category-sitemap,https://www.ccf.org.ph/message-category/motivate/,https://www.ccf.org.ph/message-category/motivate/,https://www.ccf.org.ph/message-category/motivate/,212,2021-04-20T08:18:54+00:00,Motivate Archives - Christ's Commission Fellowship,1358,10,10,0,0,13,0,,
200,taxonomy_archive,sermon_category-sitemap,https://www.ccf.org.ph/message-category/move-weekend-2025/,https://www.ccf.org.ph/message-category/move-weekend-2025/,https://www.ccf.org.ph/message-category/move-weekend-2025/,535,2025-07-16T05:19:55+00:00,MOVE Weekend 2025 Archives - Christ's Commission Fellowship,1180,2,2,0,0,3,0,,
200,taxonomy_archive,sermon_category-sitemap,https://www.ccf.org.ph/message-category/new-year-special/,https://www.ccf.org.ph/message-category/new-year-special/,https://www.ccf.org.ph/message-category/new-year-special/,349,2024-12-30T12:35:38+00:00,New Year Special Archives - Christ's Commission Fellowship,1553,4,4,0,0,5,0,,
200,taxonomy_archive,sermon_category-sitemap,https://www.ccf.org.ph/message-category/no-other-gospel-galatians/,https://www.ccf.org.ph/message-category/no-other-gospel-galatians/,https://www.ccf.org.ph/message-category/no-other-gospel-galatians/,574,2026-08-13T06:35:24+00:00,No Other Gospel (Galatians) Archives - Christ's Commission Fellowship,5374,10,10,0,0,13,0,,
200,taxonomy_archive,sermon_category-sitemap,https://www.ccf.org.ph/message-category/no-regrets/,https://www.ccf.org.ph/message-category/no-regrets/,https://www.ccf.org.ph/message-category/no-regrets/,242,2021-04-26T03:25:17+00:00,No Regrets Archives - Christ's Commission Fellowship,1686,10,10,0,0,14,0,,
200,taxonomy_archive,sermon_category-sitemap,https://www.ccf.org.ph/message-category/ordinary-people-extraordinary-god/,https://www.ccf.org.ph/message-category/ordinary-people-extraordinary-god/,https://www.ccf.org.ph/message-category/ordinary-people-extraordinary-god/,635,2026-08-31T04:47:28+00:00,Ordinary People Extraordinary God Archives - Christ's Commission Fellowship,5288,9,9,0,0,10,0,,
200,taxonomy_archive,sermon_category-sitemap,https://www.ccf.org.ph/message-category/profiles-of-prayer/,https://www.ccf.org.ph/message-category/profiles-of-prayer/,https://www.ccf.org.ph/message-category/profiles-of-prayer/,117,2018-05-24T07:34:27+00:00,Profiles of Prayer Archives - Christ's Commission Fellowship,133,2,2,0,0,3,0,,
200,taxonomy_archive,sermon_category-sitemap,https://www.ccf.org.ph/message-category/radical-love/,https://www.ccf.org.ph/message-category/radical-love/,https://www.ccf.org.ph/message-category/radical-love/,83,2017-08-12T06:40:53+00:00,Radical Love Archives - Christ's Commission Fellowship,2276,10,7,0,0,14,0,,
200,taxonomy_archive,sermon_category-sitemap,https://www.ccf.org.ph/message-category/real-faith/,https://www.ccf.org.ph/message-category/real-faith/,https://www.ccf.org.ph/message-category/real-faith/,590,2026-08-12T04:42:28+00:00,Real Faith Archives - Christ's Commission Fellowship,5704,10,9,0,0,13,0,,
200,taxonomy_archive,sermon_category-sitemap,https://www.ccf.org.ph/message-category/real-people-real-impact/,https://www.ccf.org.ph/message-category/real-people-real-impact/,https://www.ccf.org.ph/message-category/real-people-real-impact/,523,2026-08-13T08:51:24+00:00,Real People Real Impact Archives - Christ's Commission Fellowship,3843,10,10,0,0,13,0,,
200,taxonomy_archive,sermon_category-sitemap,https://www.ccf.org.ph/message-category/real-talk-real-walk/,https://www.ccf.org.ph/message-category/real-talk-real-walk/,https://www.ccf.org.ph/message-category/real-talk-real-walk/,503,2026-08-13T09:46:13+00:00,Real Talk Real Walk Archives - Christ's Commission Fellowship,2183,6,6,0,0,7,0,,
200,taxonomy_archive,sermon_category-sitemap,https://www.ccf.org.ph/message-category/resurrection-sunday/,https://www.ccf.org.ph/message-category/resurrection-sunday/,https://www.ccf.org.ph/message-category/resurrection-sunday/,339,2023-10-30T21:00:10+00:00,Resurrection Sunday Archives - Christ's Commission Fellowship,1445,4,4,0,0,5,0,,
200,taxonomy_archive,sermon_category-sitemap,https://www.ccf.org.ph/message-category/runthrough/,https://www.ccf.org.ph/message-category/runthrough/,https://www.ccf.org.ph/message-category/runthrough/,249,2026-09-03T02:03:59+00:00,Runthrough Archives - Christ's Commission Fellowship,5624,10,10,0,0,55,0,,
200,taxonomy_archive,sermon_category-sitemap,https://www.ccf.org.ph/message-category/songs-in-the-night/,https://www.ccf.org.ph/message-category/songs-in-the-night/,https://www.ccf.org.ph/message-category/songs-in-the-night/,174,2021-07-27T06:48:55+00:00,Songs in the Night Archives - Christ's Commission Fellowship,497,5,5,0,0,6,0,,
200,taxonomy_archive,sermon_category-sitemap,https://www.ccf.org.ph/message-category/songs-of-hope/,https://www.ccf.org.ph/message-category/songs-of-hope/,https://www.ccf.org.ph/message-category/songs-of-hope/,178,2021-07-27T06:41:04+00:00,Songs of Hope Archives - Christ's Commission Fellowship,1151,8,8,0,0,9,0,,
200,taxonomy_archive,sermon_category-sitemap,https://www.ccf.org.ph/message-category/songs-of-promise/,https://www.ccf.org.ph/message-category/songs-of-promise/,https://www.ccf.org.ph/message-category/songs-of-promise/,185,2021-07-27T06:35:23+00:00,Songs of Promise Archives - Christ's Commission Fellowship,1218,8,8,0,0,9,0,,
200,taxonomy_archive,sermon_category-sitemap,https://www.ccf.org.ph/message-category/special-message/,https://www.ccf.org.ph/message-category/special-message/,https://www.ccf.org.ph/message-category/special-message/,139,2023-10-31T00:55:54+00:00,Special Message Archives - Christ's Commission Fellowship,2521,10,10,0,0,13,0,,
200,taxonomy_archive,sermon_category-sitemap,https://www.ccf.org.ph/message-category/special-new-year-message-2026/,https://www.ccf.org.ph/message-category/special-new-year-message-2026/,https://www.ccf.org.ph/message-category/special-new-year-message-2026/,581,2026-08-13T05:41:42+00:00,Special New Year Message 2026 Archives - Christ's Commission Fellowship,1158,2,2,0,0,3,0,,
200,taxonomy_archive,sermon_category-sitemap,https://www.ccf.org.ph/message-category/sunday-messages/,https://www.ccf.org.ph/message-category/sunday-messages/,https://www.ccf.org.ph/message-category/sunday-messages/,88,2026-08-31T04:47:28+00:00,Sunday Messages Archives - Christ's Commission Fellowship,6117,10,10,0,0,97,0,,
200,taxonomy_archive,sermon_category-sitemap,https://www.ccf.org.ph/message-category/ten-commandments/,https://www.ccf.org.ph/message-category/ten-commandments/,https://www.ccf.org.ph/message-category/ten-commandments/,616,2026-08-12T04:06:07+00:00,Ten Commandments Archives - Christ's Commission Fellowship,5969,10,10,0,0,13,0,,
200,taxonomy_archive,sermon_category-sitemap,https://www.ccf.org.ph/message-category/the-evidence-of-truth/,https://www.ccf.org.ph/message-category/the-evidence-of-truth/,https://www.ccf.org.ph/message-category/the-evidence-of-truth/,222,2021-04-20T07:55:13+00:00,The Evidence of Truth Archives - Christ's Commission Fellowship,284,2,2,0,0,3,0,,
200,taxonomy_archive,sermon_category-sitemap,https://www.ccf.org.ph/message-category/the-love-series/,https://www.ccf.org.ph/message-category/the-love-series/,https://www.ccf.org.ph/message-category/the-love-series/,236,2021-06-29T06:20:52+00:00,The Love Series Archives - Christ's Commission Fellowship,1361,10,10,0,0,13,0,,
200,taxonomy_archive,sermon_category-sitemap,https://www.ccf.org.ph/message-category/the-minefield/,https://www.ccf.org.ph/message-category/the-minefield/,https://www.ccf.org.ph/message-category/the-minefield/,109,2018-01-12T07:14:53+00:00,The Minefield Archives - Christ's Commission Fellowship,992,10,7,0,0,14,0,,
200,taxonomy_archive,sermon_category-sitemap,https://www.ccf.org.ph/message-category/true-love-wins/,https://www.ccf.org.ph/message-category/true-love-wins/,https://www.ccf.org.ph/message-category/true-love-wins/,347,2023-10-30T22:09:55+00:00,True Love Wins Archives - Christ's Commission Fellowship,3034,10,10,0,0,11,0,,
200,taxonomy_archive,sermon_category-sitemap,https://www.ccf.org.ph/message-category/true-prayer/,https://www.ccf.org.ph/message-category/true-prayer/,https://www.ccf.org.ph/message-category/true-prayer/,540,2026-08-13T08:11:05+00:00,True Prayer Archives - Christ's Commission Fellowship,3329,6,6,0,0,7,0,,
200,taxonomy_archive,sermon_category-sitemap,https://www.ccf.org.ph/message-category/true-worship/,https://www.ccf.org.ph/message-category/true-worship/,https://www.ccf.org.ph/message-category/true-worship/,528,2026-08-13T08:41:05+00:00,True Worship Archives - Christ's Commission Fellowship,5392,10,10,0,0,13,0,,
200,taxonomy_archive,sermon_category-sitemap,https://www.ccf.org.ph/message-category/truth-matters/,https://www.ccf.org.ph/message-category/truth-matters/,https://www.ccf.org.ph/message-category/truth-matters/,134,2019-10-04T06:48:47+00:00,Truth Matters Archives - Christ's Commission Fellowship,1178,10,6,0,0,18,0,,
200,taxonomy_archive,sermon_category-sitemap,https://www.ccf.org.ph/message-category/truth-over-trends/,https://www.ccf.org.ph/message-category/truth-over-trends/,https://www.ccf.org.ph/message-category/truth-over-trends/,483,2024-11-25T04:18:37+00:00,Truth Over Trends Archives - Christ's Commission Fellowship,3312,10,10,0,0,13,0,,
200,taxonomy_archive,sermon_category-sitemap,https://www.ccf.org.ph/message-category/unchanging/,https://www.ccf.org.ph/message-category/unchanging/,https://www.ccf.org.ph/message-category/unchanging/,120,2018-05-24T07:48:13+00:00,Unchanging Archives - Christ's Commission Fellowship,367,10,6,0,0,11,0,,
200,taxonomy_archive,sermon_category-sitemap,https://www.ccf.org.ph/message-category/uncover/,https://www.ccf.org.ph/message-category/uncover/,https://www.ccf.org.ph/message-category/uncover/,350,2023-10-31T00:48:37+00:00,Uncover Archives - Christ's Commission Fellowship,3278,10,8,0,0,13,0,,
200,taxonomy_archive,sermon_category-sitemap,https://www.ccf.org.ph/message-category/unleash-gods-power-pray/,https://www.ccf.org.ph/message-category/unleash-gods-power-pray/,https://www.ccf.org.ph/message-category/unleash-gods-power-pray/,404,2024-02-05T02:06:45+00:00,"Unleash God's Power, Pray! Archives - Christ's Commission Fellowship",3102,8,7,0,0,9,0,,
200,taxonomy_archive,sermon_category-sitemap,https://www.ccf.org.ph/message-category/unstoppable-god-greatest-hope/,https://www.ccf.org.ph/message-category/unstoppable-god-greatest-hope/,https://www.ccf.org.ph/message-category/unstoppable-god-greatest-hope/,195,2021-04-20T09:02:05+00:00,Unstoppable God Greatest Hope Archives - Christ's Commission Fellowship,740,5,5,0,0,6,0,,
200,taxonomy_archive,sermon_category-sitemap,https://www.ccf.org.ph/message-category/victorious-living/,https://www.ccf.org.ph/message-category/victorious-living/,https://www.ccf.org.ph/message-category/victorious-living/,298,2023-10-28T18:47:38+00:00,Victorious Living Archives - Christ's Commission Fellowship,3384,10,10,0,0,13,0,,
200,taxonomy_archive,sermon_category-sitemap,https://www.ccf.org.ph/message-category/wanting-the-one-thing/,https://www.ccf.org.ph/message-category/wanting-the-one-thing/,https://www.ccf.org.ph/message-category/wanting-the-one-thing/,154,2020-01-24T10:21:30+00:00,Wanting the One Thing Archives - Christ's Commission Fellowship,475,4,3,0,0,5,0,,
200,taxonomy_archive,sermon_category-sitemap,https://www.ccf.org.ph/message-category/whats-our-real-problem/,https://www.ccf.org.ph/message-category/whats-our-real-problem/,https://www.ccf.org.ph/message-category/whats-our-real-problem/,343,2023-10-30T17:46:55+00:00,What's Our Real Problem? Archives - Christ's Commission Fellowship,2085,6,6,0,0,7,0,,
200,taxonomy_archive,sermon_category-sitemap,https://www.ccf.org.ph/message-category/whats-the-real-solution/,https://www.ccf.org.ph/message-category/whats-the-real-solution/,https://www.ccf.org.ph/message-category/whats-the-real-solution/,342,2023-10-30T17:26:09+00:00,What's The Real Solution? Archives - Christ's Commission Fellowship,2720,8,8,0,0,9,0,,
200,taxonomy_archive,sermon_category-sitemap,https://www.ccf.org.ph/message-category/whats-wrong-with-the-world/,https://www.ccf.org.ph/message-category/whats-wrong-with-the-world/,https://www.ccf.org.ph/message-category/whats-wrong-with-the-world/,287,2023-11-11T11:18:39+00:00,What's Wrong With The World? Archives - Christ's Commission Fellowship,2752,5,5,0,0,6,0,,
200,taxonomy_archive,sermon_category-sitemap,https://www.ccf.org.ph/message-category/whats-wrong-with-us/,https://www.ccf.org.ph/message-category/whats-wrong-with-us/,https://www.ccf.org.ph/message-category/whats-wrong-with-us/,284,2023-11-11T11:20:18+00:00,What's Wrong With Us? Archives - Christ's Commission Fellowship,5437,10,10,0,0,14,0,,
200,taxonomy_archive,sermon_category-sitemap,https://www.ccf.org.ph/message-category/who-is-in-control/,https://www.ccf.org.ph/message-category/who-is-in-control/,https://www.ccf.org.ph/message-category/who-is-in-control/,338,2023-10-30T07:43:54+00:00,Who Is In Control? Archives - Christ's Commission Fellowship,2722,8,8,0,0,9,0,,
200,taxonomy_archive,sermon_category-sitemap,https://www.ccf.org.ph/message-category/winning-the-war-within/,https://www.ccf.org.ph/message-category/winning-the-war-within/,https://www.ccf.org.ph/message-category/winning-the-war-within/,340,2023-10-30T11:02:31+00:00,Winning The War Within Archives - Christ's Commission Fellowship,3283,10,10,0,0,13,0,,
200,taxonomy_archive,sermon_category-sitemap,https://www.ccf.org.ph/message-category/work-matters/,https://www.ccf.org.ph/message-category/work-matters/,https://www.ccf.org.ph/message-category/work-matters/,346,2023-10-30T21:33:55+00:00,Work Matters Archives - Christ's Commission Fellowship,3170,10,10,0,0,13,0,,
200,taxonomy_archive,sermon_category-sitemap,https://www.ccf.org.ph/message-category/worthit/,https://www.ccf.org.ph/message-category/worthit/,https://www.ccf.org.ph/message-category/worthit/,291,2023-11-11T11:21:56+00:00,#WorthIt Archives - Christ's Commission Fellowship,4363,10,10,0,0,13,0,,
200,taxonomy_archive,sermon_speaker-sitemap,https://www.ccf.org.ph/message-speaker/abe-huber/,https://www.ccf.org.ph/message-speaker/abe-huber/,https://www.ccf.org.ph/message-speaker/abe-huber/,595,2026-08-12T04:36:50+00:00,Abe Huber Archives - Christ's Commission Fellowship,1186,2,2,0,0,3,0,,
200,taxonomy_archive,sermon_speaker-sitemap,https://www.ccf.org.ph/message-speaker/amir-tsarfati/,https://www.ccf.org.ph/message-speaker/amir-tsarfati/,https://www.ccf.org.ph/message-speaker/amir-tsarfati/,85,2017-02-02T13:26:23+00:00,Amir Tsarfati Archives - Christ's Commission Fellowship,165,1,1,0,0,2,0,,
200,taxonomy_archive,sermon_speaker-sitemap,https://www.ccf.org.ph/message-speaker/aumar-aguilar/,https://www.ccf.org.ph/message-speaker/aumar-aguilar/,https://www.ccf.org.ph/message-speaker/aumar-aguilar/,244,2026-08-13T09:02:58+00:00,Aumar Aguilar Archives - Christ's Commission Fellowship,4135,10,10,0,0,14,0,,
200,taxonomy_archive,sermon_speaker-sitemap,https://www.ccf.org.ph/message-speaker/bekele-shanko/,https://www.ccf.org.ph/message-speaker/bekele-shanko/,https://www.ccf.org.ph/message-speaker/bekele-shanko/,548,2026-08-13T07:44:45+00:00,Bekele Shanko Archives - Christ's Commission Fellowship,1147,2,2,0,0,4,0,,
200,taxonomy_archive,sermon_speaker-sitemap,https://www.ccf.org.ph/message-speaker/bong-saquing/,https://www.ccf.org.ph/message-speaker/bong-saquing/,https://www.ccf.org.ph/message-speaker/bong-saquing/,59,2026-08-26T06:00:27+00:00,Bong Saquing Archives - Christ's Commission Fellowship,5956,10,10,0,0,52,0,,
200,taxonomy_archive,sermon_speaker-sitemap,https://www.ccf.org.ph/message-speaker/brad-huddleston/,https://www.ccf.org.ph/message-speaker/brad-huddleston/,https://www.ccf.org.ph/message-speaker/brad-huddleston/,132,2018-10-20T11:52:58+00:00,Brad Huddleston Archives - Christ's Commission Fellowship,105,1,1,0,0,2,0,,
200,taxonomy_archive,sermon_speaker-sitemap,https://www.ccf.org.ph/message-speaker/bruce-wilkinson/,https://www.ccf.org.ph/message-speaker/bruce-wilkinson/,https://www.ccf.org.ph/message-speaker/bruce-wilkinson/,136,2020-01-31T08:46:08+00:00,Bruce Wilkinson Archives - Christ's Commission Fellowship,422,2,2,0,0,3,0,,
200,taxonomy_archive,sermon_speaker-sitemap,https://www.ccf.org.ph/message-speaker/chardon-lewis/,https://www.ccf.org.ph/message-speaker/chardon-lewis/,https://www.ccf.org.ph/message-speaker/chardon-lewis/,536,2026-08-13T08:13:03+00:00,Chardon Lewis Archives - Christ's Commission Fellowship,1201,2,2,0,0,4,0,,
200,taxonomy_archive,sermon_speaker-sitemap,https://www.ccf.org.ph/message-speaker/chip-ingram/,https://www.ccf.org.ph/message-speaker/chip-ingram/,https://www.ccf.org.ph/message-speaker/chip-ingram/,302,2023-10-28T18:35:09+00:00,Chip Ingram Archives - Christ's Commission Fellowship,252,1,1,0,0,2,0,,
200,taxonomy_archive,sermon_speaker-sitemap,https://www.ccf.org.ph/message-speaker/danny-perez/,https://www.ccf.org.ph/message-speaker/danny-perez/,https://www.ccf.org.ph/message-speaker/danny-perez/,137,2023-10-31T12:09:44+00:00,Danny Perez Archives - Christ's Commission Fellowship,1217,3,3,0,0,5,0,,
200,taxonomy_archive,sermon_speaker-sitemap,https://www.ccf.org.ph/message-speaker/danny-urquico/,https://www.ccf.org.ph/message-speaker/danny-urquico/,https://www.ccf.org.ph/message-speaker/danny-urquico/,262,2023-11-04T00:32:40+00:00,Danny Urquico Archives - Christ's Commission Fellowship,1225,4,4,0,0,8,0,,
200,taxonomy_archive,sermon_speaker-sitemap,https://www.ccf.org.ph/message-speaker/david-oginde/,https://www.ccf.org.ph/message-speaker/david-oginde/,https://www.ccf.org.ph/message-speaker/david-oginde/,119,2018-02-28T04:57:30+00:00,David Oginde Archives - Christ's Commission Fellowship,108,1,1,0,0,2,0,,
200,taxonomy_archive,sermon_speaker-sitemap,https://www.ccf.org.ph/message-speaker/dr-harold-sala/,https://www.ccf.org.ph/message-speaker/dr-harold-sala/,https://www.ccf.org.ph/message-speaker/dr-harold-sala/,113,2018-01-11T11:59:35+00:00,Dr. Harold Sala Archives - Christ's Commission Fellowship,136,1,1,0,0,2,0,,
200,taxonomy_archive,sermon_speaker-sitemap,https://www.ccf.org.ph/message-speaker/dr-sameh-maurice/,https://www.ccf.org.ph/message-speaker/dr-sameh-maurice/,https://www.ccf.org.ph/message-speaker/dr-sameh-maurice/,458,2024-07-07T14:30:18+00:00,Dr. Sameh Maurice Archives - Christ's Commission Fellowship,346,1,1,0,0,2,0,,
200,taxonomy_archive,sermon_speaker-sitemap,https://www.ccf.org.ph/message-speaker/edmund-chan/,https://www.ccf.org.ph/message-speaker/edmund-chan/,https://www.ccf.org.ph/message-speaker/edmund-chan/,301,2024-02-01T08:08:39+00:00,Edmund Chan Archives - Christ's Commission Fellowship,1117,3,3,0,0,4,0,,
200,taxonomy_archive,sermon_speaker-sitemap,https://www.ccf.org.ph/message-speaker/edric-mendoza/,https://www.ccf.org.ph/message-speaker/edric-mendoza/,https://www.ccf.org.ph/message-speaker/edric-mendoza/,61,2026-08-13T09:13:59+00:00,Edric Mendoza Archives - Christ's Commission Fellowship,5268,10,10,0,0,16,0,,
200,taxonomy_archive,sermon_speaker-sitemap,https://www.ccf.org.ph/message-speaker/francis-chan/,https://www.ccf.org.ph/message-speaker/francis-chan/,https://www.ccf.org.ph/message-speaker/francis-chan/,135,2019-02-01T03:06:58+00:00,Francis Chan Archives - Christ's Commission Fellowship,339,1,1,0,0,2,0,,
200,taxonomy_archive,sermon_speaker-sitemap,https://www.ccf.org.ph/message-speaker/greg-stier/,https://www.ccf.org.ph/message-speaker/greg-stier/,https://www.ccf.org.ph/message-speaker/greg-stier/,565,2026-08-13T07:25:54+00:00,Greg Stier Archives - Christ's Commission Fellowship,1109,2,2,0,0,3,0,,
200,taxonomy_archive,sermon_speaker-sitemap,https://www.ccf.org.ph/message-speaker/isaiah-huber/,https://www.ccf.org.ph/message-speaker/isaiah-huber/,https://www.ccf.org.ph/message-speaker/isaiah-huber/,537,2026-08-13T08:12:59+00:00,Isaiah Huber Archives - Christ's Commission Fellowship,598,1,1,0,0,2,0,,
200,taxonomy_archive,sermon_speaker-sitemap,https://www.ccf.org.ph/message-speaker/jim-whelchel/,https://www.ccf.org.ph/message-speaker/jim-whelchel/,https://www.ccf.org.ph/message-speaker/jim-whelchel/,82,2026-08-13T07:38:41+00:00,Jim Whelchel Archives - Christ's Commission Fellowship,4800,10,10,0,0,14,0,,
200,taxonomy_archive,sermon_speaker-sitemap,https://www.ccf.org.ph/message-speaker/jimmy-seibert/,https://www.ccf.org.ph/message-speaker/jimmy-seibert/,https://www.ccf.org.ph/message-speaker/jimmy-seibert/,289,2023-11-11T11:18:39+00:00,Jimmy Seibert Archives - Christ's Commission Fellowship,574,1,1,0,0,2,0,,
200,taxonomy_archive,sermon_speaker-sitemap,https://www.ccf.org.ph/message-speaker/joakim-lundqvist/,https://www.ccf.org.ph/message-speaker/joakim-lundqvist/,https://www.ccf.org.ph/message-speaker/joakim-lundqvist/,609,2026-08-12T04:07:36+00:00,Joakim Lundqvist Archives - Christ's Commission Fellowship,1112,2,2,0,0,3,0,,
200,taxonomy_archive,sermon_speaker-sitemap,https://www.ccf.org.ph/message-speaker/joby-soriano/,https://www.ccf.org.ph/message-speaker/joby-soriano/,https://www.ccf.org.ph/message-speaker/joby-soriano/,114,2026-08-13T09:00:41+00:00,Joby Soriano Archives - Christ's Commission Fellowship,3522,10,10,0,0,15,0,,
200,taxonomy_archive,sermon_speaker-sitemap,https://www.ccf.org.ph/message-speaker/jonathan-bradford/,https://www.ccf.org.ph/message-speaker/jonathan-bradford/,https://www.ccf.org.ph/message-speaker/jonathan-bradford/,58,2017-12-28T06:17:33+00:00,Jonathan Bradford Archives - Christ's Commission Fellowship,764,2,2,0,0,3,0,,
200,taxonomy_archive,sermon_speaker-sitemap,https://www.ccf.org.ph/message-speaker/josh-mcdowell/,https://www.ccf.org.ph/message-speaker/josh-mcdowell/,https://www.ccf.org.ph/message-speaker/josh-mcdowell/,118,2018-05-24T07:34:27+00:00,Josh McDowell Archives - Christ's Commission Fellowship,107,1,1,0,0,2,0,,
200,taxonomy_archive,sermon_speaker-sitemap,https://www.ccf.org.ph/message-speaker/jp-masakayan/,https://www.ccf.org.ph/message-speaker/jp-masakayan/,https://www.ccf.org.ph/message-speaker/jp-masakayan/,81,2026-08-13T06:36:30+00:00,JP Masakayan Archives - Christ's Commission Fellowship,4171,8,8,0,0,10,0,,
200,taxonomy_archive,sermon_speaker-sitemap,https://www.ccf.org.ph/message-speaker/julius-rayala/,https://www.ccf.org.ph/message-speaker/julius-rayala/,https://www.ccf.org.ph/message-speaker/julius-rayala/,227,2026-08-13T06:23:29+00:00,Julius Rayala Archives - Christ's Commission Fellowship,4734,10,10,0,0,16,0,,
200,taxonomy_archive,sermon_speaker-sitemap,https://www.ccf.org.ph/message-speaker/kyle-barrington/,https://www.ccf.org.ph/message-speaker/kyle-barrington/,https://www.ccf.org.ph/message-speaker/kyle-barrington/,288,2023-11-11T11:18:17+00:00,Kyle Barrington Archives - Christ's Commission Fellowship,587,1,1,0,0,2,0,,
200,taxonomy_archive,sermon_speaker-sitemap,https://www.ccf.org.ph/message-speaker/leo-mata/,https://www.ccf.org.ph/message-speaker/leo-mata/,https://www.ccf.org.ph/message-speaker/leo-mata/,437,2026-08-13T09:14:02+00:00,Leo Mata Archives - Christ's Commission Fellowship,5307,10,10,0,0,14,0,,
200,taxonomy_archive,sermon_speaker-sitemap,https://www.ccf.org.ph/message-speaker/marty-ocaya/,https://www.ccf.org.ph/message-speaker/marty-ocaya/,https://www.ccf.org.ph/message-speaker/marty-ocaya/,78,2026-08-13T08:51:59+00:00,Marty Ocaya Archives - Christ's Commission Fellowship,5655,10,10,0,0,17,0,,
200,taxonomy_archive,sermon_speaker-sitemap,https://www.ccf.org.ph/message-speaker/michael-ramsden/,https://www.ccf.org.ph/message-speaker/michael-ramsden/,https://www.ccf.org.ph/message-speaker/michael-ramsden/,86,2026-08-13T09:41:50+00:00,Michael Ramsden Archives - Christ's Commission Fellowship,1549,5,5,0,0,8,0,,
200,taxonomy_archive,sermon_speaker-sitemap,https://www.ccf.org.ph/message-speaker/mike-yap/,https://www.ccf.org.ph/message-speaker/mike-yap/,https://www.ccf.org.ph/message-speaker/mike-yap/,140,2024-03-27T08:46:12+00:00,Mike Yap Archives - Christ's Commission Fellowship,2823,8,8,0,0,11,0,,
200,taxonomy_archive,sermon_speaker-sitemap,https://www.ccf.org.ph/message-speaker/neil-smith/,https://www.ccf.org.ph/message-speaker/neil-smith/,https://www.ccf.org.ph/message-speaker/neil-smith/,626,2026-08-11T03:50:29+00:00,Neil Smith Archives - Christ's Commission Fellowship,1374,2,2,0,0,3,0,,
200,taxonomy_archive,sermon_speaker-sitemap,https://www.ccf.org.ph/message-speaker/paul-de-vera/,https://www.ccf.org.ph/message-speaker/paul-de-vera/,https://www.ccf.org.ph/message-speaker/paul-de-vera/,179,2026-09-03T02:03:59+00:00,Paul de Vera Archives - Christ's Commission Fellowship,5814,10,10,0,0,23,0,,
200,taxonomy_archive,sermon_speaker-sitemap,https://www.ccf.org.ph/message-speaker/paul-jeyachandran/,https://www.ccf.org.ph/message-speaker/paul-jeyachandran/,https://www.ccf.org.ph/message-speaker/paul-jeyachandran/,426,2026-08-13T09:41:53+00:00,Paul Jeyachandran Archives - Christ's Commission Fellowship,2802,6,6,0,0,8,0,,
200,taxonomy_archive,sermon_speaker-sitemap,https://www.ccf.org.ph/message-speaker/paul-tanchi/,https://www.ccf.org.ph/message-speaker/paul-tanchi/,https://www.ccf.org.ph/message-speaker/paul-tanchi/,75,2026-08-26T05:57:53+00:00,Paul Tanchi Archives - Christ's Commission Fellowship,5541,10,9,0,0,16,0,,
200,taxonomy_archive,sermon_speaker-sitemap,https://www.ccf.org.ph/message-speaker/peter-tanchi-jr/,https://www.ccf.org.ph/message-speaker/peter-tanchi-jr/,https://www.ccf.org.ph/message-speaker/peter-tanchi-jr/,77,2026-08-13T09:12:07+00:00,Peter Tanchi Jr. Archives - Christ's Commission Fellowship,5174,10,10,0,0,16,0,,
200,taxonomy_archive,sermon_speaker-sitemap,https://www.ccf.org.ph/message-speaker/peter-tanchi/,https://www.ccf.org.ph/message-speaker/peter-tanchi/,https://www.ccf.org.ph/message-speaker/peter-tanchi/,55,2026-09-03T02:01:39+00:00,Peter Tanchi Archives - Christ's Commission Fellowship,5384,10,10,0,0,46,0,,
200,taxonomy_archive,sermon_speaker-sitemap,https://www.ccf.org.ph/message-speaker/philip-lyn/,https://www.ccf.org.ph/message-speaker/philip-lyn/,https://www.ccf.org.ph/message-speaker/philip-lyn/,232,2021-02-23T03:09:30+00:00,Philip Lyn Archives - Christ's Commission Fellowship,130,1,1,0,0,2,0,,
200,taxonomy_archive,sermon_speaker-sitemap,https://www.ccf.org.ph/message-speaker/ravi-zacharias/,https://www.ccf.org.ph/message-speaker/ravi-zacharias/,https://www.ccf.org.ph/message-speaker/ravi-zacharias/,122,2020-01-31T08:36:40+00:00,Ravi Zacharias Archives - Christ's Commission Fellowship,168,2,2,0,0,3,0,,
200,taxonomy_archive,sermon_speaker-sitemap,https://www.ccf.org.ph/message-speaker/ricky-sarthou/,https://www.ccf.org.ph/message-speaker/ricky-sarthou/,https://www.ccf.org.ph/message-speaker/ricky-sarthou/,31,2026-08-13T09:43:18+00:00,Ricky Sarthou Archives - Christ's Commission Fellowship,5703,10,10,0,0,26,0,,
200,taxonomy_archive,sermon_speaker-sitemap,https://www.ccf.org.ph/message-speaker/ryan-escobar/,https://www.ccf.org.ph/message-speaker/ryan-escobar/,https://www.ccf.org.ph/message-speaker/ryan-escobar/,549,2026-08-13T07:42:17+00:00,Ryan Escobar Archives - Christ's Commission Fellowship,3371,6,6,0,0,8,0,,
200,taxonomy_archive,sermon_speaker-sitemap,https://www.ccf.org.ph/message-speaker/sameh-maurice/,https://www.ccf.org.ph/message-speaker/sameh-maurice/,https://www.ccf.org.ph/message-speaker/sameh-maurice/,462,2024-07-10T01:07:08+00:00,Sameh Maurice Archives - Christ's Commission Fellowship,541,1,1,0,0,2,0,,
200,taxonomy_archive,sermon_speaker-sitemap,https://www.ccf.org.ph/message-speaker/sean-mcdowell/,https://www.ccf.org.ph/message-speaker/sean-mcdowell/,https://www.ccf.org.ph/message-speaker/sean-mcdowell/,127,2024-02-01T08:07:37+00:00,Sean McDowell Archives - Christ's Commission Fellowship,1830,5,5,0,0,8,0,,
200,taxonomy_archive,sermon_speaker-sitemap,https://www.ccf.org.ph/message-speaker/tim-elmore/,https://www.ccf.org.ph/message-speaker/tim-elmore/,https://www.ccf.org.ph/message-speaker/tim-elmore/,478,2024-09-29T14:58:52+00:00,Tim Elmore Archives - Christ's Commission Fellowship,884,2,2,0,0,4,0,,
200,taxonomy_archive,sermon_speaker-sitemap,https://www.ccf.org.ph/message-speaker/vince-burke/,https://www.ccf.org.ph/message-speaker/vince-burke/,https://www.ccf.org.ph/message-speaker/vince-burke/,89,2018-01-11T10:11:37+00:00,Vince Burke Archives - Christ's Commission Fellowship,382,2,2,0,0,3,0,,
